CREATE DATABASE QLKH; 

USE QLKH;

CREATE TABLE branch_seq(
	id INT NOT NULL PRIMARY KEY AUTO_INCREMENT
);

CREATE TABLE `branch` (
  `BranchID` varchar(6) NOT NULL,
  `Province` varchar(50) NOT NULL,
  `Address` varchar(100) NOT NULL,
  `PhoneNum` varchar(12) NOT NULL,
  `Email` varchar(64) NOT NULL,
  PRIMARY KEY (`BranchID`),
  UNIQUE KEY `Address_UNIQUE` (`Address`),
  UNIQUE KEY `PhoneNum_UNIQUE` (`PhoneNum`),
  UNIQUE KEY `Email_UNIQUE` (`Email`)
);

DELIMITER $$
CREATE TRIGGER generate_branch_id
BEFORE INSERT ON `branch`
FOR EACH ROW
BEGIN
  INSERT INTO branch_seq VALUES (NULL);
  SET NEW.BranchID = CONCAT('CN', LAST_INSERT_ID());
END$$
DELIMITER ;

CREATE TABLE `image_branch` (
  `BranchID` varchar(6) NOT NULL,
  `Image` varchar(255) NOT NULL,
  PRIMARY KEY (`BranchID`,`Image`),
  CONSTRAINT `FK_branch_image` FOREIGN KEY (`BranchID`) REFERENCES `branch` (`BranchID`) ON UPDATE CASCADE ON DELETE CASCADE
) ;

CREATE TABLE `zone` (
  `BranchID` varchar(6) NOT NULL,
  `ZoneName` varchar(20) NOT NULL,
  PRIMARY KEY (`BranchID`,`ZoneName`),
  CONSTRAINT `FK_branch_zone` FOREIGN KEY (`BranchID`) REFERENCES `branch` (`BranchID`) ON UPDATE CASCADE ON DELETE CASCADE
) ;

CREATE TABLE `room_type` (
  `RoomID` int unsigned NOT NULL AUTO_INCREMENT,
  `RoomName` varchar(45) NOT NULL,
  `Area` int unsigned NOT NULL,
  `NumGuest` int unsigned NOT NULL,
  `Description` TEXT DEFAULT NULL,
  PRIMARY KEY (`RoomID`),
  CONSTRAINT `LimitGuest` CHECK(`NumGuest` BETWEEN 1 AND 10) 
) ;

CREATE TABLE `bed_info` (
  `RoomID` int unsigned NOT NULL,
  `Size` DECIMAL(2,1) NOT NULL,
  `Quantity` int NOT NULL DEFAULT '1',
  PRIMARY KEY (`RoomID`,`Size`),
  CONSTRAINT `FK_roomtype_bed` FOREIGN KEY (`RoomID`) REFERENCES `room_type` (`RoomID`) ON UPDATE CASCADE ON DELETE CASCADE,
  CONSTRAINT `LimitBed` CHECK(`Quantity` BETWEEN 1 AND 10)
) ;

CREATE TABLE `roomtype_branch` (
  `RoomID` int unsigned NOT NULL,
  `BranchID` varchar(6) NOT NULL,
  `RentalPrice` int unsigned NOT NULL,
  PRIMARY KEY (`RoomID`,`BranchID`),
  KEY `BranchID2_idx` (`BranchID`),
  CONSTRAINT `BranchID2` FOREIGN KEY (`BranchID`) REFERENCES `branch` (`BranchID`) ON UPDATE CASCADE ON DELETE CASCADE,
  CONSTRAINT `RoomID2` FOREIGN KEY (`RoomID`) REFERENCES `room_type` (`RoomID`) ON UPDATE CASCADE ON DELETE CASCADE
) ;

CREATE TABLE `room` (
  `BranchID` varchar(6) NOT NULL,
  `RoomNumber` varchar(3) NOT NULL,
  `RoomID` int unsigned NOT NULL,
  `ZoneName` varchar(20) NOT NULL,
  PRIMARY KEY (`BranchID`,`RoomNumber`),
  KEY `ZoneName_idx` (`ZoneName`),
  KEY `RoomID3_idx` (`RoomID`),
  CONSTRAINT `FK_branch_room` FOREIGN KEY (`BranchID`) REFERENCES `zone` (`BranchID`) ON UPDATE CASCADE ON DELETE CASCADE,
  CONSTRAINT `FK_roomtype_room` FOREIGN KEY (`RoomID`) REFERENCES `room_type` (`RoomID`) ON UPDATE CASCADE ON DELETE CASCADE,
  CONSTRAINT `FK_zone_room` FOREIGN KEY (`BranchID`, `ZoneName`) REFERENCES `zone` (`BranchID`, `ZoneName`) ON UPDATE CASCADE ON DELETE CASCADE
) ;


CREATE TABLE `supply_type` (
  `SppID` varchar(6) NOT NULL PRIMARY KEY ,
  `SppName` varchar(50) NOT NULL UNIQUE
) ;

DELIMITER $$
CREATE TRIGGER SppId_check BEFORE INSERT ON `supply_type`
FOR EACH ROW 
BEGIN 
IF (NEW.SppID REGEXP '^VT[0-9]{4}$' ) = 0 THEN 
  SIGNAL SQLSTATE '12345'
     SET MESSAGE_TEXT = 'Wrong Format!!!';
END IF; 
END$$
DELIMITER ;

CREATE TABLE `room_type_supply_type` (
  `SppID` varchar(8) NOT NULL,
  `RoomID` int unsigned NOT NULL,
  `Quantity` int unsigned NOT NULL DEFAULT '1',
  PRIMARY KEY (`SppID`,`RoomID`),
  KEY `RoomID4_idx` (`RoomID`),
  CONSTRAINT `FK_room` FOREIGN KEY (`RoomID`) REFERENCES `room_type` (`RoomID`) ON UPDATE CASCADE ON DELETE CASCADE,
  CONSTRAINT `FK_supply_type` FOREIGN KEY (`SppID`) REFERENCES `supply_type` (`SppID`) ON UPDATE CASCADE ON DELETE CASCADE
) ;

CREATE TABLE `supplies` (
  `BranchID` varchar(6) NOT NULL,
  `SppID` varchar(6) NOT NULL,
  `SupplyIndex` int unsigned NOT NULL,
  `Condition` varchar(45) DEFAULT 'Good',
  `RoomNumber` varchar(3) DEFAULT NULL,
  PRIMARY KEY (`BranchID`,`SupplyIndex`,`SppID`),
  KEY `SppID2_idx` (`SppID`),
  CONSTRAINT `FK_branch_supplies` FOREIGN KEY (`BranchID`) REFERENCES `branch` (`BranchID`) ON UPDATE CASCADE ON DELETE CASCADE,
  CONSTRAINT `BranchID51` FOREIGN KEY (`BranchID`) REFERENCES `room` (`BranchID`) ON UPDATE CASCADE ON DELETE CASCADE,
  CONSTRAINT `FK_room_supplies` FOREIGN KEY (`BranchID`,`RoomNumber`) REFERENCES `room` (`BranchID`,`RoomNumber`) ON UPDATE CASCADE ON DELETE CASCADE,
  CONSTRAINT `FK_supply_type_supplies` FOREIGN KEY (`SppID`) REFERENCES `supply_type` (`SppID`) ON UPDATE CASCADE ON DELETE CASCADE
) ;

CREATE TABLE `supplier` (
  `SupplierID` varchar(8) NOT NULL,
  `SupplierName` varchar(50) NOT NULL,
  `Mail` varchar(45) NOT NULL,
  `Address` varchar(50) NOT NULL,
  PRIMARY KEY (`SupplierID`)
) ;

DELIMITER $$
CREATE TRIGGER SupplierID_check BEFORE INSERT ON `supplier`
FOR EACH ROW 
BEGIN 
IF (NEW.SupplierID REGEXP '^NCC[0-9]{4}$' ) = 0 THEN 
  SIGNAL SQLSTATE '12345'
     SET MESSAGE_TEXT = 'Wrong Format!!!';
END IF; 
END$$
DELIMITER ;

CREATE TABLE `supplying` (
  `SppID` varchar(8) NOT NULL,
  `BranchID` varchar(6) NOT NULL,
  `SupplierID` varchar(8) NOT NULL,
  PRIMARY KEY (`SppID`,`BranchID`),
  KEY `SupplierID_idx` (`SupplierID`),
  KEY `BranchID6_idx` (`BranchID`),
  CONSTRAINT `FK_branch_supplying` FOREIGN KEY (`BranchID`) REFERENCES `branch` (`BranchID`) ON UPDATE CASCADE ON DELETE CASCADE,
  CONSTRAINT `FK_supply_type_supplying` FOREIGN KEY (`SppID`) REFERENCES `supply_type` (`SppID`) ON UPDATE CASCADE ON DELETE CASCADE,
  CONSTRAINT `FK_supplier_supplying` FOREIGN KEY (`SupplierID`) REFERENCES `supplier` (`SupplierID`) ON UPDATE CASCADE ON DELETE CASCADE
) ;

CREATE TABLE `customer` (
  `CustomerID` varchar(10) NOT NULL,
  `CitizenID` varchar(12) NOT NULL,
  `FullName` varchar(45) NOT NULL,
  `Phone` varchar(12) NOT NULL,
  `Email` varchar(45) DEFAULT NULL,
  `Username` varchar(45) DEFAULT NULL,
  `Password` varchar(45) DEFAULT NULL,
  `Point` int unsigned DEFAULT '0',
  `CustomerType` int unsigned DEFAULT '1',
  PRIMARY KEY (`CustomerID`),
  UNIQUE KEY `CitizenID_UNIQUE` (`CitizenID`),
  UNIQUE KEY `Phone_UNIQUE` (`Phone`),
  UNIQUE KEY `Email_UNIQUE` (`Email`),
  UNIQUE KEY `UserName_UNIQUE` (`Username`)
) ;

DELIMITER $$
CREATE TRIGGER CustomerID_check BEFORE INSERT ON `customer`
FOR EACH ROW 
BEGIN 
IF (NEW.CustomerID REGEXP '^KH[0-9]{6}$' ) = 0 THEN 
  SIGNAL SQLSTATE '12345'
     SET MESSAGE_TEXT = 'Wrong Format!!!';
END IF; 
END$$
DELIMITER ;

CREATE TABLE `service_packet` (
  `PackageName` varchar(50) NOT NULL,
  `DayNum` int unsigned NOT NULL,
  `GuestNum` int unsigned NOT NULL,
  `Price` int NOT NULL,
  PRIMARY KEY (`PackageName`),
  CONSTRAINT `LimitDay` CHECK(`DayNum` BETWEEN 1 AND 100),
  CONSTRAINT `LimitGuestPacket` CHECK(`GuestNum` BETWEEN 1 AND 10)
) ;

CREATE TABLE `packet_bill` (
  `CustomerID` varchar(10) NOT NULL,
  `PackageName` varchar(50) NOT NULL,
  `PurchaseDate` datetime NOT NULL,
  `StartDate` datetime NOT NULL,
  `TotalPay` int DEFAULT NULL,
  `RemainDay` int unsigned DEFAULT NULL,
  PRIMARY KEY (`CustomerID`,`PackageName`,`PurchaseDate`),
  KEY `PName1_idx` (`PackageName`),
  CONSTRAINT `FK_customer_bill` FOREIGN KEY (`CustomerID`) REFERENCES `customer` (`CustomerID`) ON UPDATE CASCADE ON DELETE CASCADE,
  CONSTRAINT `FK_packet_bill` FOREIGN KEY (`PackageName`) REFERENCES `service_packet` (`PackageName`) ON UPDATE CASCADE ON DELETE CASCADE,
  CONSTRAINT `CheckDate` CHECK(StartDate > PurchaseDate)
) ;


CREATE TABLE `booking` (
  `BookingID` varchar(20) NOT NULL,
  `BookingDate` datetime NOT NULL,
  `GuestNum` int unsigned NOT NULL,
  `CheckIn` datetime NOT NULL,
  `CheckOut` datetime NOT NULL,
  `Status` int unsigned NOT NULL DEFAULT '0',
  `TotalPay` int unsigned NOT NULL DEFAULT '0',
  `CustomerID` varchar(10) NOT NULL,
  `PackageName` varchar(45) DEFAULT NULL,
  PRIMARY KEY (`BookingID`),
  KEY `CusID3_idx` (`CustomerID`),
  KEY `PName_idx` (`PackageName`),
  CONSTRAINT `FK_customer_booking` FOREIGN KEY (`CustomerID`) REFERENCES `customer` (`CustomerID`) ON UPDATE CASCADE ON DELETE CASCADE,
  CONSTRAINT `FK_package_booking` FOREIGN KEY (`PackageName`) REFERENCES `service_packet` (`PackageName`) ON UPDATE CASCADE ON DELETE CASCADE,
  CONSTRAINT `CheckDate2` CHECK(CheckIn > BookingDate),
  CONSTRAINT `CheckDate3` CHECK(CheckOut > CheckIn)
) ;

CREATE TABLE booking_seq(
	id INT NOT NULL PRIMARY KEY AUTO_INCREMENT
);

DELIMITER $$

CREATE TRIGGER generate_booking_id
BEFORE INSERT ON `booking`
FOR EACH ROW
BEGIN
  INSERT INTO booking_seq VALUES (NULL);
  SET NEW.BookingID = CONCAT('DP', DATE_FORMAT(CAST(NEW.BookingDate as DATE),'%d%m%Y'), LPAD(LAST_INSERT_ID(), 6, '0'));
END$$
DELIMITER ;



CREATE TABLE `booking_room` (
  `BookingID` varchar(20) NOT NULL,
  `BranchID` varchar(6) NOT NULL,
  `RoomNumber` varchar(3) NOT NULL,
  PRIMARY KEY (`BookingID`,`BranchID`,`RoomNumber`),
  KEY `BranchID_idx` (`BranchID`),
  CONSTRAINT `BookingID` FOREIGN KEY (`BookingID`) REFERENCES `booking` (`BookingID`) ON UPDATE CASCADE ON DELETE CASCADE,
  CONSTRAINT `BranchID7` FOREIGN KEY (`BranchID`,`RoomNumber`) REFERENCES `room` (`BranchID`,`RoomNumber`) ON UPDATE CASCADE ON DELETE CASCADE
) ;

CREATE TABLE `booking_bill` (
  `BillID` varchar(20) NOT NULL,
  `CheckIn` TIME NOT NULL,
  `CheckOut` TIME NOT NULL,
  `BookingID` varchar(20) NOT NULL,
  PRIMARY KEY (`BillID`),
  KEY `BookingID_idx` (`BookingID`),
  CONSTRAINT `BookingID2` FOREIGN KEY (`BookingID`) REFERENCES `booking` (`BookingID`) ON UPDATE CASCADE ON DELETE CASCADE
) ;

CREATE TABLE booking_bill_seq(
	id INT NOT NULL PRIMARY KEY AUTO_INCREMENT
);

DELIMITER $$
CREATE TRIGGER generate_booking_bill_id
BEFORE INSERT ON `booking_bill`
FOR EACH ROW
BEGIN
  INSERT INTO booking_bill_seq VALUES (NULL);
  SET NEW.BillID = CONCAT('HD', DATE_FORMAT(CAST(NOW() as DATE),'%d%m%Y'), LPAD(LAST_INSERT_ID(), 6, '0'));
END$$
DELIMITER ;

CREATE TABLE `enterprise` (
  `EnterpriseID` varchar(8) NOT NULL,
  `EnterpriseName` varchar(45) NOT NULL,
  PRIMARY KEY (`EnterpriseID`)
) ;

DELIMITER $$
CREATE TRIGGER EnterpriseID_check BEFORE INSERT ON `enterprise`
FOR EACH ROW 
BEGIN 
IF (NEW.EnterpriseID REGEXP '^DN[0-9]{4}$' ) = 0 THEN 
  SIGNAL SQLSTATE '12345'
     SET MESSAGE_TEXT = 'Wrong Format!!!';
END IF; 
END$$
DELIMITER ;

CREATE TABLE `service` (
  `ServiceID` varchar(8) NOT NULL,
  `ServiceType` varchar(1) NOT NULL,
  `GuestNum` int unsigned DEFAULT '0',
  `Style` varchar(45) DEFAULT NULL,
  `EnterpriseID` varchar(10) NOT NULL,
  PRIMARY KEY (`ServiceID`),
  CONSTRAINT `FK_enterprise_service` FOREIGN KEY (`EnterpriseID`) REFERENCES `enterprise` (`EnterpriseID`) ON UPDATE CASCADE ON DELETE CASCADE
) ;

DELIMITER $$
CREATE TRIGGER ServiceID_check BEFORE INSERT ON `service`
FOR EACH ROW 
BEGIN 
IF (NEW.ServiceID REGEXP '^DV[RSCMB][0-9]{3}$' ) = 0 THEN 
  SIGNAL SQLSTATE '12345'
	 SET MESSAGE_TEXT = 'Wrong Format!!!';
END IF; 
IF (SUBSTR(NEW.ServiceID,3,1) <> NEW.ServiceType) THEN
  SIGNAL SQLSTATE '12345'
	 SET MESSAGE_TEXT = 'Wrong ServiceType!!!';
END IF; 
END$$
DELIMITER ;

CREATE TABLE `spa_service` (
  `ServiceID` varchar(10) NOT NULL,
  `ProvidedService` varchar(50) NOT NULL,
  PRIMARY KEY (`ServiceID`,`ProvidedService`),
  CONSTRAINT `FK_service_spa` FOREIGN KEY (`ServiceID`) REFERENCES `service` (`ServiceID`) ON UPDATE CASCADE ON DELETE CASCADE
) ;

DELIMITER $$
CREATE TRIGGER Spa_ServiceID_check BEFORE INSERT ON `spa_service`
FOR EACH ROW 
BEGIN 
IF (NEW.ServiceID REGEXP '^DV[RSCMB][0-9]{3}$' ) = 0 THEN 
  SIGNAL SQLSTATE '12345'
	 SET MESSAGE_TEXT = 'Wrong Format!!!';
END IF; 
IF (SUBSTR(NEW.ServiceID,3,1) <> 'S') THEN
  SIGNAL SQLSTATE '12345'
	 SET MESSAGE_TEXT = 'Wrong ServiceType!!!';
END IF; 
END$$
DELIMITER ;

CREATE TABLE `souvenir_category` (
  `ServiceID` varchar(10) NOT NULL,
  `Category` varchar(20) NOT NULL,
  PRIMARY KEY (`ServiceID`, `Category`),
  CONSTRAINT `svID2` FOREIGN KEY (`ServiceID`) REFERENCES `service` (`ServiceID`) ON UPDATE CASCADE ON DELETE CASCADE
) ;

DELIMITER $$
CREATE TRIGGER Souvenir_ServiceID_check1 BEFORE INSERT ON `souvenir_category`
FOR EACH ROW 
BEGIN 
IF (NEW.ServiceID REGEXP '^DV[RSCMB][0-9]{3}$' ) = 0 THEN 
  SIGNAL SQLSTATE '12345'
	 SET MESSAGE_TEXT = 'Wrong Format!!!';
END IF; 
IF (SUBSTR(NEW.ServiceID,3,1) <> 'M') THEN
  SIGNAL SQLSTATE '12345'
	 SET MESSAGE_TEXT = 'Wrong ServiceType!!!';
END IF; 
END$$
DELIMITER ;

CREATE TABLE `souvenir_brand` (
  `ServiceID` varchar(10) NOT NULL,
  `Brand` varchar(45) NOT NULL,
  PRIMARY KEY (`ServiceID`, `Brand`),
  CONSTRAINT `svID3` FOREIGN KEY (`ServiceID`) REFERENCES `service` (`ServiceID`) ON UPDATE CASCADE ON DELETE CASCADE
) ; 

DELIMITER $$
CREATE TRIGGER Souvenir_ServiceID_check2 BEFORE INSERT ON `souvenir_brand`
FOR EACH ROW 
BEGIN 
IF (NEW.ServiceID REGEXP '^DV[RSCMB][0-9]{3}$' ) = 0 THEN 
  SIGNAL SQLSTATE '12345'
	 SET MESSAGE_TEXT = 'Wrong Format!!!';
END IF; 
IF (SUBSTR(NEW.ServiceID,3,1) <> 'M') THEN
  SIGNAL SQLSTATE '12345'
	 SET MESSAGE_TEXT = 'Wrong ServiceType!!!';
END IF; 
END$$
DELIMITER ;

CREATE TABLE `block` (
  `BranchID` varchar(6) NOT NULL,
  `BlockID` int unsigned NOT NULL DEFAULT '1',
  `Length` float NOT NULL,
  `Width` float NOT NULL,
  `RentalPrice` int unsigned NOT NULL,
  `Description` text,
  `ServiceID` varchar(10) DEFAULT NULL,
  `StoreName` varchar(50) DEFAULT NULL,
  `Logo` varchar(45) DEFAULT NULL,
  PRIMARY KEY (`BranchID`,`BlockID`),
  KEY `svID4_idx` (`ServiceID`),
  CONSTRAINT `FK_branch_block` FOREIGN KEY (`BranchID`) REFERENCES `branch` (`BranchID`) ON UPDATE CASCADE ON DELETE CASCADE,
  CONSTRAINT `svID4` FOREIGN KEY (`ServiceID`) REFERENCES `service` (`ServiceID`) ON UPDATE CASCADE ON DELETE CASCADE,
  CONSTRAINT `CheckBlockID` CHECK(`BlockID` BETWEEN 1 AND 50)
) ;

CREATE TABLE `store_image` (
  `BranchID` varchar(6) NOT NULL,
  `BlockID` int unsigned NOT NULL DEFAULT '1',
  `Image` varchar(60) NOT NULL,
  PRIMARY KEY (`BranchID`,`BlockID`,`Image`),
  KEY `BlockID_idx` (`BlockID`),
  CONSTRAINT `BlockID2` FOREIGN KEY (`BranchID`,`BlockID`) REFERENCES `block` (`BranchID`,`BlockID`) ON UPDATE CASCADE ON DELETE CASCADE
) ;

CREATE TABLE `active_time` (
  `BranchID` varchar(6) NOT NULL,
  `BlockID` int unsigned NOT NULL DEFAULT '1',
  `openTime` TIME NOT NULL,
  `closeTime` TIME NOT NULL,
  PRIMARY KEY (`BranchID`,`BlockID`,`openTime`),
  KEY `BlockID_idx` (`BlockID`),
  CONSTRAINT `BlockID3` FOREIGN KEY (`BranchID`,`BlockID`) REFERENCES `block` (`BranchID`,`BlockID`) ON UPDATE CASCADE ON DELETE CASCADE
) ;

DELIMITER // 
DROP PROCEDURE IF EXISTS GoiDichVu //
CREATE PROCEDURE GoiDichVu
(
	in customer_id varchar(10)
)
BEGIN

	SELECT packet_bill.PackageName AS Package_Name,
			service_packet.GuestNum AS Number_Of_Guest,
            packet_bill.StartDate AS Start_Date,
            (packet_bill.StartDate + INTERVAL 1 YEAR) AS Expire_Date,
            packet_bill.RemainDay AS Remaining_Day
	FROM packet_bill INNER JOIN service_packet
    ON  packet_bill.PackageName = service_packet.PackageName
	WHERE packet_bill.CustomerID = customer_id
    HAVING Expire_Date > NOW();
	
END; // 
DELIMITER ;

DELIMITER // 
CREATE PROCEDURE ThongKeLuotKhach
(
	in branch_id varchar(6),
    in chosen_year int unsigned
)
BEGIN

	DROP TABLE IF EXISTS tmp;
    DROP TABLE IF EXISTS all_months;
    
    CREATE TABLE all_months (
		month_num INT
	);

	INSERT INTO all_months VALUES (1),(2),(3),(4),(5),(6),(7),(8),(9),(10),(11),(12);
    
	CREATE TEMPORARY TABLE tmp AS
		SELECT booking.* 
        FROM booking INNER JOIN booking_room 
        ON booking.BookingID = booking_room.BookingID
        AND booking_room.BranchID = branch_id AND booking.status = 1 AND YEAR(booking.CheckIn) = chosen_year;
    
    SELECT 
	  all_months.month_num AS Month, 
	  CASE 
		WHEN temp.total_guest is NULL THEN 0 
		ELSE temp.total_guest
	  END AS total_guest
	FROM (
		SELECT DATE_FORMAT(CheckIn, '%m') AS review_month, SUM(GuestNum) AS total_guest
		FROM tmp
		GROUP BY DATE_FORMAT(CheckIn, '%m')
	 ) as temp
	RIGHT JOIN all_months ON all_months.month_num=temp.review_month
	ORDER BY all_months.month_num ASC;
    
    DROP TABLE IF EXISTS all_months;
    DROP TABLE IF EXISTS tmp;
END; // 
DELIMITER ;

DELIMITER $$
CREATE TRIGGER check_packet_bill BEFORE INSERT ON `packet_bill`
FOR EACH ROW 
BEGIN 
	DECLARE current_package INT;
    
	SELECT COUNT(*) INTO current_package
    FROM 
    (	SELECT * FROM packet_bill 
		WHERE NEW.CustomerID = packet_bill.CustomerID 
			  AND NEW.PackageName = packet_bill.PackageName
              AND NEW.StartDate < (packet_bill.StartDate + INTERVAL 1 YEAR)
    ) AS tmp;
    IF (current_package <> 0) THEN
		SIGNAL SQLSTATE '12345'
			SET MESSAGE_TEXT = 'Cannot buy the same package when package is not expire';
    END IF;
END$$
DELIMITER ;

DELIMITER $$
CREATE TRIGGER calculate_packet_bill BEFORE INSERT ON `packet_bill`
FOR EACH ROW FOLLOWS check_packet_bill
BEGIN 
	DECLARE customer_type INT ;
    DECLARE total_day INT;
	SET customer_type = (SELECT CustomerType FROM customer 
						WHERE customer.CustomerID = NEW.CustomerID);
	
    SET total_day = (SELECT DayNum FROM service_packet 
					WHERE service_packet.PackageName = NEW.PackageName);
                    
	IF (customer_type = 3) THEN
		SET total_day = total_day + 1;
	END IF ;
    
	IF (customer_type = 4) THEN
		SET total_day = total_day + 2;
	END IF;
    
    SET NEW.RemainDay = total_day;
END$$
DELIMITER ;

DELIMITER $$
CREATE TRIGGER calculate_booking_price BEFORE INSERT ON `booking`
FOR EACH ROW FOLLOWS generate_booking_id
BEGIN
	DECLARE customer_type INT ;
    DECLARE total_price INT;
    DECLARE appliedPackage INT;
    DECLARE package_name VARCHAR(45);
	SET customer_type = (SELECT CustomerType FROM customer 
						WHERE customer.CustomerID = NEW.CustomerID);
	SET total_price = NEW.TotalPay;
    SET appliedPackage = 0;
    
    IF NOT(NEW.PackageName IS NULL OR NEW.PackageName = '') THEN   -- if package is applied
		SELECT COUNT(*) INTO appliedPackage  
        FROM 
			(SELECT  packet_bill.PackageName AS Package_Name,
					service_packet.GuestNum AS Number_Of_Guest,
					packet_bill.StartDate AS Start_Date,
					(packet_bill.StartDate + INTERVAL 1 YEAR) AS Expire_Date,
					packet_bill.RemainDay AS Remaining_Day
			FROM packet_bill INNER JOIN service_packet
			ON  packet_bill.PackageName = service_packet.PackageName
			WHERE packet_bill.CustomerID = NEW.CustomerID 
				  AND NEW.BookingDate >= packet_bill.StartDate 
                  AND NEW.PackageName = packet_bill.PackageName
                  AND NEW.GuestNum <= service_packet.GuestNum         -- check if number of guest is valid
                  AND (packet_bill.RemainDay) >= TIMESTAMPDIFF(DAY, NEW.CheckIn, NEW.CheckOut) -- check if remaining day of a packet is valid
			HAVING Expire_Date > NEW.BookingDate) AS tmp;  -- check if packet is expired 
		IF (appliedPackage <> 0) THEN                     -- if exist a valid package
			SET NEW.Status = 1;
			SET NEW.TotalPay = 0;
            UPDATE packet_bill
			SET packet_bill.RemainDay = packet_bill.RemainDay - TIMESTAMPDIFF(DAY, NEW.CheckIn, NEW.CheckOut) -- subtract using day from packet
            WHERE CustomerID = NEW.CustomerID AND PackageName = NEW.PackageName 
				  AND (packet_bill.StartDate + INTERVAL 1 YEAR) > NEW.BookingDate ;
		ELSE
			SIGNAL SQLSTATE '12345'
				SET MESSAGE_TEXT = 'Cannot applied package';
		END IF ;
	ELSE                                                 -- if package is not applied
		SELECT CustomerType INTO customer_type 
        FROM customer 
        WHERE CustomerID = NEW.CustomerID;
        IF(customer_type = 2) THEN
			SET NEW.TotalPay = total_price * 0.9 ;
		END IF;
		IF(customer_type = 3) THEN
			SET NEW.TotalPay = total_price * 0.85 ;
		END IF;
        IF(customer_type = 4) THEN
			SET NEW.TotalPay = total_price * 0.8 ;
		END IF;
	END IF;
END$$
DELIMITER ;



DELIMITER $$
CREATE TRIGGER update_point_packet_bill AFTER INSERT ON `packet_bill`
FOR EACH ROW 
BEGIN 
	DECLARE new_point INT;
    SET new_point = floor(NEW.TotalPay/1000); -- calculate point
    
    UPDATE customer
    SET Point = Point + new_point -- update customer's point
    WHERE CustomerID = NEW.CustomerID;
END$$
DELIMITER ;

DELIMITER $$
CREATE TRIGGER update_point_booking AFTER INSERT ON `booking`
FOR EACH ROW 
BEGIN 
	DECLARE new_point INT;
	IF (NEW.Status = 1) THEN -- check status
		
		SET new_point = floor(NEW.TotalPay/1000); -- calculate point
		 
		UPDATE customer
		SET Point = Point + new_point -- update customer's point
		WHERE CustomerID = NEW.CustomerID;
	END IF;
END$$
DELIMITER ;

DELIMITER $$
CREATE TRIGGER update_point_bookingv2 AFTER UPDATE ON `booking`
FOR EACH ROW 
BEGIN 
	DECLARE new_point INT;
	IF (NEW.Status <> OLD.Status AND NEW.Status = 1) THEN 
		
		SET new_point = floor(NEW.TotalPay/1000);
		
		UPDATE customer
		SET Point = Point + new_point
		WHERE CustomerID = NEW.CustomerID;
	END IF;
END$$
DELIMITER ;

DELIMITER $$
CREATE TRIGGER update_customer_type BEFORE UPDATE ON `customer`
FOR EACH ROW 
BEGIN 
	IF (NEW.Point <> OLD.Point) THEN
		IF (NEW.Point < 50 ) THEN
			SET NEW.CustomerType = 1;
		ELSEIF (NEW.Point < 100) THEN
			SET NEW.CustomerType = 2;
		ELSEIF (NEW.Point < 1000) THEN
			SET NEW.CustomerType = 3;
		ELSE
			SET NEW.CustomerType = 4;
		END IF;
    END IF;
END$$
DELIMITER ;






-- 1. add Branch
INSERT INTO `branch` (`Province`, `Address`, `PhoneNum`, `Email`) VALUES
('Phan Thiet', '504/58C Kinh Duong Vuong, Phu Nhuan ward, district 10', '0010000001', 'phanthiet@gmail.com'),
('Vung Tau', '94 bis Ly Chieu Hoang, ward 10, district 6', '0010000002', 'vungtau@gmail.com'),
('Nha Trang', '235 Nguyen Van Cu, ward 4, district 5', '0010000003', 'nhatrang@gmail.com'),
('Da Nang', '268 Ly Thuong Kiet, ward 14, district 10', '0010000004', 'danang@gmail.com');

-- 2. add Branch image
INSERT INTO `image_branch` (`BranchID`, `Image`) VALUES
('CN1', 'https://elitetour.com.vn/files/images/Blogs/victoria-phan-thiet.jpg'),
('CN2', 'https://cdn.vntrip.vn/cam-nang/wp-content/uploads/2017/03/Long-Cung-la-mot-resort-nam-gan-canh-bien.jpeg'),
('CN3', 'https://statics.vinpearl.com/styles/images_1600_x_900/public/2021_11/VPRTNT_12_1636042108.jpg.webp?itok=SW5KmLt7'),
('CN4', 'https://cdn3.ivivu.com/2017/10/InterContinental-Danang-Sun-Peninsula-Resort-ivivu-3.png');

-- 3. add Zone
INSERT INTO `zone` (`BranchID`, `ZoneName`) VALUES
('CN1', 'Zone A'),
('CN1', 'Zone B'),
('CN1', 'Zone C'),
('CN1', 'Zone D'),
('CN2', 'Zone A'),
('CN2', 'Zone B'),
('CN2', 'Zone C'),
('CN2', 'Zone D'),
('CN3', 'Zone A'),
('CN3', 'Zone B'),
('CN3', 'Zone C'),
('CN3', 'Zone D'),
('CN4', 'Zone A'),
('CN4', 'Zone B'),
('CN4', 'Zone C'),
('CN4', 'Zone D');

-- 4. add room type
INSERT INTO `room_type` (`RoomName`, `Area`, `NumGuest`, `Description`) VALUES
('Single', '30', '1', 'room for 1 guest'),
('Double', '40', '2', 'room for 2 guests'),
('Triple', '50', '3', 'room for 3 guests'),
('Quad', '60', '4', 'room for 4 guests');

-- 5. add bed info type
INSERT INTO `bed_info` (`RoomID`, `Size`, `Quantity`) VALUES
('1', '1.5', '1'),
('2', '2.0', '1'),
('3', '1.5', '1'),
('3', '2.0', '1'),
('4', '2.0', '2');

-- 6. add room type - branch
INSERT INTO `roomtype_branch` (`RoomID`, `BranchID`, `RentalPrice`) VALUES
('1', 'CN1', '1000'),
('2', 'CN1', '1200'),
('3', 'CN1', '1300'),
('4', 'CN1', '1400'),
('1', 'CN2', '1000'),
('2', 'CN2', '1200'),
('3', 'CN2', '1300'),
('4', 'CN2', '1400'),
('1', 'CN3', '1000'),
('2', 'CN3', '1200'),
('3', 'CN3', '1300'),
('4', 'CN3', '1400'),
('1', 'CN4', '1000'),
('2', 'CN4', '1200'),
('3', 'CN4', '1300'),
('4', 'CN4', '1400');

-- 7. add room
INSERT INTO `room` (`BranchID`, `RoomNumber`, `RoomID`, `ZoneName`) VALUES
('CN1', '101', '1', 'Zone A'),
('CN1', '102', '2', 'Zone A'),
('CN1', '103', '3', 'Zone A'),
('CN1', '104', '4', 'Zone A'),
('CN1', '105', '1', 'Zone B'),
('CN1', '106', '2', 'Zone B'),
('CN1', '107', '3', 'Zone B'),
('CN1', '108', '4', 'Zone B'),
('CN1', '109', '1', 'Zone C'),
('CN1', '110', '2', 'Zone C'),
('CN1', '111', '3', 'Zone C'),
('CN1', '112', '4', 'Zone C'),
('CN1', '113', '1', 'Zone D'),
('CN1', '114', '2', 'Zone D'),
('CN1', '115', '3', 'Zone D'),
('CN1', '116', '4', 'Zone D'),
('CN2', '101', '1', 'Zone A'),
('CN2', '102', '2', 'Zone A'),
('CN2', '103', '3', 'Zone A'),
('CN2', '104', '4', 'Zone A'),
('CN2', '105', '1', 'Zone B'),
('CN2', '106', '2', 'Zone B'),
('CN2', '107', '3', 'Zone B'),
('CN2', '108', '4', 'Zone B'),
('CN2', '109', '1', 'Zone C'),
('CN2', '110', '2', 'Zone C'),
('CN2', '111', '3', 'Zone C'),
('CN2', '112', '4', 'Zone C'),
('CN2', '113', '1', 'Zone D'),
('CN2', '114', '2', 'Zone D'),
('CN2', '115', '3', 'Zone D'),
('CN2', '116', '4', 'Zone D'),
('CN3', '101', '1', 'Zone A'),
('CN3', '102', '2', 'Zone A'),
('CN3', '103', '3', 'Zone A'),
('CN3', '104', '4', 'Zone A'),
('CN3', '105', '1', 'Zone B'),
('CN3', '106', '2', 'Zone B'),
('CN3', '107', '3', 'Zone B'),
('CN3', '108', '4', 'Zone B'),
('CN3', '109', '1', 'Zone C'),
('CN3', '110', '2', 'Zone C'),
('CN3', '111', '3', 'Zone C'),
('CN3', '112', '4', 'Zone C'),
('CN3', '113', '1', 'Zone D'),
('CN3', '114', '2', 'Zone D'),
('CN3', '115', '3', 'Zone D'),
('CN3', '116', '4', 'Zone D'),
('CN4', '101', '1', 'Zone A'),
('CN4', '102', '2', 'Zone A'),
('CN4', '103', '3', 'Zone A'),
('CN4', '104', '4', 'Zone A'),
('CN4', '105', '1', 'Zone B'),
('CN4', '106', '2', 'Zone B'),
('CN4', '107', '3', 'Zone B'),
('CN4', '108', '4', 'Zone B'),
('CN4', '109', '1', 'Zone C'),
('CN4', '110', '2', 'Zone C'),
('CN4', '111', '3', 'Zone C'),
('CN4', '112', '4', 'Zone C'),
('CN4', '113', '1', 'Zone D'),
('CN4', '114', '2', 'Zone D'),
('CN4', '115', '3', 'Zone D'),
('CN4', '116', '4', 'Zone D');

-- 8. Insert supply type
INSERT INTO `supply_type` (`SppID`, `SppName`) VALUES
('VT0001', 'Chair'),
('VT0002', 'Desk'),
('VT0003', 'Lamp'),
('VT0004', 'Television'),
('VT0005', 'Mirror'),
('VT0006', 'Cabinet'),
('VT0007', 'Wardrobe'),
('VT0008', 'Clock');

-- 9. Insert room supp
INSERT INTO `room_type_supply_type` (`SppID`, `RoomID`, `Quantity`) VALUES
('VT0001', '1', '1'),
('VT0002', '1', '1'),
('VT0003', '1', '1'),
('VT0004', '1', '1'),
('VT0005', '1', '1'),
('VT0006', '1', '1'),
('VT0007', '1', '1'),
('VT0008', '1', '1'),
('VT0001', '2', '1'),
('VT0002', '2', '1'),
('VT0003', '2', '1'),
('VT0004', '2', '1'),
('VT0005', '2', '1'),
('VT0006', '2', '1'),
('VT0007', '2', '1'),
('VT0008', '2', '1'),
('VT0001', '3', '1'),
('VT0002', '3', '1'),
('VT0003', '3', '1'),
('VT0004', '3', '1'),
('VT0005', '3', '1'),
('VT0006', '3', '1'),
('VT0007', '3', '1'),
('VT0008', '3', '1'),
('VT0001', '4', '1'),
('VT0002', '4', '1'),
('VT0003', '4', '1'),
('VT0004', '4', '1'),
('VT0005', '4', '1'),
('VT0006', '4', '1'),
('VT0007', '4', '1'),
('VT0008', '4', '1');

-- 10. Insert supplies
INSERT INTO `supplies` (`BranchID`, `SppID`, `SupplyIndex`, `Condition`, `RoomNumber`) VALUES
('CN1', 'VT0001', '1', 'new', '101'),
('CN1', 'VT0001', '2', 'new', '102'),
('CN1', 'VT0001', '3', 'new', '103'),
('CN1', 'VT0001', '4', 'new', '104'),
('CN1', 'VT0001', '5', 'new', '105'),
('CN1', 'VT0001', '6', 'new', '106'),
('CN1', 'VT0001', '7', 'new', '107'),
('CN1', 'VT0001', '8', 'new', '108'),
('CN1', 'VT0001', '9', 'new', '109'),
('CN1', 'VT0001', '10', 'new', '110'),
('CN1', 'VT0001', '11', 'new', '111'),
('CN1', 'VT0001', '12', 'new', '112'),
('CN1', 'VT0001', '13', 'new', '113'),
('CN1', 'VT0001', '14', 'new', '114'),
('CN1', 'VT0001', '15', 'new', '115'),
('CN1', 'VT0001', '16', 'new', '116'),
('CN1', 'VT0002', '1', 'new', '101'),
('CN1', 'VT0002', '2', 'new', '102'),
('CN1', 'VT0002', '3', 'new', '103'),
('CN1', 'VT0002', '4', 'new', '104'),
('CN1', 'VT0002', '5', 'new', '105'),
('CN1', 'VT0002', '6', 'new', '106'),
('CN1', 'VT0002', '7', 'new', '107'),
('CN1', 'VT0002', '8', 'new', '108'),
('CN1', 'VT0002', '9', 'new', '109'),
('CN1', 'VT0002', '10', 'new', '110'),
('CN1', 'VT0002', '11', 'new', '111'),
('CN1', 'VT0002', '12', 'new', '112'),
('CN1', 'VT0002', '13', 'new', '113'),
('CN1', 'VT0002', '14', 'new', '114'),
('CN1', 'VT0002', '15', 'new', '115'),
('CN1', 'VT0002', '16', 'new', '116'),
('CN1', 'VT0003', '1', 'new', '101'),
('CN1', 'VT0003', '2', 'new', '102'),
('CN1', 'VT0003', '3', 'new', '103'),
('CN1', 'VT0003', '4', 'new', '104'),
('CN1', 'VT0003', '5', 'new', '105'),
('CN1', 'VT0003', '6', 'new', '106'),
('CN1', 'VT0003', '7', 'new', '107'),
('CN1', 'VT0003', '8', 'new', '108'),
('CN1', 'VT0003', '9', 'new', '109'),
('CN1', 'VT0003', '10', 'new', '110'),
('CN1', 'VT0003', '11', 'new', '111'),
('CN1', 'VT0003', '12', 'new', '112'),
('CN1', 'VT0003', '13', 'new', '113'),
('CN1', 'VT0003', '14', 'new', '114'),
('CN1', 'VT0003', '15', 'new', '115'),
('CN1', 'VT0003', '16', 'new', '116'),
('CN1', 'VT0004', '1', 'new', '101'),
('CN1', 'VT0004', '2', 'new', '102'),
('CN1', 'VT0004', '3', 'new', '103'),
('CN1', 'VT0004', '4', 'new', '104'),
('CN1', 'VT0004', '5', 'new', '105'),
('CN1', 'VT0004', '6', 'new', '106'),
('CN1', 'VT0004', '7', 'new', '107'),
('CN1', 'VT0004', '8', 'new', '108'),
('CN1', 'VT0004', '9', 'new', '109'),
('CN1', 'VT0004', '10', 'new', '110'),
('CN1', 'VT0004', '11', 'new', '111'),
('CN1', 'VT0004', '12', 'new', '112'),
('CN1', 'VT0004', '13', 'new', '113'),
('CN1', 'VT0004', '14', 'new', '114'),
('CN1', 'VT0004', '15', 'new', '115'),
('CN1', 'VT0004', '16', 'new', '116'),
('CN1', 'VT0005', '1', 'new', '101'),
('CN1', 'VT0005', '2', 'new', '102'),
('CN1', 'VT0005', '3', 'new', '103'),
('CN1', 'VT0005', '4', 'new', '104'),
('CN1', 'VT0005', '5', 'new', '105'),
('CN1', 'VT0005', '6', 'new', '106'),
('CN1', 'VT0005', '7', 'new', '107'),
('CN1', 'VT0005', '8', 'new', '108'),
('CN1', 'VT0005', '9', 'new', '109'),
('CN1', 'VT0005', '10', 'new', '110'),
('CN1', 'VT0005', '11', 'new', '111'),
('CN1', 'VT0005', '12', 'new', '112'),
('CN1', 'VT0005', '13', 'new', '113'),
('CN1', 'VT0005', '14', 'new', '114'),
('CN1', 'VT0005', '15', 'new', '115'),
('CN1', 'VT0005', '16', 'new', '116'),
('CN1', 'VT0006', '1', 'new', '101'),
('CN1', 'VT0006', '2', 'new', '102'),
('CN1', 'VT0006', '3', 'new', '103'),
('CN1', 'VT0006', '4', 'new', '104'),
('CN1', 'VT0006', '5', 'new', '105'),
('CN1', 'VT0006', '6', 'new', '106'),
('CN1', 'VT0006', '7', 'new', '107'),
('CN1', 'VT0006', '8', 'new', '108'),
('CN1', 'VT0006', '9', 'new', '109'),
('CN1', 'VT0006', '10', 'new', '110'),
('CN1', 'VT0006', '11', 'new', '111'),
('CN1', 'VT0006', '12', 'new', '112'),
('CN1', 'VT0006', '13', 'new', '113'),
('CN1', 'VT0006', '14', 'new', '114'),
('CN1', 'VT0006', '15', 'new', '115'),
('CN1', 'VT0006', '16', 'new', '116'),
('CN1', 'VT0007', '1', 'new', '101'),
('CN1', 'VT0007', '2', 'new', '102'),
('CN1', 'VT0007', '3', 'new', '103'),
('CN1', 'VT0007', '4', 'new', '104'),
('CN1', 'VT0007', '5', 'new', '105'),
('CN1', 'VT0007', '6', 'new', '106'),
('CN1', 'VT0007', '7', 'new', '107'),
('CN1', 'VT0007', '8', 'new', '108'),
('CN1', 'VT0007', '9', 'new', '109'),
('CN1', 'VT0007', '10', 'new', '110'),
('CN1', 'VT0007', '11', 'new', '111'),
('CN1', 'VT0007', '12', 'new', '112'),
('CN1', 'VT0007', '13', 'new', '113'),
('CN1', 'VT0007', '14', 'new', '114'),
('CN1', 'VT0007', '15', 'new', '115'),
('CN1', 'VT0007', '16', 'new', '116'),
('CN1', 'VT0008', '1', 'new', '101'),
('CN1', 'VT0008', '2', 'new', '102'),
('CN1', 'VT0008', '3', 'new', '103'),
('CN1', 'VT0008', '4', 'new', '104'),
('CN1', 'VT0008', '5', 'new', '105'),
('CN1', 'VT0008', '6', 'new', '106'),
('CN1', 'VT0008', '7', 'new', '107'),
('CN1', 'VT0008', '8', 'new', '108'),
('CN1', 'VT0008', '9', 'new', '109'),
('CN1', 'VT0008', '10', 'new', '110'),
('CN1', 'VT0008', '11', 'new', '111'),
('CN1', 'VT0008', '12', 'new', '112'),
('CN1', 'VT0008', '13', 'new', '113'),
('CN1', 'VT0008', '14', 'new', '114'),
('CN1', 'VT0008', '15', 'new', '115'),
('CN1', 'VT0008', '16', 'new', '116'),
('CN2', 'VT0001', '1', 'new', '101'),
('CN2', 'VT0001', '2', 'new', '102'),
('CN2', 'VT0001', '3', 'new', '103'),
('CN2', 'VT0001', '4', 'new', '104'),
('CN2', 'VT0001', '5', 'new', '105'),
('CN2', 'VT0001', '6', 'new', '106'),
('CN2', 'VT0001', '7', 'new', '107'),
('CN2', 'VT0001', '8', 'new', '108'),
('CN2', 'VT0001', '9', 'new', '109'),
('CN2', 'VT0001', '10', 'new', '110'),
('CN2', 'VT0001', '11', 'new', '111'),
('CN2', 'VT0001', '12', 'new', '112'),
('CN2', 'VT0001', '13', 'new', '113'),
('CN2', 'VT0001', '14', 'new', '114'),
('CN2', 'VT0001', '15', 'new', '115'),
('CN2', 'VT0001', '16', 'new', '116'),
('CN2', 'VT0002', '1', 'new', '101'),
('CN2', 'VT0002', '2', 'new', '102'),
('CN2', 'VT0002', '3', 'new', '103'),
('CN2', 'VT0002', '4', 'new', '104'),
('CN2', 'VT0002', '5', 'new', '105'),
('CN2', 'VT0002', '6', 'new', '106'),
('CN2', 'VT0002', '7', 'new', '107'),
('CN2', 'VT0002', '8', 'new', '108'),
('CN2', 'VT0002', '9', 'new', '109'),
('CN2', 'VT0002', '10', 'new', '110'),
('CN2', 'VT0002', '11', 'new', '111'),
('CN2', 'VT0002', '12', 'new', '112'),
('CN2', 'VT0002', '13', 'new', '113'),
('CN2', 'VT0002', '14', 'new', '114'),
('CN2', 'VT0002', '15', 'new', '115'),
('CN2', 'VT0002', '16', 'new', '116'),
('CN2', 'VT0003', '1', 'new', '101'),
('CN2', 'VT0003', '2', 'new', '102'),
('CN2', 'VT0003', '3', 'new', '103'),
('CN2', 'VT0003', '4', 'new', '104'),
('CN2', 'VT0003', '5', 'new', '105'),
('CN2', 'VT0003', '6', 'new', '106'),
('CN2', 'VT0003', '7', 'new', '107'),
('CN2', 'VT0003', '8', 'new', '108'),
('CN2', 'VT0003', '9', 'new', '109'),
('CN2', 'VT0003', '10', 'new', '110'),
('CN2', 'VT0003', '11', 'new', '111'),
('CN2', 'VT0003', '12', 'new', '112'),
('CN2', 'VT0003', '13', 'new', '113'),
('CN2', 'VT0003', '14', 'new', '114'),
('CN2', 'VT0003', '15', 'new', '115'),
('CN2', 'VT0003', '16', 'new', '116'),
('CN2', 'VT0004', '1', 'new', '101'),
('CN2', 'VT0004', '2', 'new', '102'),
('CN2', 'VT0004', '3', 'new', '103'),
('CN2', 'VT0004', '4', 'new', '104'),
('CN2', 'VT0004', '5', 'new', '105'),
('CN2', 'VT0004', '6', 'new', '106'),
('CN2', 'VT0004', '7', 'new', '107'),
('CN2', 'VT0004', '8', 'new', '108'),
('CN2', 'VT0004', '9', 'new', '109'),
('CN2', 'VT0004', '10', 'new', '110'),
('CN2', 'VT0004', '11', 'new', '111'),
('CN2', 'VT0004', '12', 'new', '112'),
('CN2', 'VT0004', '13', 'new', '113'),
('CN2', 'VT0004', '14', 'new', '114'),
('CN2', 'VT0004', '15', 'new', '115'),
('CN2', 'VT0004', '16', 'new', '116'),
('CN2', 'VT0005', '1', 'new', '101'),
('CN2', 'VT0005', '2', 'new', '102'),
('CN2', 'VT0005', '3', 'new', '103'),
('CN2', 'VT0005', '4', 'new', '104'),
('CN2', 'VT0005', '5', 'new', '105'),
('CN2', 'VT0005', '6', 'new', '106'),
('CN2', 'VT0005', '7', 'new', '107'),
('CN2', 'VT0005', '8', 'new', '108'),
('CN2', 'VT0005', '9', 'new', '109'),
('CN2', 'VT0005', '10', 'new', '110'),
('CN2', 'VT0005', '11', 'new', '111'),
('CN2', 'VT0005', '12', 'new', '112'),
('CN2', 'VT0005', '13', 'new', '113'),
('CN2', 'VT0005', '14', 'new', '114'),
('CN2', 'VT0005', '15', 'new', '115'),
('CN2', 'VT0005', '16', 'new', '116'),
('CN2', 'VT0006', '1', 'new', '101'),
('CN2', 'VT0006', '2', 'new', '102'),
('CN2', 'VT0006', '3', 'new', '103'),
('CN2', 'VT0006', '4', 'new', '104'),
('CN2', 'VT0006', '5', 'new', '105'),
('CN2', 'VT0006', '6', 'new', '106'),
('CN2', 'VT0006', '7', 'new', '107'),
('CN2', 'VT0006', '8', 'new', '108'),
('CN2', 'VT0006', '9', 'new', '109'),
('CN2', 'VT0006', '10', 'new', '110'),
('CN2', 'VT0006', '11', 'new', '111'),
('CN2', 'VT0006', '12', 'new', '112'),
('CN2', 'VT0006', '13', 'new', '113'),
('CN2', 'VT0006', '14', 'new', '114'),
('CN2', 'VT0006', '15', 'new', '115'),
('CN2', 'VT0006', '16', 'new', '116'),
('CN2', 'VT0007', '1', 'new', '101'),
('CN2', 'VT0007', '2', 'new', '102'),
('CN2', 'VT0007', '3', 'new', '103'),
('CN2', 'VT0007', '4', 'new', '104'),
('CN2', 'VT0007', '5', 'new', '105'),
('CN2', 'VT0007', '6', 'new', '106'),
('CN2', 'VT0007', '7', 'new', '107'),
('CN2', 'VT0007', '8', 'new', '108'),
('CN2', 'VT0007', '9', 'new', '109'),
('CN2', 'VT0007', '10', 'new', '110'),
('CN2', 'VT0007', '11', 'new', '111'),
('CN2', 'VT0007', '12', 'new', '112'),
('CN2', 'VT0007', '13', 'new', '113'),
('CN2', 'VT0007', '14', 'new', '114'),
('CN2', 'VT0007', '15', 'new', '115'),
('CN2', 'VT0007', '16', 'new', '116'),
('CN2', 'VT0008', '1', 'new', '101'),
('CN2', 'VT0008', '2', 'new', '102'),
('CN2', 'VT0008', '3', 'new', '103'),
('CN2', 'VT0008', '4', 'new', '104'),
('CN2', 'VT0008', '5', 'new', '105'),
('CN2', 'VT0008', '6', 'new', '106'),
('CN2', 'VT0008', '7', 'new', '107'),
('CN2', 'VT0008', '8', 'new', '108'),
('CN2', 'VT0008', '9', 'new', '109'),
('CN2', 'VT0008', '10', 'new', '110'),
('CN2', 'VT0008', '11', 'new', '111'),
('CN2', 'VT0008', '12', 'new', '112'),
('CN2', 'VT0008', '13', 'new', '113'),
('CN2', 'VT0008', '14', 'new', '114'),
('CN2', 'VT0008', '15', 'new', '115'),
('CN2', 'VT0008', '16', 'new', '116'),
('CN3', 'VT0001', '1', 'new', '101'),
('CN3', 'VT0001', '2', 'new', '102'),
('CN3', 'VT0001', '3', 'new', '103'),
('CN3', 'VT0001', '4', 'new', '104'),
('CN3', 'VT0001', '5', 'new', '105'),
('CN3', 'VT0001', '6', 'new', '106'),
('CN3', 'VT0001', '7', 'new', '107'),
('CN3', 'VT0001', '8', 'new', '108'),
('CN3', 'VT0001', '9', 'new', '109'),
('CN3', 'VT0001', '10', 'new', '110'),
('CN3', 'VT0001', '11', 'new', '111'),
('CN3', 'VT0001', '12', 'new', '112'),
('CN3', 'VT0001', '13', 'new', '113'),
('CN3', 'VT0001', '14', 'new', '114'),
('CN3', 'VT0001', '15', 'new', '115'),
('CN3', 'VT0001', '16', 'new', '116'),
('CN3', 'VT0002', '1', 'new', '101'),
('CN3', 'VT0002', '2', 'new', '102'),
('CN3', 'VT0002', '3', 'new', '103'),
('CN3', 'VT0002', '4', 'new', '104'),
('CN3', 'VT0002', '5', 'new', '105'),
('CN3', 'VT0002', '6', 'new', '106'),
('CN3', 'VT0002', '7', 'new', '107'),
('CN3', 'VT0002', '8', 'new', '108'),
('CN3', 'VT0002', '9', 'new', '109'),
('CN3', 'VT0002', '10', 'new', '110'),
('CN3', 'VT0002', '11', 'new', '111'),
('CN3', 'VT0002', '12', 'new', '112'),
('CN3', 'VT0002', '13', 'new', '113'),
('CN3', 'VT0002', '14', 'new', '114'),
('CN3', 'VT0002', '15', 'new', '115'),
('CN3', 'VT0002', '16', 'new', '116'),
('CN3', 'VT0003', '1', 'new', '101'),
('CN3', 'VT0003', '2', 'new', '102'),
('CN3', 'VT0003', '3', 'new', '103'),
('CN3', 'VT0003', '4', 'new', '104'),
('CN3', 'VT0003', '5', 'new', '105'),
('CN3', 'VT0003', '6', 'new', '106'),
('CN3', 'VT0003', '7', 'new', '107'),
('CN3', 'VT0003', '8', 'new', '108'),
('CN3', 'VT0003', '9', 'new', '109'),
('CN3', 'VT0003', '10', 'new', '110'),
('CN3', 'VT0003', '11', 'new', '111'),
('CN3', 'VT0003', '12', 'new', '112'),
('CN3', 'VT0003', '13', 'new', '113'),
('CN3', 'VT0003', '14', 'new', '114'),
('CN3', 'VT0003', '15', 'new', '115'),
('CN3', 'VT0003', '16', 'new', '116'),
('CN3', 'VT0004', '1', 'new', '101'),
('CN3', 'VT0004', '2', 'new', '102'),
('CN3', 'VT0004', '3', 'new', '103'),
('CN3', 'VT0004', '4', 'new', '104'),
('CN3', 'VT0004', '5', 'new', '105'),
('CN3', 'VT0004', '6', 'new', '106'),
('CN3', 'VT0004', '7', 'new', '107'),
('CN3', 'VT0004', '8', 'new', '108'),
('CN3', 'VT0004', '9', 'new', '109'),
('CN3', 'VT0004', '10', 'new', '110'),
('CN3', 'VT0004', '11', 'new', '111'),
('CN3', 'VT0004', '12', 'new', '112'),
('CN3', 'VT0004', '13', 'new', '113'),
('CN3', 'VT0004', '14', 'new', '114'),
('CN3', 'VT0004', '15', 'new', '115'),
('CN3', 'VT0004', '16', 'new', '116'),
('CN3', 'VT0005', '1', 'new', '101'),
('CN3', 'VT0005', '2', 'new', '102'),
('CN3', 'VT0005', '3', 'new', '103'),
('CN3', 'VT0005', '4', 'new', '104'),
('CN3', 'VT0005', '5', 'new', '105'),
('CN3', 'VT0005', '6', 'new', '106'),
('CN3', 'VT0005', '7', 'new', '107'),
('CN3', 'VT0005', '8', 'new', '108'),
('CN3', 'VT0005', '9', 'new', '109'),
('CN3', 'VT0005', '10', 'new', '110'),
('CN3', 'VT0005', '11', 'new', '111'),
('CN3', 'VT0005', '12', 'new', '112'),
('CN3', 'VT0005', '13', 'new', '113'),
('CN3', 'VT0005', '14', 'new', '114'),
('CN3', 'VT0005', '15', 'new', '115'),
('CN3', 'VT0005', '16', 'new', '116'),
('CN3', 'VT0006', '1', 'new', '101'),
('CN3', 'VT0006', '2', 'new', '102'),
('CN3', 'VT0006', '3', 'new', '103'),
('CN3', 'VT0006', '4', 'new', '104'),
('CN3', 'VT0006', '5', 'new', '105'),
('CN3', 'VT0006', '6', 'new', '106'),
('CN3', 'VT0006', '7', 'new', '107'),
('CN3', 'VT0006', '8', 'new', '108'),
('CN3', 'VT0006', '9', 'new', '109'),
('CN3', 'VT0006', '10', 'new', '110'),
('CN3', 'VT0006', '11', 'new', '111'),
('CN3', 'VT0006', '12', 'new', '112'),
('CN3', 'VT0006', '13', 'new', '113'),
('CN3', 'VT0006', '14', 'new', '114'),
('CN3', 'VT0006', '15', 'new', '115'),
('CN3', 'VT0006', '16', 'new', '116'),
('CN3', 'VT0007', '1', 'new', '101'),
('CN3', 'VT0007', '2', 'new', '102'),
('CN3', 'VT0007', '3', 'new', '103'),
('CN3', 'VT0007', '4', 'new', '104'),
('CN3', 'VT0007', '5', 'new', '105'),
('CN3', 'VT0007', '6', 'new', '106'),
('CN3', 'VT0007', '7', 'new', '107'),
('CN3', 'VT0007', '8', 'new', '108'),
('CN3', 'VT0007', '9', 'new', '109'),
('CN3', 'VT0007', '10', 'new', '110'),
('CN3', 'VT0007', '11', 'new', '111'),
('CN3', 'VT0007', '12', 'new', '112'),
('CN3', 'VT0007', '13', 'new', '113'),
('CN3', 'VT0007', '14', 'new', '114'),
('CN3', 'VT0007', '15', 'new', '115'),
('CN3', 'VT0007', '16', 'new', '116'),
('CN3', 'VT0008', '1', 'new', '101'),
('CN3', 'VT0008', '2', 'new', '102'),
('CN3', 'VT0008', '3', 'new', '103'),
('CN3', 'VT0008', '4', 'new', '104'),
('CN3', 'VT0008', '5', 'new', '105'),
('CN3', 'VT0008', '6', 'new', '106'),
('CN3', 'VT0008', '7', 'new', '107'),
('CN3', 'VT0008', '8', 'new', '108'),
('CN3', 'VT0008', '9', 'new', '109'),
('CN3', 'VT0008', '10', 'new', '110'),
('CN3', 'VT0008', '11', 'new', '111'),
('CN3', 'VT0008', '12', 'new', '112'),
('CN3', 'VT0008', '13', 'new', '113'),
('CN3', 'VT0008', '14', 'new', '114'),
('CN3', 'VT0008', '15', 'new', '115'),
('CN3', 'VT0008', '16', 'new', '116'),
('CN4', 'VT0001', '1', 'new', '101'),
('CN4', 'VT0001', '2', 'new', '102'),
('CN4', 'VT0001', '3', 'new', '103'),
('CN4', 'VT0001', '4', 'new', '104'),
('CN4', 'VT0001', '5', 'new', '105'),
('CN4', 'VT0001', '6', 'new', '106'),
('CN4', 'VT0001', '7', 'new', '107'),
('CN4', 'VT0001', '8', 'new', '108'),
('CN4', 'VT0001', '9', 'new', '109'),
('CN4', 'VT0001', '10', 'new', '110'),
('CN4', 'VT0001', '11', 'new', '111'),
('CN4', 'VT0001', '12', 'new', '112'),
('CN4', 'VT0001', '13', 'new', '113'),
('CN4', 'VT0001', '14', 'new', '114'),
('CN4', 'VT0001', '15', 'new', '115'),
('CN4', 'VT0001', '16', 'new', '116'),
('CN4', 'VT0002', '1', 'new', '101'),
('CN4', 'VT0002', '2', 'new', '102'),
('CN4', 'VT0002', '3', 'new', '103'),
('CN4', 'VT0002', '4', 'new', '104'),
('CN4', 'VT0002', '5', 'new', '105'),
('CN4', 'VT0002', '6', 'new', '106'),
('CN4', 'VT0002', '7', 'new', '107'),
('CN4', 'VT0002', '8', 'new', '108'),
('CN4', 'VT0002', '9', 'new', '109'),
('CN4', 'VT0002', '10', 'new', '110'),
('CN4', 'VT0002', '11', 'new', '111'),
('CN4', 'VT0002', '12', 'new', '112'),
('CN4', 'VT0002', '13', 'new', '113'),
('CN4', 'VT0002', '14', 'new', '114'),
('CN4', 'VT0002', '15', 'new', '115'),
('CN4', 'VT0002', '16', 'new', '116'),
('CN4', 'VT0003', '1', 'new', '101'),
('CN4', 'VT0003', '2', 'new', '102'),
('CN4', 'VT0003', '3', 'new', '103'),
('CN4', 'VT0003', '4', 'new', '104'),
('CN4', 'VT0003', '5', 'new', '105'),
('CN4', 'VT0003', '6', 'new', '106'),
('CN4', 'VT0003', '7', 'new', '107'),
('CN4', 'VT0003', '8', 'new', '108'),
('CN4', 'VT0003', '9', 'new', '109'),
('CN4', 'VT0003', '10', 'new', '110'),
('CN4', 'VT0003', '11', 'new', '111'),
('CN4', 'VT0003', '12', 'new', '112'),
('CN4', 'VT0003', '13', 'new', '113'),
('CN4', 'VT0003', '14', 'new', '114'),
('CN4', 'VT0003', '15', 'new', '115'),
('CN4', 'VT0003', '16', 'new', '116'),
('CN4', 'VT0004', '1', 'new', '101'),
('CN4', 'VT0004', '2', 'new', '102'),
('CN4', 'VT0004', '3', 'new', '103'),
('CN4', 'VT0004', '4', 'new', '104'),
('CN4', 'VT0004', '5', 'new', '105'),
('CN4', 'VT0004', '6', 'new', '106'),
('CN4', 'VT0004', '7', 'new', '107'),
('CN4', 'VT0004', '8', 'new', '108'),
('CN4', 'VT0004', '9', 'new', '109'),
('CN4', 'VT0004', '10', 'new', '110'),
('CN4', 'VT0004', '11', 'new', '111'),
('CN4', 'VT0004', '12', 'new', '112'),
('CN4', 'VT0004', '13', 'new', '113'),
('CN4', 'VT0004', '14', 'new', '114'),
('CN4', 'VT0004', '15', 'new', '115'),
('CN4', 'VT0004', '16', 'new', '116'),
('CN4', 'VT0005', '1', 'new', '101'),
('CN4', 'VT0005', '2', 'new', '102'),
('CN4', 'VT0005', '3', 'new', '103'),
('CN4', 'VT0005', '4', 'new', '104'),
('CN4', 'VT0005', '5', 'new', '105'),
('CN4', 'VT0005', '6', 'new', '106'),
('CN4', 'VT0005', '7', 'new', '107'),
('CN4', 'VT0005', '8', 'new', '108'),
('CN4', 'VT0005', '9', 'new', '109'),
('CN4', 'VT0005', '10', 'new', '110'),
('CN4', 'VT0005', '11', 'new', '111'),
('CN4', 'VT0005', '12', 'new', '112'),
('CN4', 'VT0005', '13', 'new', '113'),
('CN4', 'VT0005', '14', 'new', '114'),
('CN4', 'VT0005', '15', 'new', '115'),
('CN4', 'VT0005', '16', 'new', '116'),
('CN4', 'VT0006', '1', 'new', '101'),
('CN4', 'VT0006', '2', 'new', '102'),
('CN4', 'VT0006', '3', 'new', '103'),
('CN4', 'VT0006', '4', 'new', '104'),
('CN4', 'VT0006', '5', 'new', '105'),
('CN4', 'VT0006', '6', 'new', '106'),
('CN4', 'VT0006', '7', 'new', '107'),
('CN4', 'VT0006', '8', 'new', '108'),
('CN4', 'VT0006', '9', 'new', '109'),
('CN4', 'VT0006', '10', 'new', '110'),
('CN4', 'VT0006', '11', 'new', '111'),
('CN4', 'VT0006', '12', 'new', '112'),
('CN4', 'VT0006', '13', 'new', '113'),
('CN4', 'VT0006', '14', 'new', '114'),
('CN4', 'VT0006', '15', 'new', '115'),
('CN4', 'VT0006', '16', 'new', '116'),
('CN4', 'VT0007', '1', 'new', '101'),
('CN4', 'VT0007', '2', 'new', '102'),
('CN4', 'VT0007', '3', 'new', '103'),
('CN4', 'VT0007', '4', 'new', '104'),
('CN4', 'VT0007', '5', 'new', '105'),
('CN4', 'VT0007', '6', 'new', '106'),
('CN4', 'VT0007', '7', 'new', '107'),
('CN4', 'VT0007', '8', 'new', '108'),
('CN4', 'VT0007', '9', 'new', '109'),
('CN4', 'VT0007', '10', 'new', '110'),
('CN4', 'VT0007', '11', 'new', '111'),
('CN4', 'VT0007', '12', 'new', '112'),
('CN4', 'VT0007', '13', 'new', '113'),
('CN4', 'VT0007', '14', 'new', '114'),
('CN4', 'VT0007', '15', 'new', '115'),
('CN4', 'VT0007', '16', 'new', '116'),
('CN4', 'VT0008', '1', 'new', '101'),
('CN4', 'VT0008', '2', 'new', '102'),
('CN4', 'VT0008', '3', 'new', '103'),
('CN4', 'VT0008', '4', 'new', '104'),
('CN4', 'VT0008', '5', 'new', '105'),
('CN4', 'VT0008', '6', 'new', '106'),
('CN4', 'VT0008', '7', 'new', '107'),
('CN4', 'VT0008', '8', 'new', '108'),
('CN4', 'VT0008', '9', 'new', '109'),
('CN4', 'VT0008', '10', 'new', '110'),
('CN4', 'VT0008', '11', 'new', '111'),
('CN4', 'VT0008', '12', 'new', '112'),
('CN4', 'VT0008', '13', 'new', '113'),
('CN4', 'VT0008', '14', 'new', '114'),
('CN4', 'VT0008', '15', 'new', '115'),
('CN4', 'VT0008', '16', 'new', '116');


-- 11. Add Supplier
INSERT INTO `supplier` (`SupplierID`, `SupplierName`, `Mail`, `Address`) VALUES
('NCC0001', 'FPT Shop', 'fptshop@gmail.com', '644/4/23 3/2 street, ward 14, district 10'),
('NCC0002', 'The Gioi Di Dong', 'thegioididong@gmail.com', '82/4 Lien Khu 16-18, ward 14, Binh Tan district'),
('NCC0003', 'Phong Vu', 'phongvu@gmail.com', '123 Tran Hung Dao street, ward 10, district 1'),
('NCC0004', 'Gear VN', 'gearvn@gmail.com', '1 Dong Khoi street, ward 1, district 1');

-- 12. Add Supplying
INSERT INTO `supplying` (`SupplierID`, `BranchID`, `SppID`) VALUES
('NCC0001', 'CN1', 'VT0001'),
('NCC0001', 'CN1', 'VT0002'),
('NCC0002', 'CN1', 'VT0003'),
('NCC0002', 'CN1', 'VT0004'),
('NCC0003', 'CN1', 'VT0005'),
('NCC0003', 'CN1', 'VT0006'),
('NCC0004', 'CN1', 'VT0007'),
('NCC0004', 'CN1', 'VT0008'),
('NCC0001', 'CN2', 'VT0001'),
('NCC0001', 'CN2', 'VT0002'),
('NCC0002', 'CN2', 'VT0003'),
('NCC0002', 'CN2', 'VT0004'),
('NCC0003', 'CN2', 'VT0005'),
('NCC0003', 'CN2', 'VT0006'),
('NCC0004', 'CN2', 'VT0007'),
('NCC0004', 'CN2', 'VT0008'),
('NCC0001', 'CN3', 'VT0001'),
('NCC0001', 'CN3', 'VT0002'),
('NCC0002', 'CN3', 'VT0003'),
('NCC0002', 'CN3', 'VT0004'),
('NCC0003', 'CN3', 'VT0005'),
('NCC0003', 'CN3', 'VT0006'),
('NCC0004', 'CN3', 'VT0007'),
('NCC0004', 'CN3', 'VT0008'),
('NCC0001', 'CN4', 'VT0001'),
('NCC0001', 'CN4', 'VT0002'),
('NCC0002', 'CN4', 'VT0003'),
('NCC0002', 'CN4', 'VT0004'),
('NCC0003', 'CN4', 'VT0005'),
('NCC0003', 'CN4', 'VT0006'),
('NCC0004', 'CN4', 'VT0007'),
('NCC0004', 'CN4', 'VT0008');
-- 13. Add customer
INSERT INTO `customer` (`CustomerID`, `CitizenID`, `FullName`, `Phone`, `Email`, `Username`, `Password`, `Point`, `CustomerType`) VALUES 
('KH000001', '079046706997', 'Luke Skywalker', '0903389043', 'lukeskywalker@gmail.com', 'lukeskywalker', 'password', '0', '1'),
('KH000002', '079524695121', 'Darth Vader', '0917992124', 'darthvader@gmail.com', 'darthvader', 'password', '0', '1'),
('KH000003', '079908782048', 'Leia Organa', '0924263016', 'leiaorgana@gmail.com', 'leiaorgana', 'password', '0', '1'),
('KH000004', '079547532623', 'Owen Lars', '0938605584', 'owenlars@gmail.com', 'owenlars', 'password', '0', '1'),
('KH000005', '079746815551', 'Beru Whitesun lars', '0999034571', 'beruwhitesunlars@gmail.com', 'beruwhitesunlars', 'password', '0', '1'),
('KH000006', '079458497468', 'Biggs Darklighter', '0999118912', 'biggsdarklighter@gmail.com', 'biggsdarklighter', 'password', '0', '1'),
('KH000007', '079850138125', 'Obi-Wan Kenobi', '0951299887', 'obi-wankenobi@gmail.com', 'obi-wankenobi', 'password', '0', '1'),
('KH000008', '079854409927', 'Anakin Skywalker', '0940637913', 'anakinskywalker@gmail.com', 'anakinskywalker', 'password', '0', '1'),
('KH000009', '079044648228', 'Wilhuff Tarkin', '0979920623', 'wilhufftarkin@gmail.com', 'wilhufftarkin', 'password', '0', '1'),
('KH000010', '079733289101', 'Chewbacca', '0938668133', 'chewbacca@gmail.com', 'chewbacca', 'password', '0', '1'),
('KH000011', '079806006275', 'Han Solo', '0974083494', 'hansolo@gmail.com', 'hansolo', 'password', '0', '1'),
('KH000012', '079050814749', 'Greedo', '0936988312', 'greedo@gmail.com', 'greedo', 'password', '0', '1'),
('KH000013', '079619986653', 'Jabba Desilijic Tiure', '0974405156', 'jabbadesilijictiure@gmail.com', 'jabbadesilijictiure', 'password', '0', '1'),
('KH000014', '079977010913', 'Wedge Antilles', '0989964113', 'wedgeantilles@gmail.com', 'wedgeantilles', 'password', '0', '1'),
('KH000015', '079701940190', 'Jek Tono Porkins', '0915221363', 'jektonoporkins@gmail.com', 'jektonoporkins', 'password', '0', '1'),
('KH000016', '079639692546', 'Yoda', '0975279637', 'yoda@gmail.com', 'yoda', 'password', '0', '1'),
('KH000017', '079524841929', 'Palpatine', '0953984933', 'palpatine@gmail.com', 'palpatine', 'password', '0', '1'),
('KH000018', '079988170067', 'Boba Fett', '0986921399', 'bobafett@gmail.com', 'bobafett', 'password', '0', '1'),
('KH000019', '079220939058', 'Bossk', '0979348417', 'bossk@gmail.com', 'bossk', 'password', '0', '1'),
('KH000020', '079300761252', 'Lando Calrissian', '0911956279', 'landocalrissian@gmail.com', 'landocalrissian', 'password', '0', '1'),
('KH000021', '079118927476', 'Lobot', '0937258247', 'lobot@gmail.com', 'lobot', 'password', '0', '1'),
('KH000022', '079718598056', 'Ackbar', '0940022872', 'ackbar@gmail.com', 'ackbar', 'password', '0', '1'),
('KH000023', '079320114926', 'Mon Mothma', '0960540782', 'monmothma@gmail.com', 'monmothma', 'password', '0', '1'),
('KH000024', '079395743702', 'Arvel Crynyd', '0901852226', 'arvelcrynyd@gmail.com', 'arvelcrynyd', 'password', '0', '1'),
('KH000025', '079739949635', 'Wicket Systri Warrick', '0990107054', 'wicketsystriwarrick@gmail.com', 'wicketsystriwarrick', 'password', '0', '1'),
('KH000026', '079008837647', 'Nien Nunb', '0971939123', 'niennunb@gmail.com', 'niennunb', 'password', '0', '1'),
('KH000027', '079518620505', 'Qui-Gon Jinn', '0945986434', 'qui-gonjinn@gmail.com', 'qui-gonjinn', 'password', '0', '1'),
('KH000028', '079191331758', 'Nute Gunray', '0946647374', 'nutegunray@gmail.com', 'nutegunray', 'password', '0', '1'),
('KH000029', '079746103045', 'Finis Valorum', '0942881469', 'finisvalorum@gmail.com', 'finisvalorum', 'password', '0', '1'),
('KH000030', '079956570221', 'Padme Amidala', '0977255314', 'padmeamidala@gmail.com', 'padmeamidala', 'password', '0', '1'),
('KH000031', '079457533024', 'Jar Jar Binks', '0961496489', 'jarjarbinks@gmail.com', 'jarjarbinks', 'password', '0', '1'),
('KH000032', '079262923404', 'Roos Tarpals', '0944721430', 'roostarpals@gmail.com', 'roostarpals', 'password', '0', '1'),
('KH000033', '079535529846', 'Rugor Nass', '0906693299', 'rugornass@gmail.com', 'rugornass', 'password', '0', '1'),
('KH000034', '079110636264', 'Ric Olie', '0991425508', 'ricolie@gmail.com', 'ricolie', 'password', '0', '1'),
('KH000035', '079351602041', 'Watto', '0981585217', 'watto@gmail.com', 'watto', 'password', '0', '1'),
('KH000036', '079877312790', 'Sebulba', '0933583421', 'sebulba@gmail.com', 'sebulba', 'password', '0', '1'),
('KH000037', '079266676545', 'Quarsh Panaka', '0980596432', 'quarshpanaka@gmail.com', 'quarshpanaka', 'password', '0', '1'),
('KH000038', '079445321987', 'Shmi Skywalker', '0960968961', 'shmiskywalker@gmail.com', 'shmiskywalker', 'password', '0', '1'),
('KH000039', '079007543151', 'Darth Maul', '0957348692', 'darthmaul@gmail.com', 'darthmaul', 'password', '0', '1'),
('KH000040', '079409727511', 'Bib Fortuna', '0952966230', 'bibfortuna@gmail.com', 'bibfortuna', 'password', '0', '1'),
('KH000041', '079096692505', 'Ayla Secura', '0999783227', 'aylasecura@gmail.com', 'aylasecura', 'password', '0', '1'),
('KH000042', '079907693114', 'Ratts Tyerel', '0946635404', 'rattstyerel@gmail.com', 'rattstyerel', 'password', '0', '1'),
('KH000043', '079347996613', 'Dud Bolt', '0979413497', 'dudbolt@gmail.com', 'dudbolt', 'password', '0', '1'),
('KH000044', '079093725559', 'Gasgano', '0998216437', 'gasgano@gmail.com', 'gasgano', 'password', '0', '1'),
('KH000045', '079264361296', 'Ben Quadinaros', '0989655180', 'benquadinaros@gmail.com', 'benquadinaros', 'password', '0', '1'),
('KH000046', '079246106712', 'Mace Windu', '0918078341', 'macewindu@gmail.com', 'macewindu', 'password', '0', '1'),
('KH000047', '079709732280', 'Ki-Adi-Mundi', '0960692708', 'ki-adi-mundi@gmail.com', 'ki-adi-mundi', 'password', '0', '1'),
('KH000048', '079640609203', 'Kit Fisto', '0998068162', 'kitfisto@gmail.com', 'kitfisto', 'password', '0', '1'),
('KH000049', '079918254391', 'Eeth Koth', '0921716683', 'eethkoth@gmail.com', 'eethkoth', 'password', '0', '1'),
('KH000050', '079053700723', 'Adi Gallia', '0955900504', 'adigallia@gmail.com', 'adigallia', 'password', '0', '1'),
('KH000051', '079467579563', 'Saesee Tiin', '0977000999', 'saeseetiin@gmail.com', 'saeseetiin', 'password', '0', '1'),
('KH000052', '079383674242', 'Yarael Poof', '0999958674', 'yaraelpoof@gmail.com', 'yaraelpoof', 'password', '0', '1'),
('KH000053', '079737801341', 'Plo Koon', '0905901776', 'plokoon@gmail.com', 'plokoon', 'password', '0', '1'),
('KH000054', '079927139540', 'Mas Amedda', '0960832200', 'masamedda@gmail.com', 'masamedda', 'password', '0', '1'),
('KH000055', '079589451310', 'Gregar Typho', '0920975270', 'gregartypho@gmail.com', 'gregartypho', 'password', '0', '1'),
('KH000056', '079402822192', 'Corde', '0940308131', 'corde@gmail.com', 'corde', 'password', '0', '1'),
('KH000057', '079657009871', 'Cliegg Lars', '0920459248', 'cliegglars@gmail.com', 'cliegglars', 'password', '0', '1'),
('KH000058', '079405842133', 'Poggle the Lesser', '0941022705', 'pogglethelesser@gmail.com', 'pogglethelesser', 'password', '0', '1'),
('KH000059', '079263085024', 'Luminara Unduli', '0951906030', 'luminaraunduli@gmail.com', 'luminaraunduli', 'password', '0', '1'),
('KH000060', '079409114349', 'Barriss Offee', '0972923102', 'barrissoffee@gmail.com', 'barrissoffee', 'password', '0', '1'),
('KH000061', '079947427487', 'Dorme', '0973480089', 'dorme@gmail.com', 'dorme', 'password', '0', '1'),
('KH000062', '079070476172', 'Dooku', '0974825649', 'dooku@gmail.com', 'dooku', 'password', '0', '1'),
('KH000063', '079353178370', 'Bail Prestor Organa', '0997517130', 'bailprestororgana@gmail.com', 'bailprestororgana', 'password', '0', '1'),
('KH000064', '079476403711', 'Jango Fett', '0979675417', 'jangofett@gmail.com', 'jangofett', 'password', '0', '1'),
('KH000065', '079660032039', 'Zam Wesell', '0918132017', 'zamwesell@gmail.com', 'zamwesell', 'password', '0', '1'),
('KH000066', '079622031324', 'Dexter Jettster', '0902653643', 'dexterjettster@gmail.com', 'dexterjettster', 'password', '0', '1'),
('KH000067', '079058275861', 'Lama Su', '0918393602', 'lamasu@gmail.com', 'lamasu', 'password', '0', '1'),
('KH000068', '079275572065', 'Taun We', '0902782086', 'taunwe@gmail.com', 'taunwe', 'password', '0', '1'),
('KH000069', '079259877519', 'Jocasta Nu', '0915357265', 'jocastanu@gmail.com', 'jocastanu', 'password', '0', '1'),
('KH000070', '079777015596', 'Wat Tambor', '0919156605', 'wattambor@gmail.com', 'wattambor', 'password', '0', '1'),
('KH000071', '079160216942', 'San Hill', '0950575576', 'sanhill@gmail.com', 'sanhill', 'password', '0', '1'),
('KH000072', '079650053264', 'Shaak Ti', '0939570401', 'shaakti@gmail.com', 'shaakti', 'password', '0', '1'),
('KH000073', '079554484454', 'Grievous', '0930401136', 'grievous@gmail.com', 'grievous', 'password', '0', '1'),
('KH000074', '079776947861', 'Tarfful', '0951332761', 'tarfful@gmail.com', 'tarfful', 'password', '0', '1'),
('KH000075', '079468901594', 'Raymus Antilles', '0954123772', 'raymusantilles@gmail.com', 'raymusantilles', 'password', '0', '1'),
('KH000076', '079511765908', 'Sly Moore', '0935597728', 'slymoore@gmail.com', 'slymoore', 'password', '0', '1'),
('KH000077', '079004177125', 'Tion Medon', '0978971987', 'tionmedon@gmail.com', 'tionmedon', 'password', '0', '1'),
('KH000078', '079756318786', 'Uzumaki Naruto', '0939729632', 'uzumakinaruto@gmail.com', 'uzumakinaruto', 'password', '0', '1'),
('KH000079', '079637644578', 'Uchiha Sasuke', '0988287659', 'uchihasasuke@gmail.com', 'uchihasasuke', 'password', '0', '1'),
('KH000080', '079976489134', 'Haruno Sakura', '0986118519', 'harunosakura@gmail.com', 'harunosakura', 'password', '0', '1');

-- 14. Add service packet
INSERT INTO `service_packet` (`PackageName`, `DayNum`, `GuestNum`, `Price`) VALUES 
('Package A', '14', '2', '10000'),
('Package B', '14', '4', '20000'),
('Package C', '14', '6', '30000'),
('Package D', '14', '8', '40000');

-- 15. Add packet bill
INSERT INTO `packet_bill` (`CustomerID`, `PackageName`, `PurchaseDate`, `StartDate`, `TotalPay`) VALUES
('KH000010', 'Package A', '2021-01-01 00:00:00', '2021-01-02 00:00:00', '10000'),
('KH000020', 'Package A', '2022-01-01 00:00:00', '2022-01-02 00:00:00', '10000'),
('KH000030', 'Package B', '2021-01-01 00:00:00', '2021-01-02 00:00:00', '20000'),
('KH000040', 'Package B', '2022-01-01 00:00:00', '2022-01-02 00:00:00', '20000'),
('KH000050', 'Package C', '2021-01-01 00:00:00', '2021-01-02 00:00:00', '30000'),
('KH000060', 'Package C', '2022-01-01 00:00:00', '2022-01-02 00:00:00', '30000'),
('KH000070', 'Package D', '2021-01-01 00:00:00', '2021-01-02 00:00:00', '40000'),
('KH000080', 'Package D', '2022-01-01 00:00:00', '2022-01-02 00:00:00', '40000');

-- 19. Insert enterprise
INSERT INTO `enterprise`(`EnterpriseID`, `EnterpriseName`) VALUES
('DN0001', 'Michelin Star'),
('DN0002', 'Restful Spa'),
('DN0003', 'Circle K'),
('DN0004', 'Luxury Souvenir'),
('DN0005', 'Bartender');

-- 20. Insert service
INSERT INTO `service`(`ServiceID`, `ServiceType`, `GuestNum`, `Style`, `EnterpriseID`) VALUES
('DVR001', 'R', '50', 'delicious', 'DN0001'),
('DVS001', 'S', '50', 'comfort', 'DN0002'),
('DVC001', 'C', '50', 'sell everything', 'DN0003'),
('DVM001', 'M', '50', 'sell local stuffs', 'DN0004'),
('DVB001', 'B', '50', 'extra chill', 'DN0005'),
('DVR002', 'R', '50', 'delicious', 'DN0001'),
('DVS002', 'S', '50', 'comfort', 'DN0002'),
('DVC002', 'C', '50', 'sell everything', 'DN0003'),
('DVM002', 'M', '50', 'sell local stuffs', 'DN0004'),
('DVB002', 'B', '50', 'extra chill', 'DN0005'),
('DVR003', 'R', '50', 'delicious', 'DN0001'),
('DVS003', 'S', '50', 'comfort', 'DN0002'),
('DVC003', 'C', '50', 'sell everything', 'DN0003'),
('DVM003', 'M', '50', 'sell local stuffs', 'DN0004'),
('DVB003', 'B', '50', 'extra chill', 'DN0005'),
('DVR004', 'R', '50', 'delicious', 'DN0001'),
('DVS004', 'S', '50', 'comfort', 'DN0002'),
('DVC004', 'C', '50', 'sell everything', 'DN0003'),
('DVM004', 'M', '50', 'sell local stuffs', 'DN0004'),
('DVB004', 'B', '50', 'extra chill', 'DN0005');

-- 21. Spa service
INSERT INTO `spa_service`(`ServiceID`, `ProvidedService`) VALUES
('DVS001', 'Face treatment'),
('DVS002', 'Body treatment'),
('DVS003', 'Nail treatment'),
('DVS004', 'Hair treatment');

-- 22. Souvenir service
INSERT INTO `souvenir_category`(`ServiceID`, `Category`) VALUES
('DVM001', 'toy'),
('DVM002', 'keychain'),
('DVM003', 'bottle'),
('DVM004', 'hat');

-- 23. Souvenir brand
INSERT INTO `souvenir_brand`(`ServiceID`, `Brand`) VALUES
('DVM001', 'My Kingdom'),
('DVM002', 'Kawaii'),
('DVM003', 'Lock and Lock'),
('DVM004', 'Non Son');

-- 24. Add Block
INSERT INTO `block`(`BranchID`, `BlockID`, `Length`, `Width`, `RentalPrice`, `Description`, `ServiceID`, `StoreName`, `Logo`) VALUES
('CN1', '1', '20', '4', '10000', 'serve food', 'DVR001', 'Restaurant Branch 1', 'logoDVR001.png'),
('CN1', '2', '20', '4', '10000', 'spa your day', 'DVS001', 'Spa Branch 1', 'logoDVS001.png'),
('CN1', '3', '20', '4', '10000', 'sell convienience', 'DVC001', 'Convienience Store Branch 1', 'logoDVC001.png'),
('CN1', '4', '20', '4', '10000', 'sell souvenir', 'DVM001', 'Souvenir Shop Branch 1', 'logoDVM001.png'),
('CN1', '5', '20', '4', '10000', 'high to sky', 'DVB001', 'Bar Branch 1', 'logoDVB001.png'),
('CN2', '1', '20', '4', '10000', 'serve food', 'DVR002', 'Restaurant Branch 2', 'logoDVR002.png'),
('CN2', '2', '20', '4', '10000', 'spa your day', 'DVS002', 'Spa Branch 2', 'logoDVS002.png'),
('CN2', '3', '20', '4', '10000', 'sell convienience', 'DVC002', 'Convienience Store Branch 2', 'logoDVC002.png'),
('CN2', '4', '20', '4', '10000', 'sell souvenir', 'DVM002', 'Souvenir Shop Branch 2', 'logoDVM002.png'),
('CN2', '5', '20', '4', '10000', 'high to sky', 'DVB002', 'Bar Branch 2', 'logoDVB002.png'),
('CN3', '1', '20', '4', '10000', 'serve food', 'DVR003', 'Restaurant Branch 3', 'logoDVR003.png'),
('CN3', '2', '20', '4', '10000', 'spa your day', 'DVS003', 'Spa Branch 3', 'logoDVS003.png'),
('CN3', '3', '20', '4', '10000', 'sell convienience', 'DVC003', 'Convienience Store Branch 3', 'logoDVC003.png'),
('CN3', '4', '20', '4', '10000', 'sell souvenir', 'DVM003', 'Souvenir Shop Branch 3', 'logoDVM003.png'),
('CN3', '5', '20', '4', '10000', 'high to sky', 'DVB003', 'Bar Branch 3', 'logoDVB003.png'),
('CN4', '1', '20', '4', '10000', 'serve food', 'DVR004', 'Restaurant Branch 4', 'logoDVR004.png'),
('CN4', '2', '20', '4', '10000', 'spa your day', 'DVS004', 'Spa Branch 4', 'logoDVS004.png'),
('CN4', '3', '20', '4', '10000', 'sell convienience', 'DVC004', 'Convienience Store Branch 4', 'logoDVC004.png'),
('CN4', '4', '20', '4', '10000', 'sell souvenir', 'DVM004', 'Souvenir Shop Branch 4', 'logoDVM004.png'),
('CN4', '5', '20', '4', '10000', 'high to sky', 'DVB004', 'Bar Branch 4', 'logoDVB004.png');

-- 25. Add store image
INSERT INTO `store_image`(`BranchID`, `BlockID`, `Image`) VALUES
('CN1', '1', 'storeimage1cn1.png'),
('CN1', '2', 'storeimage2cn1.png'),
('CN1', '3', 'storeimage3cn1.png'),
('CN1', '4', 'storeimage4cn1.png'),
('CN1', '5', 'storeimage5cn1.png'),
('CN2', '1', 'storeimage1cn2.png'),
('CN2', '2', 'storeimage2cn2.png'),
('CN2', '3', 'storeimage3cn2.png'),
('CN2', '4', 'storeimage4cn2.png'),
('CN2', '5', 'storeimage5cn2.png'),
('CN3', '1', 'storeimage1cn3.png'),
('CN3', '2', 'storeimage2cn3.png'),
('CN3', '3', 'storeimage3cn3.png'),
('CN3', '4', 'storeimage4cn3.png'),
('CN3', '5', 'storeimage5cn3.png'),
('CN4', '1', 'storeimage1cn4.png'),
('CN4', '2', 'storeimage2cn4.png'),
('CN4', '3', 'storeimage3cn4.png'),
('CN4', '4', 'storeimage4cn4.png'),
('CN4', '5', 'storeimage5cn4.png');

-- 26. Add store image
INSERT INTO `active_time`(`BranchID`, `BlockID`, `openTime`, `closeTime`) VALUES
('CN1', '1', '07:00', '21:00'),
('CN1', '2', '07:00', '21:00'),
('CN1', '3', '07:00', '21:00'),
('CN1', '4', '07:00', '21:00'),
('CN1', '5', '07:00', '21:00'),
('CN2', '1', '07:00', '21:00'),
('CN2', '2', '07:00', '21:00'),
('CN2', '3', '07:00', '21:00'),
('CN2', '4', '07:00', '21:00'),
('CN2', '5', '07:00', '21:00'),
('CN3', '1', '07:00', '21:00'),
('CN3', '2', '07:00', '21:00'),
('CN3', '3', '07:00', '21:00'),
('CN3', '4', '07:00', '21:00'),
('CN3', '5', '07:00', '21:00'),
('CN4', '1', '07:00', '21:00'),
('CN4', '2', '07:00', '21:00'),
('CN4', '3', '07:00', '21:00'),
('CN4', '4', '07:00', '21:00'),
('CN4', '5', '07:00', '21:00');


-- 16. Add booking
INSERT INTO `booking` (`BookingDate`, `GuestNum`, `CheckIn`, `CheckOut`, `Status`, `TotalPay`, `CustomerID`) VALUES
('2022-11-23 13:02:50', '4', '2022-11-24', '2022-11-25', '1', '4000', 'KH000001'),
('2023-05-15 13:56:10', '2', '2023-05-16', '2023-05-17', '1', '2000', 'KH000001'),
('2021-03-11 08:28:35', '6', '2021-03-12', '2021-03-13', '1', '6000', 'KH000001'),
('2023-12-24 12:03:31', '7', '2023-12-25', '2023-12-26', '1', '7000', 'KH000001'),
('2022-03-09 07:32:20', '3', '2022-03-10', '2022-03-11', '1', '3000', 'KH000001'),
('2021-01-07 04:00:53', '6', '2021-01-08', '2021-01-09', '1', '6000', 'KH000001'),
('2023-10-07 02:33:26', '6', '2023-10-08', '2023-10-09', '1', '6000', 'KH000001'),
('2020-06-20 01:27:33', '5', '2020-06-21', '2020-06-22', '1', '5000', 'KH000001'),
('2021-04-01 22:09:08', '4', '2021-04-02', '2021-04-03', '1', '4000', 'KH000001'),
('2023-12-01 11:45:56', '7', '2023-12-02', '2023-12-03', '1', '7000', 'KH000001'),
('2021-03-23 06:10:25', '6', '2021-03-24', '2021-03-25', '1', '6000', 'KH000001'),
('2022-08-03 20:17:06', '6', '2022-08-04', '2022-08-05', '1', '6000', 'KH000001'),
('2020-07-04 09:01:23', '3', '2020-07-05', '2020-07-06', '1', '3000', 'KH000001'),
('2023-01-22 09:26:50', '5', '2023-01-23', '2023-01-24', '1', '5000', 'KH000001'),
('2022-12-26 10:51:23', '7', '2022-12-27', '2022-12-28', '1', '7000', 'KH000001'),
('2021-05-03 04:07:34', '5', '2021-05-04', '2021-05-05', '1', '5000', 'KH000002'),
('2023-03-23 22:57:11', '5', '2023-03-24', '2023-03-25', '1', '5000', 'KH000002'),
('2023-08-17 15:05:55', '8', '2023-08-18', '2023-08-19', '1', '8000', 'KH000002'),
('2021-07-25 02:06:57', '5', '2021-07-26', '2021-07-27', '1', '5000', 'KH000002'),
('2022-10-18 11:33:12', '7', '2022-10-19', '2022-10-20', '1', '7000', 'KH000002'),
('2023-09-12 08:25:27', '7', '2023-09-13', '2023-09-14', '1', '7000', 'KH000002'),
('2022-05-09 04:52:41', '8', '2022-05-10', '2022-05-11', '1', '8000', 'KH000002'),
('2020-04-20 00:40:35', '5', '2020-04-21', '2020-04-22', '1', '5000', 'KH000002'),
('2021-04-20 16:21:18', '8', '2021-04-21', '2021-04-22', '1', '8000', 'KH000002'),
('2020-12-15 16:06:18', '3', '2020-12-16', '2020-12-17', '1', '3000', 'KH000002'),
('2020-08-15 05:11:32', '7', '2020-08-16', '2020-08-17', '1', '7000', 'KH000002'),
('2022-06-25 23:39:43', '2', '2022-06-26', '2022-06-27', '1', '2000', 'KH000002'),
('2022-10-11 17:07:34', '5', '2022-10-12', '2022-10-13', '1', '5000', 'KH000002'),
('2023-02-05 19:44:44', '5', '2023-02-06', '2023-02-07', '1', '5000', 'KH000002'),
('2021-01-07 22:39:18', '5', '2021-01-08', '2021-01-09', '1', '5000', 'KH000002'),
('2022-03-13 07:44:38', '7', '2022-03-14', '2022-03-15', '1', '7000', 'KH000003'),
('2023-10-20 20:46:51', '6', '2023-10-21', '2023-10-22', '1', '6000', 'KH000003'),
('2023-09-23 14:11:57', '8', '2023-09-24', '2023-09-25', '1', '8000', 'KH000003'),
('2023-11-24 01:01:41', '8', '2023-11-25', '2023-11-26', '1', '8000', 'KH000003'),
('2020-11-05 17:35:33', '2', '2020-11-06', '2020-11-07', '1', '2000', 'KH000003'),
('2021-07-14 04:54:33', '4', '2021-07-15', '2021-07-16', '1', '4000', 'KH000003'),
('2022-04-07 09:16:24', '7', '2022-04-08', '2022-04-09', '1', '7000', 'KH000003'),
('2023-07-24 00:46:01', '2', '2023-07-25', '2023-07-26', '1', '2000', 'KH000003'),
('2021-07-14 01:36:18', '8', '2021-07-15', '2021-07-16', '1', '8000', 'KH000003'),
('2021-07-25 12:27:20', '3', '2021-07-26', '2021-07-27', '1', '3000', 'KH000003'),
('2023-01-02 18:08:54', '6', '2023-01-03', '2023-01-04', '1', '6000', 'KH000003'),
('2022-02-26 04:15:37', '7', '2022-02-27', '2022-02-28', '1', '7000', 'KH000003'),
('2021-11-04 04:01:10', '5', '2021-11-05', '2021-11-06', '1', '5000', 'KH000003'),
('2021-08-23 22:52:18', '3', '2021-08-24', '2021-08-25', '1', '3000', 'KH000003'),
('2023-02-15 03:43:53', '4', '2023-02-16', '2023-02-17', '1', '4000', 'KH000003'),
('2020-08-24 21:21:28', '3', '2020-08-25', '2020-08-26', '1', '3000', 'KH000004'),
('2022-10-10 10:47:59', '6', '2022-10-11', '2022-10-12', '1', '6000', 'KH000004'),
('2023-07-09 06:20:55', '8', '2023-07-10', '2023-07-11', '1', '8000', 'KH000004'),
('2023-01-07 23:41:44', '7', '2023-01-08', '2023-01-09', '1', '7000', 'KH000004'),
('2022-07-11 13:00:39', '7', '2022-07-12', '2022-07-13', '1', '7000', 'KH000004'),
('2022-01-07 15:12:30', '4', '2022-01-08', '2022-01-09', '1', '4000', 'KH000004'),
('2022-10-24 13:01:57', '6', '2022-10-25', '2022-10-26', '1', '6000', 'KH000004'),
('2022-12-23 01:33:17', '7', '2022-12-24', '2022-12-25', '1', '7000', 'KH000004'),
('2022-10-13 10:17:05', '8', '2022-10-14', '2022-10-15', '1', '8000', 'KH000004'),
('2022-01-02 03:06:32', '3', '2022-01-03', '2022-01-04', '1', '3000', 'KH000004'),
('2021-01-16 21:39:10', '3', '2021-01-17', '2021-01-18', '1', '3000', 'KH000004'),
('2023-07-09 16:46:13', '8', '2023-07-10', '2023-07-11', '1', '8000', 'KH000004'),
('2021-04-22 01:59:51', '4', '2021-04-23', '2021-04-24', '1', '4000', 'KH000004'),
('2023-08-20 04:09:35', '4', '2023-08-21', '2023-08-22', '1', '4000', 'KH000004'),
('2023-09-21 09:16:37', '6', '2023-09-22', '2023-09-23', '1', '6000', 'KH000004'),
('2022-06-02 18:34:18', '5', '2022-06-03', '2022-06-04', '1', '5000', 'KH000005'),
('2022-03-10 13:38:53', '6', '2022-03-11', '2022-03-12', '1', '6000', 'KH000005'),
('2020-10-19 10:48:11', '6', '2020-10-20', '2020-10-21', '1', '6000', 'KH000005'),
('2020-04-22 17:55:22', '8', '2020-04-23', '2020-04-24', '1', '8000', 'KH000005'),
('2023-09-25 04:00:48', '7', '2023-09-26', '2023-09-27', '1', '7000', 'KH000005'),
('2020-10-05 21:48:52', '6', '2020-10-06', '2020-10-07', '1', '6000', 'KH000005'),
('2020-01-12 14:27:12', '5', '2020-01-13', '2020-01-14', '1', '5000', 'KH000005'),
('2023-08-17 01:51:07', '2', '2023-08-18', '2023-08-19', '1', '2000', 'KH000005'),
('2020-05-20 12:41:00', '7', '2020-05-21', '2020-05-22', '1', '7000', 'KH000005'),
('2020-05-10 03:43:58', '6', '2020-05-11', '2020-05-12', '1', '6000', 'KH000005'),
('2020-04-21 03:26:24', '4', '2020-04-22', '2020-04-23', '1', '4000', 'KH000005'),
('2020-06-26 13:49:07', '6', '2020-06-27', '2020-06-28', '1', '6000', 'KH000005'),
('2021-07-26 22:02:05', '7', '2021-07-27', '2021-07-28', '1', '7000', 'KH000005'),
('2020-11-19 04:47:26', '4', '2020-11-20', '2020-11-21', '1', '4000', 'KH000005'),
('2023-04-04 20:42:55', '6', '2023-04-05', '2023-04-06', '1', '6000', 'KH000005'),
('2022-04-09 05:15:05', '2', '2022-04-10', '2022-04-11', '1', '2000', 'KH000006'),
('2021-04-04 14:44:17', '6', '2021-04-05', '2021-04-06', '1', '6000', 'KH000006'),
('2022-03-13 11:24:07', '3', '2022-03-14', '2022-03-15', '1', '3000', 'KH000006'),
('2022-12-25 23:22:32', '6', '2022-12-26', '2022-12-27', '1', '6000', 'KH000006'),
('2021-02-12 00:30:58', '5', '2021-02-13', '2021-02-14', '1', '5000', 'KH000006'),
('2021-11-06 08:08:59', '7', '2021-11-07', '2021-11-08', '1', '7000', 'KH000006'),
('2022-03-14 06:45:18', '2', '2022-03-15', '2022-03-16', '1', '2000', 'KH000006'),
('2021-08-19 13:29:43', '8', '2021-08-20', '2021-08-21', '1', '8000', 'KH000006'),
('2020-08-22 08:24:19', '4', '2020-08-23', '2020-08-24', '1', '4000', 'KH000006'),
('2021-09-26 17:27:22', '8', '2021-09-27', '2021-09-28', '1', '8000', 'KH000006'),
('2020-04-02 23:07:16', '8', '2020-04-03', '2020-04-04', '1', '8000', 'KH000006'),
('2022-06-11 08:39:43', '7', '2022-06-12', '2022-06-13', '1', '7000', 'KH000006'),
('2020-05-24 13:28:20', '4', '2020-05-25', '2020-05-26', '1', '4000', 'KH000006'),
('2022-10-13 03:20:46', '3', '2022-10-14', '2022-10-15', '1', '3000', 'KH000006'),
('2023-12-24 13:56:51', '4', '2023-12-25', '2023-12-26', '1', '4000', 'KH000006'),
('2023-03-13 08:11:55', '7', '2023-03-14', '2023-03-15', '1', '7000', 'KH000007'),
('2020-12-08 10:16:18', '5', '2020-12-09', '2020-12-10', '1', '5000', 'KH000007'),
('2020-03-24 16:02:37', '2', '2020-03-25', '2020-03-26', '1', '2000', 'KH000007'),
('2023-12-12 18:04:31', '3', '2023-12-13', '2023-12-14', '1', '3000', 'KH000007'),
('2022-03-09 03:27:28', '3', '2022-03-10', '2022-03-11', '1', '3000', 'KH000007'),
('2020-06-24 10:33:49', '8', '2020-06-25', '2020-06-26', '1', '8000', 'KH000007'),
('2021-12-07 05:15:30', '4', '2021-12-08', '2021-12-09', '1', '4000', 'KH000007'),
('2023-02-09 19:00:56', '3', '2023-02-10', '2023-02-11', '1', '3000', 'KH000007'),
('2023-03-05 03:35:47', '2', '2023-03-06', '2023-03-07', '1', '2000', 'KH000007'),
('2022-03-10 13:44:07', '7', '2022-03-11', '2022-03-12', '1', '7000', 'KH000007'),
('2020-06-08 05:03:30', '8', '2020-06-09', '2020-06-10', '1', '8000', 'KH000007'),
('2020-04-25 05:31:10', '5', '2020-04-26', '2020-04-27', '1', '5000', 'KH000007'),
('2023-06-26 10:46:52', '8', '2023-06-27', '2023-06-28', '1', '8000', 'KH000007'),
('2023-09-19 06:35:09', '5', '2023-09-20', '2023-09-21', '1', '5000', 'KH000007'),
('2023-10-10 05:05:20', '5', '2023-10-11', '2023-10-12', '1', '5000', 'KH000007'),
('2021-02-06 22:49:20', '5', '2021-02-07', '2021-02-08', '1', '5000', 'KH000008'),
('2021-01-20 07:11:24', '2', '2021-01-21', '2021-01-22', '1', '2000', 'KH000008'),
('2023-10-25 22:38:45', '3', '2023-10-26', '2023-10-27', '1', '3000', 'KH000008'),
('2022-05-19 12:19:46', '4', '2022-05-20', '2022-05-21', '1', '4000', 'KH000008'),
('2023-12-09 23:18:23', '7', '2023-12-10', '2023-12-11', '1', '7000', 'KH000008'),
('2020-09-06 03:00:09', '2', '2020-09-07', '2020-09-08', '1', '2000', 'KH000008'),
('2021-03-01 03:14:19', '2', '2021-03-02', '2021-03-03', '1', '2000', 'KH000008'),
('2022-01-08 10:21:29', '8', '2022-01-09', '2022-01-10', '1', '8000', 'KH000008'),
('2020-11-08 04:06:52', '3', '2020-11-09', '2020-11-10', '1', '3000', 'KH000008'),
('2022-10-24 16:31:53', '3', '2022-10-25', '2022-10-26', '1', '3000', 'KH000008'),
('2021-10-26 17:47:19', '6', '2021-10-27', '2021-10-28', '1', '6000', 'KH000008'),
('2020-02-05 05:29:26', '7', '2020-02-06', '2020-02-07', '1', '7000', 'KH000008'),
('2022-09-14 10:31:24', '7', '2022-09-15', '2022-09-16', '1', '7000', 'KH000008'),
('2023-09-16 11:13:15', '4', '2023-09-17', '2023-09-18', '1', '4000', 'KH000008'),
('2021-05-17 16:51:14', '5', '2021-05-18', '2021-05-19', '1', '5000', 'KH000008'),
('2021-10-04 14:02:41', '3', '2021-10-05', '2021-10-06', '1', '3000', 'KH000009'),
('2023-08-23 04:49:12', '8', '2023-08-24', '2023-08-25', '1', '8000', 'KH000009'),
('2023-04-11 03:34:35', '6', '2023-04-12', '2023-04-13', '1', '6000', 'KH000009'),
('2021-11-06 10:46:52', '6', '2021-11-07', '2021-11-08', '1', '6000', 'KH000009'),
('2023-01-23 19:16:12', '7', '2023-01-24', '2023-01-25', '1', '7000', 'KH000009'),
('2021-05-19 23:00:36', '2', '2021-05-20', '2021-05-21', '1', '2000', 'KH000009'),
('2021-12-18 10:37:19', '4', '2021-12-19', '2021-12-20', '1', '4000', 'KH000009'),
('2023-07-11 13:52:06', '8', '2023-07-12', '2023-07-13', '1', '8000', 'KH000009'),
('2023-01-24 12:26:10', '5', '2023-01-25', '2023-01-26', '1', '5000', 'KH000009'),
('2023-03-10 15:23:37', '6', '2023-03-11', '2023-03-12', '1', '6000', 'KH000009'),
('2023-08-12 11:11:16', '4', '2023-08-13', '2023-08-14', '1', '4000', 'KH000009'),
('2023-04-22 02:16:39', '5', '2023-04-23', '2023-04-24', '1', '5000', 'KH000009'),
('2022-02-10 06:36:14', '7', '2022-02-11', '2022-02-12', '1', '7000', 'KH000009'),
('2022-12-01 17:57:18', '3', '2022-12-02', '2022-12-03', '1', '3000', 'KH000009'),
('2022-06-21 14:48:34', '8', '2022-06-22', '2022-06-23', '1', '8000', 'KH000009'),
('2022-09-18 05:33:00', '7', '2022-09-19', '2022-09-20', '1', '7000', 'KH000010'),
('2020-12-26 04:24:17', '7', '2020-12-27', '2020-12-28', '1', '7000', 'KH000010'),
('2020-06-25 12:45:10', '7', '2020-06-26', '2020-06-27', '1', '7000', 'KH000010'),
('2020-05-25 06:10:19', '4', '2020-05-26', '2020-05-27', '1', '4000', 'KH000010'),
('2023-11-18 13:29:43', '6', '2023-11-19', '2023-11-20', '1', '6000', 'KH000010'),
('2020-05-23 11:40:15', '2', '2020-05-24', '2020-05-25', '1', '2000', 'KH000010'),
('2020-09-23 01:08:39', '2', '2020-09-24', '2020-09-25', '1', '2000', 'KH000010'),
('2022-05-02 22:06:35', '7', '2022-05-03', '2022-05-04', '1', '7000', 'KH000010'),
('2020-09-08 10:06:49', '5', '2020-09-09', '2020-09-10', '1', '5000', 'KH000010'),
('2020-08-04 09:58:04', '2', '2020-08-05', '2020-08-06', '1', '2000', 'KH000010'),
('2023-11-16 03:03:06', '7', '2023-11-17', '2023-11-18', '1', '7000', 'KH000010'),
('2022-03-11 07:50:10', '2', '2022-03-12', '2022-03-13', '1', '2000', 'KH000010'),
('2021-05-12 05:54:56', '4', '2021-05-13', '2021-05-14', '1', '4000', 'KH000010'),
('2023-05-04 10:33:40', '3', '2023-05-05', '2023-05-06', '1', '3000', 'KH000010'),
('2022-02-26 08:05:51', '4', '2022-02-27', '2022-02-28', '1', '4000', 'KH000010'),
('2023-08-10 21:17:13', '3', '2023-08-11', '2023-08-12', '1', '3000', 'KH000011'),
('2020-01-17 21:33:33', '4', '2020-01-18', '2020-01-19', '1', '4000', 'KH000011'),
('2023-05-14 06:46:46', '8', '2023-05-15', '2023-05-16', '1', '8000', 'KH000011'),
('2023-05-22 22:49:41', '6', '2023-05-23', '2023-05-24', '1', '6000', 'KH000011'),
('2022-09-09 20:19:15', '3', '2022-09-10', '2022-09-11', '1', '3000', 'KH000011'),
('2020-06-25 00:27:19', '8', '2020-06-26', '2020-06-27', '1', '8000', 'KH000011'),
('2022-07-08 06:26:38', '5', '2022-07-09', '2022-07-10', '1', '5000', 'KH000011'),
('2021-03-26 04:38:36', '3', '2021-03-27', '2021-03-28', '1', '3000', 'KH000011'),
('2021-01-19 08:03:53', '5', '2021-01-20', '2021-01-21', '1', '5000', 'KH000011'),
('2022-03-05 08:11:47', '8', '2022-03-06', '2022-03-07', '1', '8000', 'KH000011'),
('2022-01-09 04:44:42', '7', '2022-01-10', '2022-01-11', '1', '7000', 'KH000011'),
('2023-06-09 18:28:21', '4', '2023-06-10', '2023-06-11', '1', '4000', 'KH000011'),
('2022-07-08 23:00:26', '2', '2022-07-09', '2022-07-10', '1', '2000', 'KH000011'),
('2020-01-16 20:41:05', '6', '2020-01-17', '2020-01-18', '1', '6000', 'KH000011'),
('2021-10-13 03:53:21', '7', '2021-10-14', '2021-10-15', '1', '7000', 'KH000011'),
('2022-10-19 04:05:51', '5', '2022-10-20', '2022-10-21', '1', '5000', 'KH000012'),
('2021-01-07 00:07:11', '2', '2021-01-08', '2021-01-09', '1', '2000', 'KH000012'),
('2022-11-11 19:27:33', '4', '2022-11-12', '2022-11-13', '1', '4000', 'KH000012'),
('2022-11-15 21:43:57', '6', '2022-11-16', '2022-11-17', '1', '6000', 'KH000012'),
('2021-04-01 14:07:50', '2', '2021-04-02', '2021-04-03', '1', '2000', 'KH000012'),
('2020-01-18 03:01:10', '2', '2020-01-19', '2020-01-20', '1', '2000', 'KH000012'),
('2021-09-07 09:03:18', '4', '2021-09-08', '2021-09-09', '1', '4000', 'KH000012'),
('2023-05-05 22:15:47', '5', '2023-05-06', '2023-05-07', '1', '5000', 'KH000012'),
('2020-10-07 16:43:33', '3', '2020-10-08', '2020-10-09', '1', '3000', 'KH000012'),
('2020-06-16 01:25:42', '4', '2020-06-17', '2020-06-18', '1', '4000', 'KH000012'),
('2021-12-19 15:43:29', '8', '2021-12-20', '2021-12-21', '1', '8000', 'KH000012'),
('2021-01-06 13:15:21', '4', '2021-01-07', '2021-01-08', '1', '4000', 'KH000012'),
('2022-02-01 04:47:48', '7', '2022-02-02', '2022-02-03', '1', '7000', 'KH000012'),
('2021-07-18 09:53:38', '4', '2021-07-19', '2021-07-20', '1', '4000', 'KH000012'),
('2022-04-22 10:34:34', '8', '2022-04-23', '2022-04-24', '1', '8000', 'KH000012'),
('2020-07-23 01:11:48', '7', '2020-07-24', '2020-07-25', '1', '7000', 'KH000013'),
('2020-11-21 12:02:50', '8', '2020-11-22', '2020-11-23', '1', '8000', 'KH000013'),
('2023-01-10 19:10:15', '3', '2023-01-11', '2023-01-12', '1', '3000', 'KH000013'),
('2022-12-08 10:42:22', '8', '2022-12-09', '2022-12-10', '1', '8000', 'KH000013'),
('2023-05-18 14:08:29', '3', '2023-05-19', '2023-05-20', '1', '3000', 'KH000013'),
('2022-11-10 23:01:07', '5', '2022-11-11', '2022-11-12', '1', '5000', 'KH000013'),
('2020-05-03 20:07:39', '3', '2020-05-04', '2020-05-05', '1', '3000', 'KH000013'),
('2020-10-25 04:15:33', '5', '2020-10-26', '2020-10-27', '1', '5000', 'KH000013'),
('2021-04-16 00:08:46', '8', '2021-04-17', '2021-04-18', '1', '8000', 'KH000013'),
('2023-08-05 11:16:53', '5', '2023-08-06', '2023-08-07', '1', '5000', 'KH000013'),
('2022-02-05 16:00:29', '8', '2022-02-06', '2022-02-07', '1', '8000', 'KH000013'),
('2023-08-03 13:48:43', '2', '2023-08-04', '2023-08-05', '1', '2000', 'KH000013'),
('2020-03-05 12:40:02', '6', '2020-03-06', '2020-03-07', '1', '6000', 'KH000013'),
('2020-06-23 20:15:58', '5', '2020-06-24', '2020-06-25', '1', '5000', 'KH000013'),
('2020-02-25 14:33:04', '4', '2020-02-26', '2020-02-27', '1', '4000', 'KH000013'),
('2022-05-04 15:35:37', '2', '2022-05-05', '2022-05-06', '1', '2000', 'KH000014'),
('2023-07-18 13:24:01', '4', '2023-07-19', '2023-07-20', '1', '4000', 'KH000014'),
('2020-01-04 18:23:03', '8', '2020-01-05', '2020-01-06', '1', '8000', 'KH000014'),
('2021-06-05 04:00:34', '2', '2021-06-06', '2021-06-07', '1', '2000', 'KH000014'),
('2022-11-18 21:19:39', '3', '2022-11-19', '2022-11-20', '1', '3000', 'KH000014'),
('2023-12-22 21:50:08', '7', '2023-12-23', '2023-12-24', '1', '7000', 'KH000014'),
('2020-12-16 23:03:55', '5', '2020-12-17', '2020-12-18', '1', '5000', 'KH000014'),
('2020-04-25 23:34:34', '5', '2020-04-26', '2020-04-27', '1', '5000', 'KH000014'),
('2020-09-06 06:10:26', '6', '2020-09-07', '2020-09-08', '1', '6000', 'KH000014'),
('2023-07-11 06:41:38', '6', '2023-07-12', '2023-07-13', '1', '6000', 'KH000014'),
('2022-03-16 04:48:33', '2', '2022-03-17', '2022-03-18', '1', '2000', 'KH000014'),
('2021-09-11 17:23:48', '5', '2021-09-12', '2021-09-13', '1', '5000', 'KH000014'),
('2023-01-10 19:41:01', '3', '2023-01-11', '2023-01-12', '1', '3000', 'KH000014'),
('2023-02-16 00:17:23', '2', '2023-02-17', '2023-02-18', '1', '2000', 'KH000014'),
('2023-03-15 12:30:06', '3', '2023-03-16', '2023-03-17', '1', '3000', 'KH000014'),
('2020-07-14 09:16:28', '5', '2020-07-15', '2020-07-16', '1', '5000', 'KH000015'),
('2021-12-05 22:22:06', '3', '2021-12-06', '2021-12-07', '1', '3000', 'KH000015'),
('2021-08-03 16:44:49', '7', '2021-08-04', '2021-08-05', '1', '7000', 'KH000015'),
('2021-06-21 00:47:25', '5', '2021-06-22', '2021-06-23', '1', '5000', 'KH000015'),
('2023-07-21 09:19:06', '4', '2023-07-22', '2023-07-23', '1', '4000', 'KH000015'),
('2021-12-03 06:45:55', '4', '2021-12-04', '2021-12-05', '1', '4000', 'KH000015'),
('2023-01-09 02:07:34', '4', '2023-01-10', '2023-01-11', '1', '4000', 'KH000015'),
('2023-02-14 05:43:05', '4', '2023-02-15', '2023-02-16', '1', '4000', 'KH000015'),
('2022-08-08 08:58:56', '4', '2022-08-09', '2022-08-10', '1', '4000', 'KH000015'),
('2023-09-06 10:06:56', '6', '2023-09-07', '2023-09-08', '1', '6000', 'KH000015'),
('2023-02-18 02:06:31', '8', '2023-02-19', '2023-02-20', '1', '8000', 'KH000015'),
('2023-03-21 14:55:26', '2', '2023-03-22', '2023-03-23', '1', '2000', 'KH000015'),
('2023-05-07 10:31:14', '5', '2023-05-08', '2023-05-09', '1', '5000', 'KH000015'),
('2021-10-16 10:30:44', '6', '2021-10-17', '2021-10-18', '1', '6000', 'KH000015'),
('2022-04-02 09:58:16', '3', '2022-04-03', '2022-04-04', '1', '3000', 'KH000015'),
('2020-02-13 01:33:17', '2', '2020-02-14', '2020-02-15', '1', '2000', 'KH000016'),
('2020-09-23 13:23:47', '8', '2020-09-24', '2020-09-25', '1', '8000', 'KH000016'),
('2022-01-22 21:33:18', '3', '2022-01-23', '2022-01-24', '1', '3000', 'KH000016'),
('2020-05-16 07:59:36', '3', '2020-05-17', '2020-05-18', '1', '3000', 'KH000016'),
('2021-04-24 17:50:21', '3', '2021-04-25', '2021-04-26', '1', '3000', 'KH000016'),
('2020-11-06 16:37:52', '2', '2020-11-07', '2020-11-08', '1', '2000', 'KH000016'),
('2022-02-12 20:45:06', '8', '2022-02-13', '2022-02-14', '1', '8000', 'KH000016'),
('2021-01-23 04:03:19', '5', '2021-01-24', '2021-01-25', '1', '5000', 'KH000016'),
('2023-10-02 04:16:53', '6', '2023-10-03', '2023-10-04', '1', '6000', 'KH000016'),
('2022-10-15 05:51:02', '3', '2022-10-16', '2022-10-17', '1', '3000', 'KH000016'),
('2021-01-14 19:38:15', '7', '2021-01-15', '2021-01-16', '1', '7000', 'KH000016'),
('2021-05-06 04:32:24', '6', '2021-05-07', '2021-05-08', '1', '6000', 'KH000016'),
('2021-01-07 16:01:10', '4', '2021-01-08', '2021-01-09', '1', '4000', 'KH000016'),
('2023-01-26 13:35:08', '6', '2023-01-27', '2023-01-28', '1', '6000', 'KH000016'),
('2020-09-17 16:09:47', '5', '2020-09-18', '2020-09-19', '1', '5000', 'KH000016'),
('2022-12-14 23:43:52', '5', '2022-12-15', '2022-12-16', '1', '5000', 'KH000017'),
('2023-04-03 00:44:16', '7', '2023-04-04', '2023-04-05', '1', '7000', 'KH000017'),
('2023-12-01 22:04:16', '5', '2023-12-02', '2023-12-03', '1', '5000', 'KH000017'),
('2020-02-10 10:30:46', '2', '2020-02-11', '2020-02-12', '1', '2000', 'KH000017'),
('2023-03-20 15:02:06', '5', '2023-03-21', '2023-03-22', '1', '5000', 'KH000017'),
('2020-12-22 11:04:18', '7', '2020-12-23', '2020-12-24', '1', '7000', 'KH000017'),
('2023-07-04 12:42:18', '2', '2023-07-05', '2023-07-06', '1', '2000', 'KH000017'),
('2020-07-20 03:25:30', '3', '2020-07-21', '2020-07-22', '1', '3000', 'KH000017'),
('2023-05-09 03:20:10', '3', '2023-05-10', '2023-05-11', '1', '3000', 'KH000017'),
('2022-09-09 07:11:09', '6', '2022-09-10', '2022-09-11', '1', '6000', 'KH000017'),
('2021-08-13 22:51:28', '6', '2021-08-14', '2021-08-15', '1', '6000', 'KH000017'),
('2020-03-20 22:28:15', '8', '2020-03-21', '2020-03-22', '1', '8000', 'KH000017'),
('2021-09-17 20:20:26', '4', '2021-09-18', '2021-09-19', '1', '4000', 'KH000017'),
('2022-06-09 09:17:36', '3', '2022-06-10', '2022-06-11', '1', '3000', 'KH000017'),
('2020-06-13 07:12:25', '8', '2020-06-14', '2020-06-15', '1', '8000', 'KH000017'),
('2021-11-05 12:58:01', '5', '2021-11-06', '2021-11-07', '1', '5000', 'KH000018'),
('2020-11-05 20:16:08', '2', '2020-11-06', '2020-11-07', '1', '2000', 'KH000018'),
('2022-11-21 13:03:11', '8', '2022-11-22', '2022-11-23', '1', '8000', 'KH000018'),
('2022-10-23 22:10:00', '2', '2022-10-24', '2022-10-25', '1', '2000', 'KH000018'),
('2023-08-02 18:44:33', '4', '2023-08-03', '2023-08-04', '1', '4000', 'KH000018'),
('2023-08-05 14:34:18', '6', '2023-08-06', '2023-08-07', '1', '6000', 'KH000018'),
('2020-05-16 18:33:53', '3', '2020-05-17', '2020-05-18', '1', '3000', 'KH000018'),
('2023-03-13 08:42:25', '6', '2023-03-14', '2023-03-15', '1', '6000', 'KH000018'),
('2020-09-07 06:51:28', '3', '2020-09-08', '2020-09-09', '1', '3000', 'KH000018'),
('2023-12-13 06:42:28', '7', '2023-12-14', '2023-12-15', '1', '7000', 'KH000018'),
('2021-02-17 03:32:34', '7', '2021-02-18', '2021-02-19', '1', '7000', 'KH000018'),
('2021-06-21 21:51:03', '8', '2021-06-22', '2021-06-23', '1', '8000', 'KH000018'),
('2022-12-13 10:19:12', '8', '2022-12-14', '2022-12-15', '1', '8000', 'KH000018'),
('2022-04-21 02:04:30', '5', '2022-04-22', '2022-04-23', '1', '5000', 'KH000018'),
('2020-10-02 22:24:25', '4', '2020-10-03', '2020-10-04', '1', '4000', 'KH000018'),
('2020-04-25 21:48:31', '4', '2020-04-26', '2020-04-27', '1', '4000', 'KH000019'),
('2022-08-09 00:42:16', '7', '2022-08-10', '2022-08-11', '1', '7000', 'KH000019'),
('2020-01-02 06:46:40', '4', '2020-01-03', '2020-01-04', '1', '4000', 'KH000019'),
('2023-04-13 18:35:40', '2', '2023-04-14', '2023-04-15', '1', '2000', 'KH000019'),
('2022-01-26 03:19:42', '8', '2022-01-27', '2022-01-28', '1', '8000', 'KH000019'),
('2022-06-23 09:15:27', '3', '2022-06-24', '2022-06-25', '1', '3000', 'KH000019'),
('2023-08-15 23:59:33', '4', '2023-08-16', '2023-08-17', '1', '4000', 'KH000019'),
('2023-10-22 18:46:41', '7', '2023-10-23', '2023-10-24', '1', '7000', 'KH000019'),
('2020-10-17 19:45:03', '5', '2020-10-18', '2020-10-19', '1', '5000', 'KH000019'),
('2021-09-16 15:52:12', '6', '2021-09-17', '2021-09-18', '1', '6000', 'KH000019'),
('2021-10-14 00:00:49', '8', '2021-10-15', '2021-10-16', '1', '8000', 'KH000019'),
('2022-06-06 17:05:36', '4', '2022-06-07', '2022-06-08', '1', '4000', 'KH000019'),
('2020-05-06 23:55:17', '2', '2020-05-07', '2020-05-08', '1', '2000', 'KH000019'),
('2023-08-11 00:28:48', '4', '2023-08-12', '2023-08-13', '1', '4000', 'KH000019'),
('2021-03-16 21:13:45', '3', '2021-03-17', '2021-03-18', '1', '3000', 'KH000019'),
('2020-11-14 16:03:23', '7', '2020-11-15', '2020-11-16', '1', '7000', 'KH000020'),
('2020-06-03 09:22:09', '8', '2020-06-04', '2020-06-05', '1', '8000', 'KH000020'),
('2023-02-14 14:36:53', '5', '2023-02-15', '2023-02-16', '1', '5000', 'KH000020'),
('2022-07-09 15:06:07', '2', '2022-07-10', '2022-07-11', '1', '2000', 'KH000020'),
('2021-08-16 13:07:07', '6', '2021-08-17', '2021-08-18', '1', '6000', 'KH000020'),
('2023-05-21 16:43:06', '5', '2023-05-22', '2023-05-23', '1', '5000', 'KH000020'),
('2023-01-15 14:40:31', '7', '2023-01-16', '2023-01-17', '1', '7000', 'KH000020'),
('2020-05-26 17:43:01', '3', '2020-05-27', '2020-05-28', '1', '3000', 'KH000020'),
('2023-09-19 13:08:44', '8', '2023-09-20', '2023-09-21', '1', '8000', 'KH000020'),
('2023-08-16 21:11:05', '3', '2023-08-17', '2023-08-18', '1', '3000', 'KH000020'),
('2023-04-15 16:49:15', '6', '2023-04-16', '2023-04-17', '1', '6000', 'KH000020'),
('2020-11-05 03:14:30', '7', '2020-11-06', '2020-11-07', '1', '7000', 'KH000020'),
('2022-03-02 02:21:50', '7', '2022-03-03', '2022-03-04', '1', '7000', 'KH000020'),
('2020-02-03 19:32:01', '7', '2020-02-04', '2020-02-05', '1', '7000', 'KH000020'),
('2020-08-10 17:43:41', '6', '2020-08-11', '2020-08-12', '1', '6000', 'KH000020'),
('2023-03-22 08:39:42', '7', '2023-03-23', '2023-03-24', '1', '7000', 'KH000021'),
('2020-05-11 23:50:12', '5', '2020-05-12', '2020-05-13', '1', '5000', 'KH000021'),
('2021-12-10 21:06:29', '3', '2021-12-11', '2021-12-12', '1', '3000', 'KH000021'),
('2023-09-13 07:05:22', '3', '2023-09-14', '2023-09-15', '1', '3000', 'KH000021'),
('2022-05-25 16:59:08', '4', '2022-05-26', '2022-05-27', '1', '4000', 'KH000021'),
('2023-07-08 01:41:03', '4', '2023-07-09', '2023-07-10', '1', '4000', 'KH000021'),
('2022-11-12 05:30:21', '2', '2022-11-13', '2022-11-14', '1', '2000', 'KH000021'),
('2023-05-03 03:38:29', '8', '2023-05-04', '2023-05-05', '1', '8000', 'KH000021'),
('2020-10-17 09:03:32', '6', '2020-10-18', '2020-10-19', '1', '6000', 'KH000021'),
('2022-01-01 09:53:53', '2', '2022-01-02', '2022-01-03', '1', '2000', 'KH000021'),
('2021-06-04 16:15:28', '4', '2021-06-05', '2021-06-06', '1', '4000', 'KH000021'),
('2021-03-22 18:35:30', '6', '2021-03-23', '2021-03-24', '1', '6000', 'KH000021'),
('2022-08-06 10:52:21', '6', '2022-08-07', '2022-08-08', '1', '6000', 'KH000021'),
('2021-04-20 09:53:50', '5', '2021-04-21', '2021-04-22', '1', '5000', 'KH000021'),
('2022-06-06 15:00:10', '2', '2022-06-07', '2022-06-08', '1', '2000', 'KH000021'),
('2023-09-22 16:11:25', '5', '2023-09-23', '2023-09-24', '1', '5000', 'KH000022'),
('2021-02-10 14:38:43', '5', '2021-02-11', '2021-02-12', '1', '5000', 'KH000022'),
('2022-12-14 02:53:56', '2', '2022-12-15', '2022-12-16', '1', '2000', 'KH000022'),
('2022-01-26 17:26:20', '3', '2022-01-27', '2022-01-28', '1', '3000', 'KH000022'),
('2023-01-23 11:18:56', '8', '2023-01-24', '2023-01-25', '1', '8000', 'KH000022'),
('2020-09-02 11:35:32', '2', '2020-09-03', '2020-09-04', '1', '2000', 'KH000022'),
('2022-09-10 06:02:02', '8', '2022-09-11', '2022-09-12', '1', '8000', 'KH000022'),
('2020-03-13 04:39:12', '6', '2020-03-14', '2020-03-15', '1', '6000', 'KH000022'),
('2022-08-25 04:26:29', '5', '2022-08-26', '2022-08-27', '1', '5000', 'KH000022'),
('2022-08-16 04:54:54', '8', '2022-08-17', '2022-08-18', '1', '8000', 'KH000022'),
('2020-05-09 11:53:45', '2', '2020-05-10', '2020-05-11', '1', '2000', 'KH000022'),
('2023-04-15 14:42:39', '4', '2023-04-16', '2023-04-17', '1', '4000', 'KH000022'),
('2023-07-25 00:03:10', '6', '2023-07-26', '2023-07-27', '1', '6000', 'KH000022'),
('2022-03-10 17:32:39', '7', '2022-03-11', '2022-03-12', '1', '7000', 'KH000022'),
('2021-04-06 11:29:43', '7', '2021-04-07', '2021-04-08', '1', '7000', 'KH000022'),
('2022-04-25 16:29:56', '5', '2022-04-26', '2022-04-27', '1', '5000', 'KH000023'),
('2022-12-12 10:48:36', '5', '2022-12-13', '2022-12-14', '1', '5000', 'KH000023'),
('2021-07-08 05:02:54', '6', '2021-07-09', '2021-07-10', '1', '6000', 'KH000023'),
('2023-07-12 06:16:34', '6', '2023-07-13', '2023-07-14', '1', '6000', 'KH000023'),
('2022-04-20 06:31:40', '8', '2022-04-21', '2022-04-22', '1', '8000', 'KH000023'),
('2020-10-01 22:36:44', '5', '2020-10-02', '2020-10-03', '1', '5000', 'KH000023'),
('2023-05-10 15:09:42', '6', '2023-05-11', '2023-05-12', '1', '6000', 'KH000023'),
('2020-07-17 18:02:27', '7', '2020-07-18', '2020-07-19', '1', '7000', 'KH000023'),
('2020-08-02 10:15:05', '5', '2020-08-03', '2020-08-04', '1', '5000', 'KH000023'),
('2021-10-02 06:24:24', '2', '2021-10-03', '2021-10-04', '1', '2000', 'KH000023'),
('2023-12-22 03:45:54', '4', '2023-12-23', '2023-12-24', '1', '4000', 'KH000023'),
('2023-03-06 20:18:05', '8', '2023-03-07', '2023-03-08', '1', '8000', 'KH000023'),
('2021-10-07 00:07:26', '3', '2021-10-08', '2021-10-09', '1', '3000', 'KH000023'),
('2021-05-11 14:34:02', '4', '2021-05-12', '2021-05-13', '1', '4000', 'KH000023'),
('2022-06-02 01:56:26', '6', '2022-06-03', '2022-06-04', '1', '6000', 'KH000023'),
('2020-05-13 02:13:17', '8', '2020-05-14', '2020-05-15', '1', '8000', 'KH000024'),
('2022-04-13 15:26:11', '4', '2022-04-14', '2022-04-15', '1', '4000', 'KH000024'),
('2021-05-08 07:07:55', '3', '2021-05-09', '2021-05-10', '1', '3000', 'KH000024'),
('2023-01-17 07:04:03', '4', '2023-01-18', '2023-01-19', '1', '4000', 'KH000024'),
('2020-10-05 05:30:58', '8', '2020-10-06', '2020-10-07', '1', '8000', 'KH000024'),
('2023-06-06 07:03:25', '8', '2023-06-07', '2023-06-08', '1', '8000', 'KH000024'),
('2023-06-22 11:43:04', '3', '2023-06-23', '2023-06-24', '1', '3000', 'KH000024'),
('2021-03-26 12:20:12', '6', '2021-03-27', '2021-03-28', '1', '6000', 'KH000024'),
('2022-09-19 13:27:51', '5', '2022-09-20', '2022-09-21', '1', '5000', 'KH000024'),
('2020-03-15 06:13:54', '6', '2020-03-16', '2020-03-17', '1', '6000', 'KH000024'),
('2021-08-15 13:03:09', '6', '2021-08-16', '2021-08-17', '1', '6000', 'KH000024'),
('2022-11-20 17:53:26', '2', '2022-11-21', '2022-11-22', '1', '2000', 'KH000024'),
('2022-04-23 20:45:25', '5', '2022-04-24', '2022-04-25', '1', '5000', 'KH000024'),
('2021-03-23 01:16:11', '5', '2021-03-24', '2021-03-25', '1', '5000', 'KH000024'),
('2021-10-05 03:01:24', '3', '2021-10-06', '2021-10-07', '1', '3000', 'KH000024'),
('2023-07-07 08:58:30', '8', '2023-07-08', '2023-07-09', '1', '8000', 'KH000025'),
('2021-09-08 20:12:00', '2', '2021-09-09', '2021-09-10', '1', '2000', 'KH000025'),
('2023-10-15 02:55:50', '6', '2023-10-16', '2023-10-17', '1', '6000', 'KH000025'),
('2021-09-03 19:49:07', '5', '2021-09-04', '2021-09-05', '1', '5000', 'KH000025'),
('2021-03-06 14:12:29', '5', '2021-03-07', '2021-03-08', '1', '5000', 'KH000025'),
('2020-06-08 10:31:52', '5', '2020-06-09', '2020-06-10', '1', '5000', 'KH000025'),
('2020-12-17 08:53:30', '5', '2020-12-18', '2020-12-19', '1', '5000', 'KH000025'),
('2023-08-19 13:02:39', '3', '2023-08-20', '2023-08-21', '1', '3000', 'KH000025'),
('2023-10-13 16:21:22', '3', '2023-10-14', '2023-10-15', '1', '3000', 'KH000025'),
('2021-09-10 18:00:01', '3', '2021-09-11', '2021-09-12', '1', '3000', 'KH000025'),
('2020-12-17 18:29:23', '4', '2020-12-18', '2020-12-19', '1', '4000', 'KH000025'),
('2021-08-20 21:38:29', '7', '2021-08-21', '2021-08-22', '1', '7000', 'KH000025'),
('2022-06-17 18:07:02', '7', '2022-06-18', '2022-06-19', '1', '7000', 'KH000025'),
('2021-02-02 06:51:55', '7', '2021-02-03', '2021-02-04', '1', '7000', 'KH000025'),
('2022-08-11 01:12:39', '8', '2022-08-12', '2022-08-13', '1', '8000', 'KH000025'),
('2020-09-10 13:41:50', '4', '2020-09-11', '2020-09-12', '1', '4000', 'KH000026'),
('2022-08-24 12:28:10', '7', '2022-08-25', '2022-08-26', '1', '7000', 'KH000026'),
('2022-02-22 19:19:44', '4', '2022-02-23', '2022-02-24', '1', '4000', 'KH000026'),
('2020-07-06 00:35:04', '8', '2020-07-07', '2020-07-08', '1', '8000', 'KH000026'),
('2023-12-05 19:13:53', '2', '2023-12-06', '2023-12-07', '1', '2000', 'KH000026'),
('2023-08-01 06:22:38', '4', '2023-08-02', '2023-08-03', '1', '4000', 'KH000026'),
('2023-03-18 11:14:53', '5', '2023-03-19', '2023-03-20', '1', '5000', 'KH000026'),
('2021-08-08 02:07:22', '7', '2021-08-09', '2021-08-10', '1', '7000', 'KH000026'),
('2020-01-12 00:18:07', '4', '2020-01-13', '2020-01-14', '1', '4000', 'KH000026'),
('2022-05-11 14:07:21', '2', '2022-05-12', '2022-05-13', '1', '2000', 'KH000026'),
('2021-02-03 08:28:00', '3', '2021-02-04', '2021-02-05', '1', '3000', 'KH000026'),
('2023-09-23 18:49:44', '4', '2023-09-24', '2023-09-25', '1', '4000', 'KH000026'),
('2021-08-08 23:37:48', '7', '2021-08-09', '2021-08-10', '1', '7000', 'KH000026'),
('2021-07-22 03:31:32', '3', '2021-07-23', '2021-07-24', '1', '3000', 'KH000026'),
('2022-01-24 16:35:21', '8', '2022-01-25', '2022-01-26', '1', '8000', 'KH000026'),
('2020-11-16 14:21:43', '7', '2020-11-17', '2020-11-18', '1', '7000', 'KH000027'),
('2021-04-22 19:39:28', '3', '2021-04-23', '2021-04-24', '1', '3000', 'KH000027'),
('2021-05-17 00:40:28', '2', '2021-05-18', '2021-05-19', '1', '2000', 'KH000027'),
('2020-08-17 06:02:48', '4', '2020-08-18', '2020-08-19', '1', '4000', 'KH000027'),
('2023-01-01 19:43:07', '5', '2023-01-02', '2023-01-03', '1', '5000', 'KH000027'),
('2020-12-13 19:14:16', '6', '2020-12-14', '2020-12-15', '1', '6000', 'KH000027'),
('2022-08-26 20:42:42', '8', '2022-08-27', '2022-08-28', '1', '8000', 'KH000027'),
('2021-06-12 18:46:20', '2', '2021-06-13', '2021-06-14', '1', '2000', 'KH000027'),
('2020-09-02 22:39:52', '5', '2020-09-03', '2020-09-04', '1', '5000', 'KH000027'),
('2022-07-25 13:49:41', '5', '2022-07-26', '2022-07-27', '1', '5000', 'KH000027'),
('2022-02-24 19:05:44', '4', '2022-02-25', '2022-02-26', '1', '4000', 'KH000027'),
('2023-03-24 12:58:55', '5', '2023-03-25', '2023-03-26', '1', '5000', 'KH000027'),
('2021-08-06 23:39:56', '4', '2021-08-07', '2021-08-08', '1', '4000', 'KH000027'),
('2023-06-18 17:00:31', '5', '2023-06-19', '2023-06-20', '1', '5000', 'KH000027'),
('2021-04-23 19:53:53', '6', '2021-04-24', '2021-04-25', '1', '6000', 'KH000027'),
('2021-08-22 00:52:33', '3', '2021-08-23', '2021-08-24', '1', '3000', 'KH000028'),
('2021-04-26 21:13:29', '8', '2021-04-27', '2021-04-28', '1', '8000', 'KH000028'),
('2022-04-06 03:41:28', '4', '2022-04-07', '2022-04-08', '1', '4000', 'KH000028'),
('2023-08-09 07:41:38', '3', '2023-08-10', '2023-08-11', '1', '3000', 'KH000028'),
('2022-07-06 12:46:14', '2', '2022-07-07', '2022-07-08', '1', '2000', 'KH000028'),
('2023-11-08 14:34:07', '5', '2023-11-09', '2023-11-10', '1', '5000', 'KH000028'),
('2020-11-19 22:56:42', '4', '2020-11-20', '2020-11-21', '1', '4000', 'KH000028'),
('2023-10-17 18:49:10', '3', '2023-10-18', '2023-10-19', '1', '3000', 'KH000028'),
('2021-11-14 23:36:05', '2', '2021-11-15', '2021-11-16', '1', '2000', 'KH000028'),
('2021-07-09 06:28:00', '8', '2021-07-10', '2021-07-11', '1', '8000', 'KH000028'),
('2022-06-25 19:54:16', '8', '2022-06-26', '2022-06-27', '1', '8000', 'KH000028'),
('2023-12-23 20:26:10', '3', '2023-12-24', '2023-12-25', '1', '3000', 'KH000028'),
('2022-03-05 07:38:10', '3', '2022-03-06', '2022-03-07', '1', '3000', 'KH000028'),
('2023-02-09 15:06:39', '7', '2023-02-10', '2023-02-11', '1', '7000', 'KH000028'),
('2023-04-03 17:16:24', '8', '2023-04-04', '2023-04-05', '1', '8000', 'KH000028'),
('2021-04-05 08:08:50', '4', '2021-04-06', '2021-04-07', '1', '4000', 'KH000029'),
('2021-05-15 09:09:29', '3', '2021-05-16', '2021-05-17', '1', '3000', 'KH000029'),
('2020-05-13 20:32:25', '3', '2020-05-14', '2020-05-15', '1', '3000', 'KH000029'),
('2022-02-24 22:26:38', '2', '2022-02-25', '2022-02-26', '1', '2000', 'KH000029'),
('2022-05-03 00:13:08', '6', '2022-05-04', '2022-05-05', '1', '6000', 'KH000029'),
('2021-05-01 12:14:42', '8', '2021-05-02', '2021-05-03', '1', '8000', 'KH000029'),
('2023-03-05 00:36:26', '7', '2023-03-06', '2023-03-07', '1', '7000', 'KH000029'),
('2022-09-24 06:05:01', '4', '2022-09-25', '2022-09-26', '1', '4000', 'KH000029'),
('2021-08-07 16:46:54', '5', '2021-08-08', '2021-08-09', '1', '5000', 'KH000029'),
('2022-04-12 23:41:01', '5', '2022-04-13', '2022-04-14', '1', '5000', 'KH000029'),
('2021-05-11 05:13:41', '3', '2021-05-12', '2021-05-13', '1', '3000', 'KH000029'),
('2023-08-02 16:30:14', '6', '2023-08-03', '2023-08-04', '1', '6000', 'KH000029'),
('2023-11-23 16:06:54', '4', '2023-11-24', '2023-11-25', '1', '4000', 'KH000029'),
('2021-04-23 18:17:01', '5', '2021-04-24', '2021-04-25', '1', '5000', 'KH000029'),
('2020-06-25 16:13:22', '5', '2020-06-26', '2020-06-27', '1', '5000', 'KH000029'),
('2023-01-08 15:10:11', '3', '2023-01-09', '2023-01-10', '1', '3000', 'KH000030'),
('2020-04-21 20:57:20', '6', '2020-04-22', '2020-04-23', '1', '6000', 'KH000030'),
('2022-04-19 12:53:12', '3', '2022-04-20', '2022-04-21', '1', '3000', 'KH000030'),
('2020-05-23 21:30:45', '4', '2020-05-24', '2020-05-25', '1', '4000', 'KH000030'),
('2022-12-08 21:07:27', '2', '2022-12-09', '2022-12-10', '1', '2000', 'KH000030'),
('2022-01-10 06:22:24', '6', '2022-01-11', '2022-01-12', '1', '6000', 'KH000030'),
('2021-08-02 00:13:04', '5', '2021-08-03', '2021-08-04', '1', '5000', 'KH000030'),
('2023-12-15 16:44:35', '2', '2023-12-16', '2023-12-17', '1', '2000', 'KH000030'),
('2022-08-22 18:58:06', '5', '2022-08-23', '2022-08-24', '1', '5000', 'KH000030'),
('2021-03-15 12:20:35', '6', '2021-03-16', '2021-03-17', '1', '6000', 'KH000030'),
('2023-07-24 09:44:27', '4', '2023-07-25', '2023-07-26', '1', '4000', 'KH000030'),
('2020-08-20 23:50:37', '5', '2020-08-21', '2020-08-22', '1', '5000', 'KH000030'),
('2021-02-20 05:18:50', '3', '2021-02-21', '2021-02-22', '1', '3000', 'KH000030'),
('2023-07-20 19:02:08', '6', '2023-07-21', '2023-07-22', '1', '6000', 'KH000030'),
('2021-12-13 05:42:30', '4', '2021-12-14', '2021-12-15', '1', '4000', 'KH000030'),
('2022-12-01 06:40:30', '7', '2022-12-02', '2022-12-03', '1', '7000', 'KH000031'),
('2020-07-19 12:30:03', '2', '2020-07-20', '2020-07-21', '1', '2000', 'KH000031'),
('2020-06-21 09:34:31', '4', '2020-06-22', '2020-06-23', '1', '4000', 'KH000031'),
('2020-10-07 11:21:15', '5', '2020-10-08', '2020-10-09', '1', '5000', 'KH000031'),
('2020-01-04 04:14:15', '2', '2020-01-05', '2020-01-06', '1', '2000', 'KH000031'),
('2023-03-07 11:53:37', '4', '2023-03-08', '2023-03-09', '1', '4000', 'KH000031'),
('2020-11-03 04:34:47', '3', '2020-11-04', '2020-11-05', '1', '3000', 'KH000031'),
('2023-08-05 18:12:43', '4', '2023-08-06', '2023-08-07', '1', '4000', 'KH000031'),
('2022-08-10 21:53:44', '3', '2022-08-11', '2022-08-12', '1', '3000', 'KH000031'),
('2022-05-14 21:04:50', '4', '2022-05-15', '2022-05-16', '1', '4000', 'KH000031'),
('2021-06-03 12:51:43', '4', '2021-06-04', '2021-06-05', '1', '4000', 'KH000031'),
('2022-02-04 12:55:08', '3', '2022-02-05', '2022-02-06', '1', '3000', 'KH000031'),
('2020-04-25 03:38:49', '8', '2020-04-26', '2020-04-27', '1', '8000', 'KH000031'),
('2020-06-03 01:09:16', '7', '2020-06-04', '2020-06-05', '1', '7000', 'KH000031'),
('2021-10-05 04:55:49', '5', '2021-10-06', '2021-10-07', '1', '5000', 'KH000031'),
('2021-02-25 01:17:51', '5', '2021-02-26', '2021-02-27', '1', '5000', 'KH000032'),
('2020-10-09 04:24:56', '8', '2020-10-10', '2020-10-11', '1', '8000', 'KH000032'),
('2020-12-20 17:24:44', '2', '2020-12-21', '2020-12-22', '1', '2000', 'KH000032'),
('2023-03-12 07:06:28', '2', '2023-03-13', '2023-03-14', '1', '2000', 'KH000032'),
('2021-03-03 05:44:27', '5', '2021-03-04', '2021-03-05', '1', '5000', 'KH000032'),
('2023-04-14 20:38:13', '8', '2023-04-15', '2023-04-16', '1', '8000', 'KH000032'),
('2022-09-04 23:02:03', '8', '2022-09-05', '2022-09-06', '1', '8000', 'KH000032'),
('2020-11-08 11:16:37', '7', '2020-11-09', '2020-11-10', '1', '7000', 'KH000032'),
('2023-04-23 15:07:04', '2', '2023-04-24', '2023-04-25', '1', '2000', 'KH000032'),
('2022-02-24 07:03:51', '4', '2022-02-25', '2022-02-26', '1', '4000', 'KH000032'),
('2022-12-06 20:45:44', '4', '2022-12-07', '2022-12-08', '1', '4000', 'KH000032'),
('2022-02-06 11:51:51', '6', '2022-02-07', '2022-02-08', '1', '6000', 'KH000032'),
('2023-01-20 03:17:37', '7', '2023-01-21', '2023-01-22', '1', '7000', 'KH000032'),
('2021-01-02 16:30:03', '2', '2021-01-03', '2021-01-04', '1', '2000', 'KH000032'),
('2023-05-19 15:58:42', '6', '2023-05-20', '2023-05-21', '1', '6000', 'KH000032'),
('2023-12-22 01:33:10', '7', '2023-12-23', '2023-12-24', '1', '7000', 'KH000033'),
('2022-11-20 10:39:31', '5', '2022-11-21', '2022-11-22', '1', '5000', 'KH000033'),
('2023-10-11 00:25:03', '4', '2023-10-12', '2023-10-13', '1', '4000', 'KH000033'),
('2020-06-13 05:36:12', '7', '2020-06-14', '2020-06-15', '1', '7000', 'KH000033'),
('2020-08-05 02:36:22', '2', '2020-08-06', '2020-08-07', '1', '2000', 'KH000033'),
('2020-01-10 20:13:18', '3', '2020-01-11', '2020-01-12', '1', '3000', 'KH000033'),
('2022-07-06 11:12:33', '3', '2022-07-07', '2022-07-08', '1', '3000', 'KH000033'),
('2022-08-21 07:25:27', '7', '2022-08-22', '2022-08-23', '1', '7000', 'KH000033'),
('2020-12-12 18:17:47', '6', '2020-12-13', '2020-12-14', '1', '6000', 'KH000033'),
('2021-09-13 10:38:55', '6', '2021-09-14', '2021-09-15', '1', '6000', 'KH000033'),
('2020-04-19 05:19:09', '2', '2020-04-20', '2020-04-21', '1', '2000', 'KH000033'),
('2020-07-07 08:27:34', '3', '2020-07-08', '2020-07-09', '1', '3000', 'KH000033'),
('2021-01-10 02:47:29', '7', '2021-01-11', '2021-01-12', '1', '7000', 'KH000033'),
('2021-12-01 10:19:34', '3', '2021-12-02', '2021-12-03', '1', '3000', 'KH000033'),
('2021-11-26 07:44:29', '4', '2021-11-27', '2021-11-28', '1', '4000', 'KH000033'),
('2022-04-07 04:57:52', '4', '2022-04-08', '2022-04-09', '1', '4000', 'KH000034'),
('2021-07-15 04:40:53', '4', '2021-07-16', '2021-07-17', '1', '4000', 'KH000034'),
('2021-05-02 14:31:20', '6', '2021-05-03', '2021-05-04', '1', '6000', 'KH000034'),
('2022-07-07 22:12:16', '5', '2022-07-08', '2022-07-09', '1', '5000', 'KH000034'),
('2021-07-09 22:29:03', '3', '2021-07-10', '2021-07-11', '1', '3000', 'KH000034'),
('2022-03-22 13:15:27', '2', '2022-03-23', '2022-03-24', '1', '2000', 'KH000034'),
('2023-08-12 02:04:00', '6', '2023-08-13', '2023-08-14', '1', '6000', 'KH000034'),
('2023-01-16 14:42:45', '8', '2023-01-17', '2023-01-18', '1', '8000', 'KH000034'),
('2020-04-26 01:16:57', '2', '2020-04-27', '2020-04-28', '1', '2000', 'KH000034'),
('2022-11-12 01:05:40', '2', '2022-11-13', '2022-11-14', '1', '2000', 'KH000034'),
('2022-02-19 06:47:21', '8', '2022-02-20', '2022-02-21', '1', '8000', 'KH000034'),
('2021-08-06 09:48:42', '8', '2021-08-07', '2021-08-08', '1', '8000', 'KH000034'),
('2022-07-09 11:02:24', '2', '2022-07-10', '2022-07-11', '1', '2000', 'KH000034'),
('2022-03-20 00:27:02', '5', '2022-03-21', '2022-03-22', '1', '5000', 'KH000034'),
('2023-11-11 23:30:51', '6', '2023-11-12', '2023-11-13', '1', '6000', 'KH000034'),
('2020-07-14 07:24:29', '7', '2020-07-15', '2020-07-16', '1', '7000', 'KH000035'),
('2023-11-12 16:32:23', '4', '2023-11-13', '2023-11-14', '1', '4000', 'KH000035'),
('2020-02-11 08:18:17', '5', '2020-02-12', '2020-02-13', '1', '5000', 'KH000035'),
('2021-02-24 18:15:32', '8', '2021-02-25', '2021-02-26', '1', '8000', 'KH000035'),
('2021-03-26 00:52:01', '8', '2021-03-27', '2021-03-28', '1', '8000', 'KH000035'),
('2020-03-15 21:15:17', '3', '2020-03-16', '2020-03-17', '1', '3000', 'KH000035'),
('2023-11-16 06:07:46', '7', '2023-11-17', '2023-11-18', '1', '7000', 'KH000035'),
('2020-04-17 19:56:43', '2', '2020-04-18', '2020-04-19', '1', '2000', 'KH000035'),
('2022-09-22 01:00:07', '6', '2022-09-23', '2022-09-24', '1', '6000', 'KH000035'),
('2021-02-13 14:36:20', '7', '2021-02-14', '2021-02-15', '1', '7000', 'KH000035'),
('2022-12-22 13:57:42', '2', '2022-12-23', '2022-12-24', '1', '2000', 'KH000035'),
('2020-09-07 01:26:29', '6', '2020-09-08', '2020-09-09', '1', '6000', 'KH000035'),
('2022-05-20 02:04:02', '6', '2022-05-21', '2022-05-22', '1', '6000', 'KH000035'),
('2021-01-05 23:14:20', '7', '2021-01-06', '2021-01-07', '1', '7000', 'KH000035'),
('2023-08-12 10:10:26', '2', '2023-08-13', '2023-08-14', '1', '2000', 'KH000035'),
('2022-09-17 23:38:59', '3', '2022-09-18', '2022-09-19', '1', '3000', 'KH000036'),
('2023-04-13 13:49:07', '2', '2023-04-14', '2023-04-15', '1', '2000', 'KH000036'),
('2022-07-10 19:27:15', '8', '2022-07-11', '2022-07-12', '1', '8000', 'KH000036'),
('2022-03-03 22:00:41', '5', '2022-03-04', '2022-03-05', '1', '5000', 'KH000036'),
('2022-03-11 05:48:30', '7', '2022-03-12', '2022-03-13', '1', '7000', 'KH000036'),
('2022-02-22 22:06:32', '3', '2022-02-23', '2022-02-24', '1', '3000', 'KH000036'),
('2021-03-04 18:06:04', '5', '2021-03-05', '2021-03-06', '1', '5000', 'KH000036'),
('2020-12-12 09:42:46', '5', '2020-12-13', '2020-12-14', '1', '5000', 'KH000036'),
('2020-06-17 23:47:41', '7', '2020-06-18', '2020-06-19', '1', '7000', 'KH000036'),
('2020-10-25 21:29:39', '3', '2020-10-26', '2020-10-27', '1', '3000', 'KH000036'),
('2020-11-18 19:34:23', '6', '2020-11-19', '2020-11-20', '1', '6000', 'KH000036'),
('2021-09-17 10:21:07', '3', '2021-09-18', '2021-09-19', '1', '3000', 'KH000036'),
('2020-03-02 05:57:58', '6', '2020-03-03', '2020-03-04', '1', '6000', 'KH000036'),
('2020-06-04 00:37:02', '2', '2020-06-05', '2020-06-06', '1', '2000', 'KH000036'),
('2022-11-18 21:20:33', '4', '2022-11-19', '2022-11-20', '1', '4000', 'KH000036'),
('2020-01-07 00:39:57', '6', '2020-01-08', '2020-01-09', '1', '6000', 'KH000037'),
('2022-09-26 11:44:21', '6', '2022-09-27', '2022-09-28', '1', '6000', 'KH000037'),
('2021-10-18 07:15:03', '7', '2021-10-19', '2021-10-20', '1', '7000', 'KH000037'),
('2020-08-25 07:34:31', '6', '2020-08-26', '2020-08-27', '1', '6000', 'KH000037'),
('2020-02-08 02:58:02', '4', '2020-02-09', '2020-02-10', '1', '4000', 'KH000037'),
('2023-03-25 15:20:20', '2', '2023-03-26', '2023-03-27', '1', '2000', 'KH000037'),
('2023-02-07 20:41:06', '6', '2023-02-08', '2023-02-09', '1', '6000', 'KH000037'),
('2020-10-15 21:32:37', '2', '2020-10-16', '2020-10-17', '1', '2000', 'KH000037'),
('2021-05-07 17:15:37', '7', '2021-05-08', '2021-05-09', '1', '7000', 'KH000037'),
('2023-05-09 11:32:26', '6', '2023-05-10', '2023-05-11', '1', '6000', 'KH000037'),
('2023-01-24 21:17:24', '8', '2023-01-25', '2023-01-26', '1', '8000', 'KH000037'),
('2021-03-23 22:05:47', '7', '2021-03-24', '2021-03-25', '1', '7000', 'KH000037'),
('2022-07-21 17:12:31', '6', '2022-07-22', '2022-07-23', '1', '6000', 'KH000037'),
('2023-04-08 01:10:16', '3', '2023-04-09', '2023-04-10', '1', '3000', 'KH000037'),
('2022-11-09 00:47:13', '8', '2022-11-10', '2022-11-11', '1', '8000', 'KH000037'),
('2021-08-03 03:03:53', '3', '2021-08-04', '2021-08-05', '1', '3000', 'KH000038'),
('2023-08-24 15:31:12', '2', '2023-08-25', '2023-08-26', '1', '2000', 'KH000038'),
('2020-03-18 20:45:29', '8', '2020-03-19', '2020-03-20', '1', '8000', 'KH000038'),
('2021-05-06 20:33:59', '5', '2021-05-07', '2021-05-08', '1', '5000', 'KH000038'),
('2022-11-14 12:14:30', '7', '2022-11-15', '2022-11-16', '1', '7000', 'KH000038'),
('2022-12-19 04:34:50', '3', '2022-12-20', '2022-12-21', '1', '3000', 'KH000038'),
('2020-05-14 05:43:12', '8', '2020-05-15', '2020-05-16', '1', '8000', 'KH000038'),
('2021-11-08 00:07:48', '5', '2021-11-09', '2021-11-10', '1', '5000', 'KH000038'),
('2021-10-18 07:37:06', '8', '2021-10-19', '2021-10-20', '1', '8000', 'KH000038'),
('2023-02-22 02:27:06', '7', '2023-02-23', '2023-02-24', '1', '7000', 'KH000038'),
('2022-03-18 16:44:29', '3', '2022-03-19', '2022-03-20', '1', '3000', 'KH000038'),
('2020-10-12 17:47:52', '4', '2020-10-13', '2020-10-14', '1', '4000', 'KH000038'),
('2020-05-06 15:37:42', '6', '2020-05-07', '2020-05-08', '1', '6000', 'KH000038'),
('2021-09-12 22:31:30', '2', '2021-09-13', '2021-09-14', '1', '2000', 'KH000038'),
('2022-12-16 10:47:44', '7', '2022-12-17', '2022-12-18', '1', '7000', 'KH000038'),
('2023-08-07 16:22:00', '2', '2023-08-08', '2023-08-09', '1', '2000', 'KH000039'),
('2023-11-20 05:54:50', '3', '2023-11-21', '2023-11-22', '1', '3000', 'KH000039'),
('2021-07-11 11:29:07', '5', '2021-07-12', '2021-07-13', '1', '5000', 'KH000039'),
('2020-09-13 23:16:04', '5', '2020-09-14', '2020-09-15', '1', '5000', 'KH000039'),
('2021-06-09 05:33:19', '4', '2021-06-10', '2021-06-11', '1', '4000', 'KH000039'),
('2020-08-19 02:23:22', '6', '2020-08-20', '2020-08-21', '1', '6000', 'KH000039'),
('2020-03-18 18:11:44', '4', '2020-03-19', '2020-03-20', '1', '4000', 'KH000039'),
('2021-12-16 22:14:51', '8', '2021-12-17', '2021-12-18', '1', '8000', 'KH000039'),
('2021-07-21 05:35:59', '5', '2021-07-22', '2021-07-23', '1', '5000', 'KH000039'),
('2020-08-08 05:25:50', '2', '2020-08-09', '2020-08-10', '1', '2000', 'KH000039'),
('2022-04-19 08:54:09', '6', '2022-04-20', '2022-04-21', '1', '6000', 'KH000039'),
('2021-07-03 11:28:25', '4', '2021-07-04', '2021-07-05', '1', '4000', 'KH000039'),
('2022-07-18 23:40:31', '6', '2022-07-19', '2022-07-20', '1', '6000', 'KH000039'),
('2021-10-23 08:26:34', '6', '2021-10-24', '2021-10-25', '1', '6000', 'KH000039'),
('2023-12-25 05:12:18', '7', '2023-12-26', '2023-12-27', '1', '7000', 'KH000039'),
('2022-10-23 20:11:52', '2', '2022-10-24', '2022-10-25', '1', '2000', 'KH000040'),
('2021-05-08 07:20:11', '4', '2021-05-09', '2021-05-10', '1', '4000', 'KH000040'),
('2023-12-02 15:41:49', '3', '2023-12-03', '2023-12-04', '1', '3000', 'KH000040'),
('2020-11-08 15:42:16', '4', '2020-11-09', '2020-11-10', '1', '4000', 'KH000040'),
('2023-07-22 03:27:03', '2', '2023-07-23', '2023-07-24', '1', '2000', 'KH000040'),
('2020-03-03 06:05:46', '8', '2020-03-04', '2020-03-05', '1', '8000', 'KH000040'),
('2023-10-03 16:38:57', '5', '2023-10-04', '2023-10-05', '1', '5000', 'KH000040'),
('2023-09-03 18:37:18', '8', '2023-09-04', '2023-09-05', '1', '8000', 'KH000040'),
('2023-07-05 20:33:08', '4', '2023-07-06', '2023-07-07', '1', '4000', 'KH000040'),
('2020-06-19 04:23:55', '4', '2020-06-20', '2020-06-21', '1', '4000', 'KH000040'),
('2022-04-05 14:55:54', '2', '2022-04-06', '2022-04-07', '1', '2000', 'KH000040'),
('2022-11-21 22:06:31', '6', '2022-11-22', '2022-11-23', '1', '6000', 'KH000040'),
('2020-11-24 12:09:21', '8', '2020-11-25', '2020-11-26', '1', '8000', 'KH000040'),
('2020-03-09 16:34:54', '7', '2020-03-10', '2020-03-11', '1', '7000', 'KH000040'),
('2021-07-09 07:55:57', '4', '2021-07-10', '2021-07-11', '1', '4000', 'KH000040'),
('2021-04-15 09:45:29', '2', '2021-04-16', '2021-04-17', '1', '2000', 'KH000041'),
('2023-05-06 18:23:06', '2', '2023-05-07', '2023-05-08', '1', '2000', 'KH000041'),
('2022-07-11 02:08:45', '4', '2022-07-12', '2022-07-13', '1', '4000', 'KH000041'),
('2020-06-15 21:56:50', '4', '2020-06-16', '2020-06-17', '1', '4000', 'KH000041'),
('2020-08-23 19:05:42', '7', '2020-08-24', '2020-08-25', '1', '7000', 'KH000041'),
('2022-10-01 00:42:24', '8', '2022-10-02', '2022-10-03', '1', '8000', 'KH000041'),
('2022-04-02 01:43:16', '7', '2022-04-03', '2022-04-04', '1', '7000', 'KH000041'),
('2023-01-18 09:42:14', '8', '2023-01-19', '2023-01-20', '1', '8000', 'KH000041'),
('2022-04-02 02:39:47', '5', '2022-04-03', '2022-04-04', '1', '5000', 'KH000041'),
('2021-01-12 23:00:43', '6', '2021-01-13', '2021-01-14', '1', '6000', 'KH000041'),
('2020-12-16 13:09:39', '4', '2020-12-17', '2020-12-18', '1', '4000', 'KH000041'),
('2020-11-21 09:59:26', '8', '2020-11-22', '2020-11-23', '1', '8000', 'KH000041'),
('2021-10-09 20:58:28', '7', '2021-10-10', '2021-10-11', '1', '7000', 'KH000041'),
('2023-11-11 12:56:29', '3', '2023-11-12', '2023-11-13', '1', '3000', 'KH000041'),
('2021-08-04 20:26:50', '7', '2021-08-05', '2021-08-06', '1', '7000', 'KH000041'),
('2020-10-04 15:16:09', '2', '2020-10-05', '2020-10-06', '1', '2000', 'KH000042'),
('2020-01-20 14:32:06', '5', '2020-01-21', '2020-01-22', '1', '5000', 'KH000042'),
('2023-02-23 09:12:56', '6', '2023-02-24', '2023-02-25', '1', '6000', 'KH000042'),
('2020-10-08 10:25:35', '6', '2020-10-09', '2020-10-10', '1', '6000', 'KH000042'),
('2020-03-24 09:51:00', '7', '2020-03-25', '2020-03-26', '1', '7000', 'KH000042'),
('2022-02-07 22:34:06', '6', '2022-02-08', '2022-02-09', '1', '6000', 'KH000042'),
('2021-05-22 07:38:48', '8', '2021-05-23', '2021-05-24', '1', '8000', 'KH000042'),
('2023-07-07 15:11:58', '4', '2023-07-08', '2023-07-09', '1', '4000', 'KH000042'),
('2021-05-02 15:14:17', '7', '2021-05-03', '2021-05-04', '1', '7000', 'KH000042'),
('2021-04-03 10:22:45', '6', '2021-04-04', '2021-04-05', '1', '6000', 'KH000042'),
('2021-08-15 07:26:27', '3', '2021-08-16', '2021-08-17', '1', '3000', 'KH000042'),
('2020-09-11 18:50:02', '4', '2020-09-12', '2020-09-13', '1', '4000', 'KH000042'),
('2020-03-03 12:09:35', '7', '2020-03-04', '2020-03-05', '1', '7000', 'KH000042'),
('2022-02-02 19:14:00', '6', '2022-02-03', '2022-02-04', '1', '6000', 'KH000042'),
('2021-12-04 02:45:03', '5', '2021-12-05', '2021-12-06', '1', '5000', 'KH000042'),
('2021-05-25 15:26:57', '3', '2021-05-26', '2021-05-27', '1', '3000', 'KH000043'),
('2022-01-21 16:06:01', '3', '2022-01-22', '2022-01-23', '1', '3000', 'KH000043'),
('2021-04-19 01:27:39', '2', '2021-04-20', '2021-04-21', '1', '2000', 'KH000043'),
('2020-02-10 10:46:37', '4', '2020-02-11', '2020-02-12', '1', '4000', 'KH000043'),
('2023-01-26 11:29:48', '4', '2023-01-27', '2023-01-28', '1', '4000', 'KH000043'),
('2020-06-12 22:41:36', '7', '2020-06-13', '2020-06-14', '1', '7000', 'KH000043'),
('2022-07-01 06:57:33', '5', '2022-07-02', '2022-07-03', '1', '5000', 'KH000043'),
('2023-03-19 21:51:59', '2', '2023-03-20', '2023-03-21', '1', '2000', 'KH000043'),
('2023-05-24 06:49:01', '3', '2023-05-25', '2023-05-26', '1', '3000', 'KH000043'),
('2022-04-16 09:35:02', '8', '2022-04-17', '2022-04-18', '1', '8000', 'KH000043'),
('2021-02-06 04:20:03', '6', '2021-02-07', '2021-02-08', '1', '6000', 'KH000043'),
('2022-02-09 18:49:06', '6', '2022-02-10', '2022-02-11', '1', '6000', 'KH000043'),
('2023-09-13 06:28:13', '4', '2023-09-14', '2023-09-15', '1', '4000', 'KH000043'),
('2022-10-17 21:36:20', '8', '2022-10-18', '2022-10-19', '1', '8000', 'KH000043'),
('2021-07-24 10:17:51', '3', '2021-07-25', '2021-07-26', '1', '3000', 'KH000043'),
('2023-01-01 08:54:08', '8', '2023-01-02', '2023-01-03', '1', '8000', 'KH000044'),
('2020-06-21 18:31:34', '6', '2020-06-22', '2020-06-23', '1', '6000', 'KH000044'),
('2020-06-14 09:48:22', '8', '2020-06-15', '2020-06-16', '1', '8000', 'KH000044'),
('2021-07-03 15:37:44', '4', '2021-07-04', '2021-07-05', '1', '4000', 'KH000044'),
('2020-03-14 20:18:52', '2', '2020-03-15', '2020-03-16', '1', '2000', 'KH000044'),
('2022-04-15 04:48:26', '2', '2022-04-16', '2022-04-17', '1', '2000', 'KH000044'),
('2023-05-05 15:24:11', '6', '2023-05-06', '2023-05-07', '1', '6000', 'KH000044'),
('2022-07-02 19:57:42', '7', '2022-07-03', '2022-07-04', '1', '7000', 'KH000044'),
('2020-12-09 22:19:04', '4', '2020-12-10', '2020-12-11', '1', '4000', 'KH000044'),
('2023-08-12 22:40:59', '7', '2023-08-13', '2023-08-14', '1', '7000', 'KH000044'),
('2020-05-13 20:04:43', '4', '2020-05-14', '2020-05-15', '1', '4000', 'KH000044'),
('2022-07-02 10:51:29', '8', '2022-07-03', '2022-07-04', '1', '8000', 'KH000044'),
('2023-05-18 08:05:36', '6', '2023-05-19', '2023-05-20', '1', '6000', 'KH000044'),
('2021-09-24 01:36:24', '4', '2021-09-25', '2021-09-26', '1', '4000', 'KH000044'),
('2023-12-18 17:58:55', '6', '2023-12-19', '2023-12-20', '1', '6000', 'KH000044'),
('2020-03-20 13:55:49', '8', '2020-03-21', '2020-03-22', '1', '8000', 'KH000045'),
('2023-05-07 08:17:34', '4', '2023-05-08', '2023-05-09', '1', '4000', 'KH000045'),
('2021-05-08 09:04:33', '7', '2021-05-09', '2021-05-10', '1', '7000', 'KH000045'),
('2020-08-10 13:34:45', '4', '2020-08-11', '2020-08-12', '1', '4000', 'KH000045'),
('2021-09-02 11:33:04', '7', '2021-09-03', '2021-09-04', '1', '7000', 'KH000045'),
('2020-08-13 01:46:44', '7', '2020-08-14', '2020-08-15', '1', '7000', 'KH000045'),
('2023-02-08 05:22:00', '7', '2023-02-09', '2023-02-10', '1', '7000', 'KH000045'),
('2020-06-16 08:27:52', '3', '2020-06-17', '2020-06-18', '1', '3000', 'KH000045'),
('2020-09-17 12:19:58', '2', '2020-09-18', '2020-09-19', '1', '2000', 'KH000045'),
('2021-05-18 11:30:18', '5', '2021-05-19', '2021-05-20', '1', '5000', 'KH000045'),
('2020-02-19 09:51:06', '4', '2020-02-20', '2020-02-21', '1', '4000', 'KH000045'),
('2021-05-05 19:07:28', '7', '2021-05-06', '2021-05-07', '1', '7000', 'KH000045'),
('2021-08-25 13:34:04', '5', '2021-08-26', '2021-08-27', '1', '5000', 'KH000045'),
('2020-03-03 16:36:08', '7', '2020-03-04', '2020-03-05', '1', '7000', 'KH000045'),
('2023-03-19 00:03:42', '6', '2023-03-20', '2023-03-21', '1', '6000', 'KH000045'),
('2022-08-12 17:31:28', '8', '2022-08-13', '2022-08-14', '1', '8000', 'KH000046'),
('2022-03-12 07:32:27', '6', '2022-03-13', '2022-03-14', '1', '6000', 'KH000046'),
('2023-06-14 03:05:11', '5', '2023-06-15', '2023-06-16', '1', '5000', 'KH000046'),
('2020-11-18 15:17:31', '3', '2020-11-19', '2020-11-20', '1', '3000', 'KH000046'),
('2021-03-02 05:41:05', '3', '2021-03-03', '2021-03-04', '1', '3000', 'KH000046'),
('2020-07-03 19:38:40', '4', '2020-07-04', '2020-07-05', '1', '4000', 'KH000046'),
('2022-02-24 17:23:30', '4', '2022-02-25', '2022-02-26', '1', '4000', 'KH000046'),
('2021-05-23 23:27:15', '5', '2021-05-24', '2021-05-25', '1', '5000', 'KH000046'),
('2022-12-13 21:42:44', '6', '2022-12-14', '2022-12-15', '1', '6000', 'KH000046'),
('2022-12-19 00:03:27', '7', '2022-12-20', '2022-12-21', '1', '7000', 'KH000046'),
('2020-04-05 01:57:33', '2', '2020-04-06', '2020-04-07', '1', '2000', 'KH000046'),
('2023-06-02 13:39:33', '7', '2023-06-03', '2023-06-04', '1', '7000', 'KH000046'),
('2022-07-04 16:50:33', '4', '2022-07-05', '2022-07-06', '1', '4000', 'KH000046'),
('2021-09-09 08:04:28', '4', '2021-09-10', '2021-09-11', '1', '4000', 'KH000046'),
('2020-08-05 16:56:52', '2', '2020-08-06', '2020-08-07', '1', '2000', 'KH000046'),
('2023-08-17 12:12:49', '6', '2023-08-18', '2023-08-19', '1', '6000', 'KH000047'),
('2020-06-13 09:36:57', '3', '2020-06-14', '2020-06-15', '1', '3000', 'KH000047'),
('2023-01-01 23:09:29', '7', '2023-01-02', '2023-01-03', '1', '7000', 'KH000047'),
('2021-03-10 05:00:33', '4', '2021-03-11', '2021-03-12', '1', '4000', 'KH000047'),
('2021-09-16 07:44:26', '2', '2021-09-17', '2021-09-18', '1', '2000', 'KH000047'),
('2023-12-05 01:32:23', '5', '2023-12-06', '2023-12-07', '1', '5000', 'KH000047'),
('2022-02-12 22:09:07', '6', '2022-02-13', '2022-02-14', '1', '6000', 'KH000047'),
('2023-09-05 20:28:08', '3', '2023-09-06', '2023-09-07', '1', '3000', 'KH000047'),
('2023-02-10 02:08:08', '5', '2023-02-11', '2023-02-12', '1', '5000', 'KH000047'),
('2023-04-04 23:06:53', '4', '2023-04-05', '2023-04-06', '1', '4000', 'KH000047'),
('2021-11-03 10:40:07', '2', '2021-11-04', '2021-11-05', '1', '2000', 'KH000047'),
('2021-06-08 20:25:31', '4', '2021-06-09', '2021-06-10', '1', '4000', 'KH000047'),
('2021-09-25 11:16:09', '8', '2021-09-26', '2021-09-27', '1', '8000', 'KH000047'),
('2021-03-05 20:34:36', '4', '2021-03-06', '2021-03-07', '1', '4000', 'KH000047'),
('2022-04-04 20:26:26', '7', '2022-04-05', '2022-04-06', '1', '7000', 'KH000047'),
('2021-01-15 19:28:24', '5', '2021-01-16', '2021-01-17', '1', '5000', 'KH000048'),
('2021-01-25 23:05:12', '4', '2021-01-26', '2021-01-27', '1', '4000', 'KH000048'),
('2023-05-07 23:27:20', '5', '2023-05-08', '2023-05-09', '1', '5000', 'KH000048'),
('2020-07-01 06:33:15', '8', '2020-07-02', '2020-07-03', '1', '8000', 'KH000048'),
('2022-11-16 11:34:39', '8', '2022-11-17', '2022-11-18', '1', '8000', 'KH000048'),
('2020-09-12 12:06:08', '5', '2020-09-13', '2020-09-14', '1', '5000', 'KH000048'),
('2021-05-03 11:03:14', '3', '2021-05-04', '2021-05-05', '1', '3000', 'KH000048'),
('2021-05-02 00:06:47', '4', '2021-05-03', '2021-05-04', '1', '4000', 'KH000048'),
('2022-03-15 11:22:32', '2', '2022-03-16', '2022-03-17', '1', '2000', 'KH000048'),
('2022-08-22 15:25:11', '6', '2022-08-23', '2022-08-24', '1', '6000', 'KH000048'),
('2022-03-15 01:01:47', '6', '2022-03-16', '2022-03-17', '1', '6000', 'KH000048'),
('2023-06-15 09:01:32', '6', '2023-06-16', '2023-06-17', '1', '6000', 'KH000048'),
('2021-08-23 16:22:14', '5', '2021-08-24', '2021-08-25', '1', '5000', 'KH000048'),
('2023-02-09 02:37:22', '7', '2023-02-10', '2023-02-11', '1', '7000', 'KH000048'),
('2020-05-20 11:28:08', '4', '2020-05-21', '2020-05-22', '1', '4000', 'KH000048'),
('2021-03-15 01:56:41', '3', '2021-03-16', '2021-03-17', '1', '3000', 'KH000049'),
('2020-11-25 04:59:55', '4', '2020-11-26', '2020-11-27', '1', '4000', 'KH000049'),
('2022-01-11 07:32:52', '5', '2022-01-12', '2022-01-13', '1', '5000', 'KH000049'),
('2021-09-02 00:51:34', '8', '2021-09-03', '2021-09-04', '1', '8000', 'KH000049'),
('2023-04-24 09:49:34', '5', '2023-04-25', '2023-04-26', '1', '5000', 'KH000049'),
('2022-06-19 20:11:29', '7', '2022-06-20', '2022-06-21', '1', '7000', 'KH000049'),
('2021-07-11 12:27:55', '3', '2021-07-12', '2021-07-13', '1', '3000', 'KH000049'),
('2021-08-20 12:15:13', '7', '2021-08-21', '2021-08-22', '1', '7000', 'KH000049'),
('2021-09-10 10:26:53', '6', '2021-09-11', '2021-09-12', '1', '6000', 'KH000049'),
('2023-02-04 19:22:37', '2', '2023-02-05', '2023-02-06', '1', '2000', 'KH000049'),
('2023-08-20 17:52:00', '7', '2023-08-21', '2023-08-22', '1', '7000', 'KH000049'),
('2021-07-04 04:12:26', '3', '2021-07-05', '2021-07-06', '1', '3000', 'KH000049'),
('2023-04-11 12:38:29', '6', '2023-04-12', '2023-04-13', '1', '6000', 'KH000049'),
('2023-08-08 03:06:35', '2', '2023-08-09', '2023-08-10', '1', '2000', 'KH000049'),
('2023-02-16 18:09:01', '2', '2023-02-17', '2023-02-18', '1', '2000', 'KH000049'),
('2023-09-08 12:58:27', '5', '2023-09-09', '2023-09-10', '1', '5000', 'KH000050'),
('2023-05-12 22:41:13', '7', '2023-05-13', '2023-05-14', '1', '7000', 'KH000050'),
('2020-07-18 05:21:28', '3', '2020-07-19', '2020-07-20', '1', '3000', 'KH000050'),
('2022-11-20 19:12:39', '8', '2022-11-21', '2022-11-22', '1', '8000', 'KH000050'),
('2021-12-18 14:10:44', '7', '2021-12-19', '2021-12-20', '1', '7000', 'KH000050'),
('2021-09-05 10:46:36', '4', '2021-09-06', '2021-09-07', '1', '4000', 'KH000050'),
('2022-08-17 15:52:01', '5', '2022-08-18', '2022-08-19', '1', '5000', 'KH000050'),
('2021-09-02 03:15:40', '2', '2021-09-03', '2021-09-04', '1', '2000', 'KH000050'),
('2020-12-02 22:17:30', '3', '2020-12-03', '2020-12-04', '1', '3000', 'KH000050'),
('2022-11-25 15:18:30', '7', '2022-11-26', '2022-11-27', '1', '7000', 'KH000050'),
('2023-06-18 16:20:02', '6', '2023-06-19', '2023-06-20', '1', '6000', 'KH000050'),
('2022-11-21 08:56:28', '3', '2022-11-22', '2022-11-23', '1', '3000', 'KH000050'),
('2021-06-05 08:41:12', '2', '2021-06-06', '2021-06-07', '1', '2000', 'KH000050'),
('2022-04-16 01:37:39', '6', '2022-04-17', '2022-04-18', '1', '6000', 'KH000050'),
('2023-04-09 07:54:30', '2', '2023-04-10', '2023-04-11', '1', '2000', 'KH000050'),
('2021-05-13 02:13:50', '7', '2021-05-14', '2021-05-15', '1', '7000', 'KH000051'),
('2023-08-25 15:32:32', '5', '2023-08-26', '2023-08-27', '1', '5000', 'KH000051'),
('2021-04-06 20:02:11', '6', '2021-04-07', '2021-04-08', '1', '6000', 'KH000051'),
('2023-07-22 14:21:00', '3', '2023-07-23', '2023-07-24', '1', '3000', 'KH000051'),
('2021-09-25 00:37:26', '4', '2021-09-26', '2021-09-27', '1', '4000', 'KH000051'),
('2020-10-12 20:51:15', '4', '2020-10-13', '2020-10-14', '1', '4000', 'KH000051'),
('2023-05-14 14:50:18', '5', '2023-05-15', '2023-05-16', '1', '5000', 'KH000051'),
('2020-03-24 04:38:09', '4', '2020-03-25', '2020-03-26', '1', '4000', 'KH000051'),
('2021-06-22 14:51:18', '3', '2021-06-23', '2021-06-24', '1', '3000', 'KH000051'),
('2020-05-22 09:39:06', '2', '2020-05-23', '2020-05-24', '1', '2000', 'KH000051'),
('2021-09-15 04:32:26', '7', '2021-09-16', '2021-09-17', '1', '7000', 'KH000051'),
('2023-09-03 01:18:35', '6', '2023-09-04', '2023-09-05', '1', '6000', 'KH000051'),
('2020-07-01 21:30:23', '2', '2020-07-02', '2020-07-03', '1', '2000', 'KH000051'),
('2022-12-11 19:12:57', '7', '2022-12-12', '2022-12-13', '1', '7000', 'KH000051'),
('2023-12-03 15:48:24', '4', '2023-12-04', '2023-12-05', '1', '4000', 'KH000051'),
('2020-10-22 19:19:54', '2', '2020-10-23', '2020-10-24', '1', '2000', 'KH000052'),
('2021-08-08 12:19:52', '4', '2021-08-09', '2021-08-10', '1', '4000', 'KH000052'),
('2021-05-10 16:13:24', '6', '2021-05-11', '2021-05-12', '1', '6000', 'KH000052'),
('2022-12-13 14:34:13', '2', '2022-12-14', '2022-12-15', '1', '2000', 'KH000052'),
('2023-12-15 02:09:08', '7', '2023-12-16', '2023-12-17', '1', '7000', 'KH000052'),
('2022-07-02 11:14:22', '4', '2022-07-03', '2022-07-04', '1', '4000', 'KH000052'),
('2020-04-19 21:46:45', '4', '2020-04-20', '2020-04-21', '1', '4000', 'KH000052'),
('2020-09-10 22:54:15', '8', '2020-09-11', '2020-09-12', '1', '8000', 'KH000052'),
('2022-11-13 20:50:54', '4', '2022-11-14', '2022-11-15', '1', '4000', 'KH000052'),
('2022-07-20 01:45:06', '7', '2022-07-21', '2022-07-22', '1', '7000', 'KH000052'),
('2023-12-17 22:25:53', '7', '2023-12-18', '2023-12-19', '1', '7000', 'KH000052'),
('2021-03-05 13:13:35', '8', '2021-03-06', '2021-03-07', '1', '8000', 'KH000052'),
('2021-04-13 08:29:03', '6', '2021-04-14', '2021-04-15', '1', '6000', 'KH000052'),
('2022-02-20 10:53:35', '6', '2022-02-21', '2022-02-22', '1', '6000', 'KH000052'),
('2021-01-03 07:53:00', '7', '2021-01-04', '2021-01-05', '1', '7000', 'KH000052'),
('2020-09-09 05:20:00', '6', '2020-09-10', '2020-09-11', '1', '6000', 'KH000053'),
('2020-08-15 14:27:33', '6', '2020-08-16', '2020-08-17', '1', '6000', 'KH000053'),
('2022-09-16 15:58:10', '3', '2022-09-17', '2022-09-18', '1', '3000', 'KH000053'),
('2023-11-02 23:39:34', '8', '2023-11-03', '2023-11-04', '1', '8000', 'KH000053'),
('2021-03-02 12:35:49', '3', '2021-03-03', '2021-03-04', '1', '3000', 'KH000053'),
('2021-10-05 23:41:26', '6', '2021-10-06', '2021-10-07', '1', '6000', 'KH000053'),
('2021-11-22 12:22:47', '6', '2021-11-23', '2021-11-24', '1', '6000', 'KH000053'),
('2020-07-04 11:59:45', '6', '2020-07-05', '2020-07-06', '1', '6000', 'KH000053'),
('2020-08-04 03:36:00', '6', '2020-08-05', '2020-08-06', '1', '6000', 'KH000053'),
('2022-03-02 17:23:28', '8', '2022-03-03', '2022-03-04', '1', '8000', 'KH000053'),
('2020-03-10 18:40:50', '2', '2020-03-11', '2020-03-12', '1', '2000', 'KH000053'),
('2020-12-21 13:23:37', '6', '2020-12-22', '2020-12-23', '1', '6000', 'KH000053'),
('2020-06-20 22:00:41', '7', '2020-06-21', '2020-06-22', '1', '7000', 'KH000053'),
('2020-12-14 04:38:32', '7', '2020-12-15', '2020-12-16', '1', '7000', 'KH000053'),
('2023-02-26 12:14:04', '4', '2023-02-27', '2023-02-28', '1', '4000', 'KH000053'),
('2023-02-03 10:18:17', '3', '2023-02-04', '2023-02-05', '1', '3000', 'KH000054'),
('2021-12-22 18:48:34', '4', '2021-12-23', '2021-12-24', '1', '4000', 'KH000054'),
('2020-09-26 14:31:50', '2', '2020-09-27', '2020-09-28', '1', '2000', 'KH000054'),
('2020-12-05 21:40:21', '3', '2020-12-06', '2020-12-07', '1', '3000', 'KH000054'),
('2022-07-25 11:00:55', '4', '2022-07-26', '2022-07-27', '1', '4000', 'KH000054'),
('2023-09-21 10:18:07', '5', '2023-09-22', '2023-09-23', '1', '5000', 'KH000054'),
('2023-06-10 04:24:46', '8', '2023-06-11', '2023-06-12', '1', '8000', 'KH000054'),
('2020-06-01 04:52:52', '3', '2020-06-02', '2020-06-03', '1', '3000', 'KH000054'),
('2021-09-12 17:21:44', '8', '2021-09-13', '2021-09-14', '1', '8000', 'KH000054'),
('2020-04-16 10:00:05', '6', '2020-04-17', '2020-04-18', '1', '6000', 'KH000054'),
('2020-11-25 04:45:12', '2', '2020-11-26', '2020-11-27', '1', '2000', 'KH000054'),
('2021-11-24 12:00:05', '3', '2021-11-25', '2021-11-26', '1', '3000', 'KH000054'),
('2023-08-24 18:29:02', '3', '2023-08-25', '2023-08-26', '1', '3000', 'KH000054'),
('2022-06-08 00:25:24', '3', '2022-06-09', '2022-06-10', '1', '3000', 'KH000054'),
('2022-06-12 01:23:53', '8', '2022-06-13', '2022-06-14', '1', '8000', 'KH000054'),
('2023-02-13 04:01:39', '8', '2023-02-14', '2023-02-15', '1', '8000', 'KH000055'),
('2021-11-21 00:41:18', '6', '2021-11-22', '2021-11-23', '1', '6000', 'KH000055'),
('2021-06-15 09:55:36', '4', '2021-06-16', '2021-06-17', '1', '4000', 'KH000055'),
('2021-12-16 07:02:06', '6', '2021-12-17', '2021-12-18', '1', '6000', 'KH000055'),
('2021-01-11 14:41:08', '8', '2021-01-12', '2021-01-13', '1', '8000', 'KH000055'),
('2021-11-22 01:38:39', '4', '2021-11-23', '2021-11-24', '1', '4000', 'KH000055'),
('2021-06-21 04:46:12', '7', '2021-06-22', '2021-06-23', '1', '7000', 'KH000055'),
('2023-10-22 22:23:23', '7', '2023-10-23', '2023-10-24', '1', '7000', 'KH000055'),
('2021-08-01 13:01:10', '8', '2021-08-02', '2021-08-03', '1', '8000', 'KH000055'),
('2020-12-01 02:13:34', '4', '2020-12-02', '2020-12-03', '1', '4000', 'KH000055'),
('2021-03-08 13:04:49', '2', '2021-03-09', '2021-03-10', '1', '2000', 'KH000055'),
('2020-03-20 05:31:15', '5', '2020-03-21', '2020-03-22', '1', '5000', 'KH000055'),
('2020-01-08 16:11:21', '3', '2020-01-09', '2020-01-10', '1', '3000', 'KH000055'),
('2020-08-12 03:42:44', '4', '2020-08-13', '2020-08-14', '1', '4000', 'KH000055'),
('2023-07-26 04:09:03', '3', '2023-07-27', '2023-07-28', '1', '3000', 'KH000055'),
('2021-02-21 19:19:38', '5', '2021-02-22', '2021-02-23', '1', '5000', 'KH000056'),
('2023-07-20 20:30:17', '2', '2023-07-21', '2023-07-22', '1', '2000', 'KH000056'),
('2023-04-09 18:28:39', '3', '2023-04-10', '2023-04-11', '1', '3000', 'KH000056'),
('2021-01-12 13:13:05', '7', '2021-01-13', '2021-01-14', '1', '7000', 'KH000056'),
('2023-02-25 18:23:03', '8', '2023-02-26', '2023-02-27', '1', '8000', 'KH000056'),
('2023-08-04 07:23:06', '3', '2023-08-05', '2023-08-06', '1', '3000', 'KH000056'),
('2021-12-03 15:11:57', '6', '2021-12-04', '2021-12-05', '1', '6000', 'KH000056'),
('2022-05-23 14:09:25', '2', '2022-05-24', '2022-05-25', '1', '2000', 'KH000056'),
('2022-01-04 03:34:16', '2', '2022-01-05', '2022-01-06', '1', '2000', 'KH000056'),
('2023-06-24 23:05:48', '3', '2023-06-25', '2023-06-26', '1', '3000', 'KH000056'),
('2023-12-18 05:19:31', '7', '2023-12-19', '2023-12-20', '1', '7000', 'KH000056'),
('2020-02-10 00:45:22', '3', '2020-02-11', '2020-02-12', '1', '3000', 'KH000056'),
('2022-05-18 07:13:48', '2', '2022-05-19', '2022-05-20', '1', '2000', 'KH000056'),
('2020-10-22 08:34:40', '5', '2020-10-23', '2020-10-24', '1', '5000', 'KH000056'),
('2021-11-03 17:29:05', '4', '2021-11-04', '2021-11-05', '1', '4000', 'KH000056'),
('2022-04-03 23:42:42', '3', '2022-04-04', '2022-04-05', '1', '3000', 'KH000057'),
('2021-06-17 13:03:31', '6', '2021-06-18', '2021-06-19', '1', '6000', 'KH000057'),
('2020-11-12 06:49:17', '4', '2020-11-13', '2020-11-14', '1', '4000', 'KH000057'),
('2023-04-04 13:51:03', '5', '2023-04-05', '2023-04-06', '1', '5000', 'KH000057'),
('2021-05-16 21:38:31', '4', '2021-05-17', '2021-05-18', '1', '4000', 'KH000057'),
('2023-07-04 01:28:02', '3', '2023-07-05', '2023-07-06', '1', '3000', 'KH000057'),
('2020-03-10 15:14:14', '4', '2020-03-11', '2020-03-12', '1', '4000', 'KH000057'),
('2020-04-18 01:21:03', '2', '2020-04-19', '2020-04-20', '1', '2000', 'KH000057'),
('2023-08-09 10:31:46', '3', '2023-08-10', '2023-08-11', '1', '3000', 'KH000057'),
('2023-09-19 02:12:18', '3', '2023-09-20', '2023-09-21', '1', '3000', 'KH000057'),
('2022-07-10 19:51:53', '2', '2022-07-11', '2022-07-12', '1', '2000', 'KH000057'),
('2023-08-15 04:30:55', '3', '2023-08-16', '2023-08-17', '1', '3000', 'KH000057'),
('2021-04-23 11:18:09', '6', '2021-04-24', '2021-04-25', '1', '6000', 'KH000057'),
('2022-09-03 13:08:36', '4', '2022-09-04', '2022-09-05', '1', '4000', 'KH000057'),
('2021-06-20 00:19:00', '7', '2021-06-21', '2021-06-22', '1', '7000', 'KH000057'),
('2020-05-14 02:58:32', '8', '2020-05-15', '2020-05-16', '1', '8000', 'KH000058'),
('2020-12-17 04:35:43', '8', '2020-12-18', '2020-12-19', '1', '8000', 'KH000058'),
('2020-04-07 00:14:04', '6', '2020-04-08', '2020-04-09', '1', '6000', 'KH000058'),
('2020-09-11 11:47:48', '8', '2020-09-12', '2020-09-13', '1', '8000', 'KH000058'),
('2022-10-13 10:45:01', '5', '2022-10-14', '2022-10-15', '1', '5000', 'KH000058'),
('2022-11-14 16:43:55', '8', '2022-11-15', '2022-11-16', '1', '8000', 'KH000058'),
('2022-08-05 00:56:30', '4', '2022-08-06', '2022-08-07', '1', '4000', 'KH000058'),
('2023-08-23 13:08:38', '5', '2023-08-24', '2023-08-25', '1', '5000', 'KH000058'),
('2022-08-08 01:56:39', '5', '2022-08-09', '2022-08-10', '1', '5000', 'KH000058'),
('2021-01-13 17:38:55', '3', '2021-01-14', '2021-01-15', '1', '3000', 'KH000058'),
('2022-01-19 03:34:14', '8', '2022-01-20', '2022-01-21', '1', '8000', 'KH000058'),
('2021-09-20 14:35:30', '3', '2021-09-21', '2021-09-22', '1', '3000', 'KH000058'),
('2022-06-23 19:43:42', '6', '2022-06-24', '2022-06-25', '1', '6000', 'KH000058'),
('2020-06-19 13:14:58', '3', '2020-06-20', '2020-06-21', '1', '3000', 'KH000058'),
('2020-05-04 20:44:00', '6', '2020-05-05', '2020-05-06', '1', '6000', 'KH000058'),
('2021-03-21 20:02:04', '8', '2021-03-22', '2021-03-23', '1', '8000', 'KH000059'),
('2020-01-17 13:10:46', '8', '2020-01-18', '2020-01-19', '1', '8000', 'KH000059'),
('2021-07-02 11:18:44', '8', '2021-07-03', '2021-07-04', '1', '8000', 'KH000059'),
('2022-10-01 14:00:29', '8', '2022-10-02', '2022-10-03', '1', '8000', 'KH000059'),
('2022-08-08 11:00:44', '6', '2022-08-09', '2022-08-10', '1', '6000', 'KH000059'),
('2020-10-20 19:41:13', '8', '2020-10-21', '2020-10-22', '1', '8000', 'KH000059'),
('2023-02-09 02:02:05', '4', '2023-02-10', '2023-02-11', '1', '4000', 'KH000059'),
('2021-12-14 00:23:40', '4', '2021-12-15', '2021-12-16', '1', '4000', 'KH000059'),
('2023-01-16 05:36:14', '8', '2023-01-17', '2023-01-18', '1', '8000', 'KH000059'),
('2020-04-04 16:56:14', '6', '2020-04-05', '2020-04-06', '1', '6000', 'KH000059'),
('2021-04-22 17:13:27', '3', '2021-04-23', '2021-04-24', '1', '3000', 'KH000059'),
('2023-10-05 15:36:24', '8', '2023-10-06', '2023-10-07', '1', '8000', 'KH000059'),
('2020-03-11 20:20:40', '3', '2020-03-12', '2020-03-13', '1', '3000', 'KH000059'),
('2023-11-11 10:04:23', '4', '2023-11-12', '2023-11-13', '1', '4000', 'KH000059'),
('2020-07-12 04:40:20', '8', '2020-07-13', '2020-07-14', '1', '8000', 'KH000059'),
('2023-11-02 05:57:58', '4', '2023-11-03', '2023-11-04', '1', '4000', 'KH000060'),
('2020-03-13 07:18:38', '3', '2020-03-14', '2020-03-15', '1', '3000', 'KH000060'),
('2023-04-14 22:47:44', '6', '2023-04-15', '2023-04-16', '1', '6000', 'KH000060'),
('2021-08-12 18:56:53', '7', '2021-08-13', '2021-08-14', '1', '7000', 'KH000060'),
('2020-06-19 18:20:35', '3', '2020-06-20', '2020-06-21', '1', '3000', 'KH000060'),
('2022-04-13 00:49:05', '7', '2022-04-14', '2022-04-15', '1', '7000', 'KH000060'),
('2021-01-23 06:41:36', '3', '2021-01-24', '2021-01-25', '1', '3000', 'KH000060'),
('2022-09-02 04:24:35', '4', '2022-09-03', '2022-09-04', '1', '4000', 'KH000060'),
('2023-12-24 01:31:54', '2', '2023-12-25', '2023-12-26', '1', '2000', 'KH000060'),
('2022-06-24 03:45:30', '3', '2022-06-25', '2022-06-26', '1', '3000', 'KH000060'),
('2022-07-23 03:08:12', '7', '2022-07-24', '2022-07-25', '1', '7000', 'KH000060'),
('2021-11-09 17:38:29', '4', '2021-11-10', '2021-11-11', '1', '4000', 'KH000060'),
('2020-08-06 18:37:52', '3', '2020-08-07', '2020-08-08', '1', '3000', 'KH000060'),
('2021-12-14 04:44:45', '6', '2021-12-15', '2021-12-16', '1', '6000', 'KH000060'),
('2020-03-23 13:59:57', '6', '2020-03-24', '2020-03-25', '1', '6000', 'KH000060'),
('2021-01-06 20:40:14', '2', '2021-01-07', '2021-01-08', '1', '2000', 'KH000061'),
('2021-04-16 22:01:02', '7', '2021-04-17', '2021-04-18', '1', '7000', 'KH000061'),
('2020-11-23 01:59:13', '8', '2020-11-24', '2020-11-25', '1', '8000', 'KH000061'),
('2021-11-26 12:38:24', '7', '2021-11-27', '2021-11-28', '1', '7000', 'KH000061'),
('2020-05-08 17:58:20', '4', '2020-05-09', '2020-05-10', '1', '4000', 'KH000061'),
('2022-09-03 16:38:30', '5', '2022-09-04', '2022-09-05', '1', '5000', 'KH000061'),
('2021-01-01 16:51:24', '8', '2021-01-02', '2021-01-03', '1', '8000', 'KH000061'),
('2022-09-26 13:03:50', '2', '2022-09-27', '2022-09-28', '1', '2000', 'KH000061'),
('2023-02-13 03:31:47', '3', '2023-02-14', '2023-02-15', '1', '3000', 'KH000061'),
('2021-10-04 10:55:28', '5', '2021-10-05', '2021-10-06', '1', '5000', 'KH000061'),
('2021-05-22 23:03:04', '4', '2021-05-23', '2021-05-24', '1', '4000', 'KH000061'),
('2023-10-25 20:37:43', '2', '2023-10-26', '2023-10-27', '1', '2000', 'KH000061'),
('2023-03-13 09:53:56', '4', '2023-03-14', '2023-03-15', '1', '4000', 'KH000061'),
('2021-12-03 03:31:38', '7', '2021-12-04', '2021-12-05', '1', '7000', 'KH000061'),
('2023-03-24 09:11:59', '6', '2023-03-25', '2023-03-26', '1', '6000', 'KH000061'),
('2021-04-24 16:16:38', '8', '2021-04-25', '2021-04-26', '1', '8000', 'KH000062'),
('2022-09-04 06:53:55', '8', '2022-09-05', '2022-09-06', '1', '8000', 'KH000062'),
('2023-03-02 09:21:21', '6', '2023-03-03', '2023-03-04', '1', '6000', 'KH000062'),
('2021-10-21 00:38:24', '6', '2021-10-22', '2021-10-23', '1', '6000', 'KH000062'),
('2022-07-05 16:34:46', '6', '2022-07-06', '2022-07-07', '1', '6000', 'KH000062'),
('2021-10-24 00:10:54', '7', '2021-10-25', '2021-10-26', '1', '7000', 'KH000062'),
('2020-08-01 09:36:23', '3', '2020-08-02', '2020-08-03', '1', '3000', 'KH000062'),
('2023-03-04 01:15:39', '3', '2023-03-05', '2023-03-06', '1', '3000', 'KH000062'),
('2022-10-06 03:29:02', '8', '2022-10-07', '2022-10-08', '1', '8000', 'KH000062'),
('2020-04-05 22:46:32', '2', '2020-04-06', '2020-04-07', '1', '2000', 'KH000062'),
('2021-06-20 01:58:14', '6', '2021-06-21', '2021-06-22', '1', '6000', 'KH000062'),
('2021-07-05 16:25:22', '2', '2021-07-06', '2021-07-07', '1', '2000', 'KH000062'),
('2023-11-05 23:39:32', '4', '2023-11-06', '2023-11-07', '1', '4000', 'KH000062'),
('2020-12-02 05:56:16', '5', '2020-12-03', '2020-12-04', '1', '5000', 'KH000062'),
('2021-10-07 17:16:42', '6', '2021-10-08', '2021-10-09', '1', '6000', 'KH000062'),
('2021-04-03 23:16:59', '6', '2021-04-04', '2021-04-05', '1', '6000', 'KH000063'),
('2020-12-01 09:13:57', '2', '2020-12-02', '2020-12-03', '1', '2000', 'KH000063'),
('2022-11-04 07:58:03', '8', '2022-11-05', '2022-11-06', '1', '8000', 'KH000063'),
('2021-12-19 11:05:26', '3', '2021-12-20', '2021-12-21', '1', '3000', 'KH000063'),
('2022-01-11 02:53:28', '2', '2022-01-12', '2022-01-13', '1', '2000', 'KH000063'),
('2023-10-11 13:55:04', '4', '2023-10-12', '2023-10-13', '1', '4000', 'KH000063'),
('2021-08-11 11:37:36', '8', '2021-08-12', '2021-08-13', '1', '8000', 'KH000063'),
('2023-03-26 19:37:35', '5', '2023-03-27', '2023-03-28', '1', '5000', 'KH000063'),
('2021-09-03 21:12:24', '4', '2021-09-04', '2021-09-05', '1', '4000', 'KH000063'),
('2020-05-10 08:00:27', '3', '2020-05-11', '2020-05-12', '1', '3000', 'KH000063'),
('2023-08-08 04:10:03', '8', '2023-08-09', '2023-08-10', '1', '8000', 'KH000063'),
('2020-02-21 03:37:50', '8', '2020-02-22', '2020-02-23', '1', '8000', 'KH000063'),
('2023-09-06 14:33:28', '4', '2023-09-07', '2023-09-08', '1', '4000', 'KH000063'),
('2023-02-13 05:07:55', '6', '2023-02-14', '2023-02-15', '1', '6000', 'KH000063'),
('2020-03-23 14:11:11', '3', '2020-03-24', '2020-03-25', '1', '3000', 'KH000063'),
('2020-05-18 02:58:16', '7', '2020-05-19', '2020-05-20', '1', '7000', 'KH000064'),
('2023-01-06 20:49:27', '2', '2023-01-07', '2023-01-08', '1', '2000', 'KH000064'),
('2022-01-13 07:39:32', '5', '2022-01-14', '2022-01-15', '1', '5000', 'KH000064'),
('2022-05-10 17:27:21', '5', '2022-05-11', '2022-05-12', '1', '5000', 'KH000064'),
('2022-12-12 02:13:07', '2', '2022-12-13', '2022-12-14', '1', '2000', 'KH000064'),
('2022-10-06 08:42:01', '2', '2022-10-07', '2022-10-08', '1', '2000', 'KH000064'),
('2023-09-15 13:38:36', '5', '2023-09-16', '2023-09-17', '1', '5000', 'KH000064'),
('2023-06-07 04:39:39', '4', '2023-06-08', '2023-06-09', '1', '4000', 'KH000064'),
('2020-02-09 22:15:51', '4', '2020-02-10', '2020-02-11', '1', '4000', 'KH000064'),
('2023-04-04 17:39:13', '7', '2023-04-05', '2023-04-06', '1', '7000', 'KH000064'),
('2020-09-02 22:17:10', '7', '2020-09-03', '2020-09-04', '1', '7000', 'KH000064'),
('2023-01-14 21:29:23', '5', '2023-01-15', '2023-01-16', '1', '5000', 'KH000064'),
('2022-05-01 16:59:47', '2', '2022-05-02', '2022-05-03', '1', '2000', 'KH000064'),
('2023-06-11 02:03:38', '7', '2023-06-12', '2023-06-13', '1', '7000', 'KH000064'),
('2020-07-19 09:00:43', '3', '2020-07-20', '2020-07-21', '1', '3000', 'KH000064'),
('2023-04-19 12:18:12', '8', '2023-04-20', '2023-04-21', '1', '8000', 'KH000065'),
('2021-03-16 22:47:57', '4', '2021-03-17', '2021-03-18', '1', '4000', 'KH000065'),
('2021-04-08 23:59:07', '3', '2021-04-09', '2021-04-10', '1', '3000', 'KH000065'),
('2022-09-13 21:28:59', '6', '2022-09-14', '2022-09-15', '1', '6000', 'KH000065'),
('2021-06-06 15:11:31', '4', '2021-06-07', '2021-06-08', '1', '4000', 'KH000065'),
('2020-11-04 06:46:46', '3', '2020-11-05', '2020-11-06', '1', '3000', 'KH000065'),
('2021-09-13 09:28:37', '4', '2021-09-14', '2021-09-15', '1', '4000', 'KH000065'),
('2022-02-08 14:00:45', '2', '2022-02-09', '2022-02-10', '1', '2000', 'KH000065'),
('2020-10-16 19:49:55', '4', '2020-10-17', '2020-10-18', '1', '4000', 'KH000065'),
('2021-03-23 18:40:14', '4', '2021-03-24', '2021-03-25', '1', '4000', 'KH000065'),
('2021-03-21 20:30:04', '3', '2021-03-22', '2021-03-23', '1', '3000', 'KH000065'),
('2020-03-15 20:25:27', '2', '2020-03-16', '2020-03-17', '1', '2000', 'KH000065'),
('2023-07-15 15:02:10', '2', '2023-07-16', '2023-07-17', '1', '2000', 'KH000065'),
('2020-02-09 12:08:30', '7', '2020-02-10', '2020-02-11', '1', '7000', 'KH000065'),
('2023-05-16 10:35:31', '7', '2023-05-17', '2023-05-18', '1', '7000', 'KH000065'),
('2022-09-23 08:29:52', '6', '2022-09-24', '2022-09-25', '1', '6000', 'KH000066'),
('2020-02-07 18:48:33', '5', '2020-02-08', '2020-02-09', '1', '5000', 'KH000066'),
('2021-10-24 07:55:48', '7', '2021-10-25', '2021-10-26', '1', '7000', 'KH000066'),
('2023-01-16 13:17:23', '4', '2023-01-17', '2023-01-18', '1', '4000', 'KH000066'),
('2022-09-13 16:29:38', '5', '2022-09-14', '2022-09-15', '1', '5000', 'KH000066'),
('2021-06-03 04:13:17', '7', '2021-06-04', '2021-06-05', '1', '7000', 'KH000066'),
('2022-07-26 21:52:03', '5', '2022-07-27', '2022-07-28', '1', '5000', 'KH000066'),
('2021-10-03 19:36:30', '4', '2021-10-04', '2021-10-05', '1', '4000', 'KH000066'),
('2021-02-14 20:54:26', '4', '2021-02-15', '2021-02-16', '1', '4000', 'KH000066'),
('2021-10-17 01:11:41', '8', '2021-10-18', '2021-10-19', '1', '8000', 'KH000066'),
('2021-06-13 06:56:42', '3', '2021-06-14', '2021-06-15', '1', '3000', 'KH000066'),
('2022-04-12 15:59:33', '7', '2022-04-13', '2022-04-14', '1', '7000', 'KH000066'),
('2022-08-25 06:46:31', '3', '2022-08-26', '2022-08-27', '1', '3000', 'KH000066'),
('2023-04-16 03:39:26', '3', '2023-04-17', '2023-04-18', '1', '3000', 'KH000066'),
('2023-09-21 06:19:49', '3', '2023-09-22', '2023-09-23', '1', '3000', 'KH000066'),
('2022-12-12 10:53:51', '3', '2022-12-13', '2022-12-14', '1', '3000', 'KH000067'),
('2022-08-15 14:17:01', '7', '2022-08-16', '2022-08-17', '1', '7000', 'KH000067'),
('2022-01-02 09:28:32', '3', '2022-01-03', '2022-01-04', '1', '3000', 'KH000067'),
('2022-09-10 19:52:36', '8', '2022-09-11', '2022-09-12', '1', '8000', 'KH000067'),
('2022-11-17 12:49:58', '3', '2022-11-18', '2022-11-19', '1', '3000', 'KH000067'),
('2022-03-23 13:38:04', '7', '2022-03-24', '2022-03-25', '1', '7000', 'KH000067'),
('2022-01-26 17:02:46', '6', '2022-01-27', '2022-01-28', '1', '6000', 'KH000067'),
('2022-02-05 06:24:15', '5', '2022-02-06', '2022-02-07', '1', '5000', 'KH000067'),
('2021-04-17 09:05:07', '2', '2021-04-18', '2021-04-19', '1', '2000', 'KH000067'),
('2020-10-06 20:54:29', '5', '2020-10-07', '2020-10-08', '1', '5000', 'KH000067'),
('2020-07-08 01:35:23', '3', '2020-07-09', '2020-07-10', '1', '3000', 'KH000067'),
('2020-10-16 03:35:41', '2', '2020-10-17', '2020-10-18', '1', '2000', 'KH000067'),
('2020-10-09 02:05:42', '2', '2020-10-10', '2020-10-11', '1', '2000', 'KH000067'),
('2023-11-03 11:57:38', '5', '2023-11-04', '2023-11-05', '1', '5000', 'KH000067'),
('2020-12-08 06:01:40', '3', '2020-12-09', '2020-12-10', '1', '3000', 'KH000067'),
('2021-05-11 01:03:03', '6', '2021-05-12', '2021-05-13', '1', '6000', 'KH000068'),
('2020-10-16 23:49:46', '7', '2020-10-17', '2020-10-18', '1', '7000', 'KH000068'),
('2022-08-24 08:45:56', '4', '2022-08-25', '2022-08-26', '1', '4000', 'KH000068'),
('2023-10-01 01:47:06', '3', '2023-10-02', '2023-10-03', '1', '3000', 'KH000068'),
('2022-08-03 14:00:11', '7', '2022-08-04', '2022-08-05', '1', '7000', 'KH000068'),
('2022-09-02 22:12:15', '3', '2022-09-03', '2022-09-04', '1', '3000', 'KH000068'),
('2022-03-26 04:30:43', '8', '2022-03-27', '2022-03-28', '1', '8000', 'KH000068'),
('2022-06-24 01:32:49', '4', '2022-06-25', '2022-06-26', '1', '4000', 'KH000068'),
('2021-02-08 12:49:56', '3', '2021-02-09', '2021-02-10', '1', '3000', 'KH000068'),
('2023-09-10 19:09:35', '2', '2023-09-11', '2023-09-12', '1', '2000', 'KH000068'),
('2023-05-11 08:52:58', '8', '2023-05-12', '2023-05-13', '1', '8000', 'KH000068'),
('2021-08-18 10:43:49', '3', '2021-08-19', '2021-08-20', '1', '3000', 'KH000068'),
('2021-05-02 13:15:14', '7', '2021-05-03', '2021-05-04', '1', '7000', 'KH000068'),
('2023-09-03 10:25:49', '5', '2023-09-04', '2023-09-05', '1', '5000', 'KH000068'),
('2023-08-01 15:11:25', '5', '2023-08-02', '2023-08-03', '1', '5000', 'KH000068'),
('2020-12-14 18:02:34', '5', '2020-12-15', '2020-12-16', '1', '5000', 'KH000069'),
('2021-10-15 21:12:02', '8', '2021-10-16', '2021-10-17', '1', '8000', 'KH000069'),
('2020-12-24 08:17:26', '2', '2020-12-25', '2020-12-26', '1', '2000', 'KH000069'),
('2022-06-13 14:52:40', '4', '2022-06-14', '2022-06-15', '1', '4000', 'KH000069'),
('2020-10-08 05:54:39', '2', '2020-10-09', '2020-10-10', '1', '2000', 'KH000069'),
('2022-10-23 01:57:12', '7', '2022-10-24', '2022-10-25', '1', '7000', 'KH000069'),
('2020-11-10 17:51:11', '6', '2020-11-11', '2020-11-12', '1', '6000', 'KH000069'),
('2021-01-10 20:15:03', '3', '2021-01-11', '2021-01-12', '1', '3000', 'KH000069'),
('2020-05-04 12:56:48', '5', '2020-05-05', '2020-05-06', '1', '5000', 'KH000069'),
('2020-03-08 07:01:58', '6', '2020-03-09', '2020-03-10', '1', '6000', 'KH000069'),
('2020-08-10 02:11:08', '6', '2020-08-11', '2020-08-12', '1', '6000', 'KH000069'),
('2022-11-15 19:12:53', '8', '2022-11-16', '2022-11-17', '1', '8000', 'KH000069'),
('2021-01-08 07:36:36', '6', '2021-01-09', '2021-01-10', '1', '6000', 'KH000069'),
('2023-04-16 10:05:03', '4', '2023-04-17', '2023-04-18', '1', '4000', 'KH000069'),
('2023-12-06 14:15:31', '7', '2023-12-07', '2023-12-08', '1', '7000', 'KH000069'),
('2021-03-03 16:45:37', '7', '2021-03-04', '2021-03-05', '1', '7000', 'KH000070'),
('2022-06-04 04:29:59', '3', '2022-06-05', '2022-06-06', '1', '3000', 'KH000070'),
('2022-11-25 07:12:07', '4', '2022-11-26', '2022-11-27', '1', '4000', 'KH000070'),
('2020-09-08 00:26:18', '3', '2020-09-09', '2020-09-10', '1', '3000', 'KH000070'),
('2022-06-04 22:42:28', '4', '2022-06-05', '2022-06-06', '1', '4000', 'KH000070'),
('2021-11-15 16:53:55', '8', '2021-11-16', '2021-11-17', '1', '8000', 'KH000070'),
('2020-01-02 15:33:29', '5', '2020-01-03', '2020-01-04', '1', '5000', 'KH000070'),
('2021-12-23 12:29:22', '3', '2021-12-24', '2021-12-25', '1', '3000', 'KH000070'),
('2020-08-01 01:03:30', '2', '2020-08-02', '2020-08-03', '1', '2000', 'KH000070'),
('2021-03-18 07:10:19', '7', '2021-03-19', '2021-03-20', '1', '7000', 'KH000070'),
('2022-08-07 02:30:33', '6', '2022-08-08', '2022-08-09', '1', '6000', 'KH000070'),
('2022-07-06 06:19:58', '6', '2022-07-07', '2022-07-08', '1', '6000', 'KH000070'),
('2023-07-17 04:43:59', '2', '2023-07-18', '2023-07-19', '1', '2000', 'KH000070'),
('2020-08-11 20:40:20', '2', '2020-08-12', '2020-08-13', '1', '2000', 'KH000070'),
('2023-01-06 09:54:38', '5', '2023-01-07', '2023-01-08', '1', '5000', 'KH000070'),
('2020-12-03 08:10:43', '4', '2020-12-04', '2020-12-05', '1', '4000', 'KH000071'),
('2021-10-04 04:53:58', '3', '2021-10-05', '2021-10-06', '1', '3000', 'KH000071'),
('2022-01-12 02:25:23', '4', '2022-01-13', '2022-01-14', '1', '4000', 'KH000071'),
('2021-09-22 06:28:50', '6', '2021-09-23', '2021-09-24', '1', '6000', 'KH000071'),
('2020-06-17 02:55:57', '5', '2020-06-18', '2020-06-19', '1', '5000', 'KH000071'),
('2023-05-17 00:44:03', '4', '2023-05-18', '2023-05-19', '1', '4000', 'KH000071'),
('2020-09-11 04:01:12', '4', '2020-09-12', '2020-09-13', '1', '4000', 'KH000071'),
('2023-08-08 11:39:55', '2', '2023-08-09', '2023-08-10', '1', '2000', 'KH000071'),
('2021-01-12 15:09:52', '2', '2021-01-13', '2021-01-14', '1', '2000', 'KH000071'),
('2023-04-10 13:52:17', '2', '2023-04-11', '2023-04-12', '1', '2000', 'KH000071'),
('2020-09-04 07:00:40', '6', '2020-09-05', '2020-09-06', '1', '6000', 'KH000071'),
('2021-04-01 09:16:07', '8', '2021-04-02', '2021-04-03', '1', '8000', 'KH000071'),
('2022-03-04 14:24:57', '6', '2022-03-05', '2022-03-06', '1', '6000', 'KH000071'),
('2021-04-02 17:14:32', '2', '2021-04-03', '2021-04-04', '1', '2000', 'KH000071'),
('2020-10-22 17:21:56', '5', '2020-10-23', '2020-10-24', '1', '5000', 'KH000071'),
('2020-02-08 00:49:58', '5', '2020-02-09', '2020-02-10', '1', '5000', 'KH000072'),
('2022-05-17 20:40:25', '5', '2022-05-18', '2022-05-19', '1', '5000', 'KH000072'),
('2020-01-17 02:40:16', '2', '2020-01-18', '2020-01-19', '1', '2000', 'KH000072'),
('2021-11-22 20:24:30', '6', '2021-11-23', '2021-11-24', '1', '6000', 'KH000072'),
('2022-03-23 06:22:06', '3', '2022-03-24', '2022-03-25', '1', '3000', 'KH000072'),
('2021-05-25 08:32:37', '2', '2021-05-26', '2021-05-27', '1', '2000', 'KH000072'),
('2020-07-07 08:43:36', '6', '2020-07-08', '2020-07-09', '1', '6000', 'KH000072'),
('2020-04-06 03:01:01', '6', '2020-04-07', '2020-04-08', '1', '6000', 'KH000072'),
('2022-10-03 01:04:59', '8', '2022-10-04', '2022-10-05', '1', '8000', 'KH000072'),
('2023-12-03 14:57:23', '4', '2023-12-04', '2023-12-05', '1', '4000', 'KH000072'),
('2020-08-26 08:11:38', '6', '2020-08-27', '2020-08-28', '1', '6000', 'KH000072'),
('2020-07-13 14:41:59', '7', '2020-07-14', '2020-07-15', '1', '7000', 'KH000072'),
('2021-02-04 11:50:12', '6', '2021-02-05', '2021-02-06', '1', '6000', 'KH000072'),
('2022-05-20 03:31:00', '2', '2022-05-21', '2022-05-22', '1', '2000', 'KH000072'),
('2022-02-15 15:20:17', '7', '2022-02-16', '2022-02-17', '1', '7000', 'KH000072'),
('2022-11-24 16:48:46', '2', '2022-11-25', '2022-11-26', '1', '2000', 'KH000073'),
('2021-05-16 00:16:39', '6', '2021-05-17', '2021-05-18', '1', '6000', 'KH000073'),
('2023-01-08 13:42:30', '4', '2023-01-09', '2023-01-10', '1', '4000', 'KH000073'),
('2020-08-15 17:40:01', '7', '2020-08-16', '2020-08-17', '1', '7000', 'KH000073'),
('2021-04-08 17:44:38', '6', '2021-04-09', '2021-04-10', '1', '6000', 'KH000073'),
('2023-06-04 20:03:23', '2', '2023-06-05', '2023-06-06', '1', '2000', 'KH000073'),
('2021-06-02 23:35:08', '7', '2021-06-03', '2021-06-04', '1', '7000', 'KH000073'),
('2023-11-26 04:10:20', '7', '2023-11-27', '2023-11-28', '1', '7000', 'KH000073'),
('2023-05-16 08:03:09', '7', '2023-05-17', '2023-05-18', '1', '7000', 'KH000073'),
('2023-12-08 07:53:51', '3', '2023-12-09', '2023-12-10', '1', '3000', 'KH000073'),
('2022-01-22 04:11:49', '5', '2022-01-23', '2022-01-24', '1', '5000', 'KH000073'),
('2022-02-11 05:31:17', '4', '2022-02-12', '2022-02-13', '1', '4000', 'KH000073'),
('2021-01-09 14:44:50', '2', '2021-01-10', '2021-01-11', '1', '2000', 'KH000073'),
('2023-06-12 23:43:11', '4', '2023-06-13', '2023-06-14', '1', '4000', 'KH000073'),
('2020-09-20 01:19:27', '5', '2020-09-21', '2020-09-22', '1', '5000', 'KH000073'),
('2021-04-10 06:07:09', '6', '2021-04-11', '2021-04-12', '1', '6000', 'KH000074'),
('2023-08-04 16:02:10', '6', '2023-08-05', '2023-08-06', '1', '6000', 'KH000074'),
('2023-11-21 00:30:01', '7', '2023-11-22', '2023-11-23', '1', '7000', 'KH000074'),
('2021-11-07 09:33:58', '6', '2021-11-08', '2021-11-09', '1', '6000', 'KH000074'),
('2022-09-12 07:57:33', '2', '2022-09-13', '2022-09-14', '1', '2000', 'KH000074'),
('2023-04-15 22:26:46', '8', '2023-04-16', '2023-04-17', '1', '8000', 'KH000074'),
('2022-01-03 12:07:36', '7', '2022-01-04', '2022-01-05', '1', '7000', 'KH000074'),
('2022-06-21 00:48:42', '5', '2022-06-22', '2022-06-23', '1', '5000', 'KH000074'),
('2020-03-07 23:02:28', '7', '2020-03-08', '2020-03-09', '1', '7000', 'KH000074'),
('2020-12-04 06:27:47', '8', '2020-12-05', '2020-12-06', '1', '8000', 'KH000074'),
('2023-06-09 01:49:08', '4', '2023-06-10', '2023-06-11', '1', '4000', 'KH000074'),
('2023-01-26 07:50:51', '4', '2023-01-27', '2023-01-28', '1', '4000', 'KH000074'),
('2020-06-22 21:12:30', '4', '2020-06-23', '2020-06-24', '1', '4000', 'KH000074'),
('2023-08-20 09:16:04', '2', '2023-08-21', '2023-08-22', '1', '2000', 'KH000074'),
('2022-10-08 03:38:09', '3', '2022-10-09', '2022-10-10', '1', '3000', 'KH000074'),
('2023-12-25 01:31:56', '6', '2023-12-26', '2023-12-27', '1', '6000', 'KH000075'),
('2021-03-14 10:48:57', '5', '2021-03-15', '2021-03-16', '1', '5000', 'KH000075'),
('2023-03-09 01:11:45', '3', '2023-03-10', '2023-03-11', '1', '3000', 'KH000075'),
('2020-07-02 22:44:44', '5', '2020-07-03', '2020-07-04', '1', '5000', 'KH000075'),
('2021-01-24 00:04:42', '8', '2021-01-25', '2021-01-26', '1', '8000', 'KH000075'),
('2021-04-14 16:01:14', '3', '2021-04-15', '2021-04-16', '1', '3000', 'KH000075'),
('2021-01-13 16:28:20', '7', '2021-01-14', '2021-01-15', '1', '7000', 'KH000075'),
('2020-04-03 02:54:03', '8', '2020-04-04', '2020-04-05', '1', '8000', 'KH000075'),
('2023-06-21 00:46:33', '2', '2023-06-22', '2023-06-23', '1', '2000', 'KH000075'),
('2020-07-07 03:31:32', '3', '2020-07-08', '2020-07-09', '1', '3000', 'KH000075'),
('2023-06-25 02:40:47', '4', '2023-06-26', '2023-06-27', '1', '4000', 'KH000075'),
('2023-03-09 02:59:57', '7', '2023-03-10', '2023-03-11', '1', '7000', 'KH000075'),
('2020-12-21 23:53:25', '8', '2020-12-22', '2020-12-23', '1', '8000', 'KH000075'),
('2022-11-04 15:23:02', '4', '2022-11-05', '2022-11-06', '1', '4000', 'KH000075'),
('2020-02-10 02:01:50', '3', '2020-02-11', '2020-02-12', '1', '3000', 'KH000075'),
('2022-08-09 19:59:51', '3', '2022-08-10', '2022-08-11', '1', '3000', 'KH000076'),
('2023-10-09 22:12:42', '3', '2023-10-10', '2023-10-11', '1', '3000', 'KH000076'),
('2023-03-21 03:00:39', '2', '2023-03-22', '2023-03-23', '1', '2000', 'KH000076'),
('2023-04-17 17:03:50', '7', '2023-04-18', '2023-04-19', '1', '7000', 'KH000076'),
('2020-05-25 10:28:56', '3', '2020-05-26', '2020-05-27', '1', '3000', 'KH000076'),
('2020-11-12 23:24:27', '6', '2020-11-13', '2020-11-14', '1', '6000', 'KH000076'),
('2020-08-22 07:57:58', '8', '2020-08-23', '2020-08-24', '1', '8000', 'KH000076'),
('2021-02-25 04:50:05', '4', '2021-02-26', '2021-02-27', '1', '4000', 'KH000076'),
('2023-12-03 18:28:09', '4', '2023-12-04', '2023-12-05', '1', '4000', 'KH000076'),
('2023-03-09 11:14:58', '5', '2023-03-10', '2023-03-11', '1', '5000', 'KH000076'),
('2022-10-18 08:55:49', '2', '2022-10-19', '2022-10-20', '1', '2000', 'KH000076'),
('2022-08-22 10:54:35', '4', '2022-08-23', '2022-08-24', '1', '4000', 'KH000076'),
('2022-07-25 18:44:31', '3', '2022-07-26', '2022-07-27', '1', '3000', 'KH000076'),
('2021-03-17 23:15:19', '5', '2021-03-18', '2021-03-19', '1', '5000', 'KH000076'),
('2022-11-12 23:15:04', '7', '2022-11-13', '2022-11-14', '1', '7000', 'KH000076'),
('2021-01-08 01:49:33', '8', '2021-01-09', '2021-01-10', '1', '8000', 'KH000077'),
('2020-04-23 10:30:14', '7', '2020-04-24', '2020-04-25', '1', '7000', 'KH000077'),
('2021-10-15 17:50:45', '5', '2021-10-16', '2021-10-17', '1', '5000', 'KH000077'),
('2023-11-13 13:48:24', '6', '2023-11-14', '2023-11-15', '1', '6000', 'KH000077'),
('2022-12-20 07:27:03', '8', '2022-12-21', '2022-12-22', '1', '8000', 'KH000077'),
('2022-06-15 12:46:41', '6', '2022-06-16', '2022-06-17', '1', '6000', 'KH000077'),
('2023-12-21 13:17:25', '7', '2023-12-22', '2023-12-23', '1', '7000', 'KH000077'),
('2021-01-11 07:59:22', '2', '2021-01-12', '2021-01-13', '1', '2000', 'KH000077'),
('2021-05-16 08:11:04', '8', '2021-05-17', '2021-05-18', '1', '8000', 'KH000077'),
('2022-04-09 00:22:37', '7', '2022-04-10', '2022-04-11', '1', '7000', 'KH000077'),
('2022-04-15 12:05:25', '7', '2022-04-16', '2022-04-17', '1', '7000', 'KH000077'),
('2021-06-11 06:23:57', '7', '2021-06-12', '2021-06-13', '1', '7000', 'KH000077'),
('2021-05-23 18:04:39', '8', '2021-05-24', '2021-05-25', '1', '8000', 'KH000077'),
('2023-04-20 19:46:25', '4', '2023-04-21', '2023-04-22', '1', '4000', 'KH000077'),
('2020-04-21 11:36:10', '2', '2020-04-22', '2020-04-23', '1', '2000', 'KH000077'),
('2020-02-18 10:41:26', '4', '2020-02-19', '2020-02-20', '1', '4000', 'KH000078'),
('2023-03-07 14:12:20', '8', '2023-03-08', '2023-03-09', '1', '8000', 'KH000078'),
('2022-04-21 23:23:44', '7', '2022-04-22', '2022-04-23', '1', '7000', 'KH000078'),
('2023-12-10 19:15:15', '2', '2023-12-11', '2023-12-12', '1', '2000', 'KH000078'),
('2021-10-08 19:06:26', '7', '2021-10-09', '2021-10-10', '1', '7000', 'KH000078'),
('2023-05-24 07:30:55', '4', '2023-05-25', '2023-05-26', '1', '4000', 'KH000078'),
('2023-05-10 07:16:40', '8', '2023-05-11', '2023-05-12', '1', '8000', 'KH000078'),
('2023-02-08 22:21:30', '8', '2023-02-09', '2023-02-10', '1', '8000', 'KH000078'),
('2020-11-14 12:05:30', '3', '2020-11-15', '2020-11-16', '1', '3000', 'KH000078'),
('2022-09-07 06:50:58', '5', '2022-09-08', '2022-09-09', '1', '5000', 'KH000078'),
('2020-07-25 13:58:50', '5', '2020-07-26', '2020-07-27', '1', '5000', 'KH000078'),
('2020-05-12 13:54:56', '5', '2020-05-13', '2020-05-14', '1', '5000', 'KH000078'),
('2023-11-17 20:05:14', '7', '2023-11-18', '2023-11-19', '1', '7000', 'KH000078'),
('2022-07-17 21:35:12', '5', '2022-07-18', '2022-07-19', '1', '5000', 'KH000078'),
('2021-03-04 23:43:24', '3', '2021-03-05', '2021-03-06', '1', '3000', 'KH000078'),
('2022-01-04 20:07:58', '3', '2022-01-05', '2022-01-06', '1', '3000', 'KH000079'),
('2022-03-09 07:13:23', '3', '2022-03-10', '2022-03-11', '1', '3000', 'KH000079'),
('2021-06-12 20:32:30', '8', '2021-06-13', '2021-06-14', '1', '8000', 'KH000079'),
('2020-11-06 18:16:20', '6', '2020-11-07', '2020-11-08', '1', '6000', 'KH000079'),
('2023-10-26 16:44:13', '7', '2023-10-27', '2023-10-28', '1', '7000', 'KH000079'),
('2020-10-17 07:09:32', '5', '2020-10-18', '2020-10-19', '1', '5000', 'KH000079'),
('2021-11-14 06:37:59', '3', '2021-11-15', '2021-11-16', '1', '3000', 'KH000079'),
('2022-12-13 20:54:36', '8', '2022-12-14', '2022-12-15', '1', '8000', 'KH000079'),
('2020-04-08 19:38:05', '8', '2020-04-09', '2020-04-10', '1', '8000', 'KH000079'),
('2021-03-10 22:42:19', '6', '2021-03-11', '2021-03-12', '1', '6000', 'KH000079'),
('2020-04-21 07:51:58', '3', '2020-04-22', '2020-04-23', '1', '3000', 'KH000079'),
('2022-01-15 17:39:29', '6', '2022-01-16', '2022-01-17', '1', '6000', 'KH000079'),
('2020-01-17 15:53:18', '7', '2020-01-18', '2020-01-19', '1', '7000', 'KH000079'),
('2023-01-13 04:19:02', '3', '2023-01-14', '2023-01-15', '1', '3000', 'KH000079'),
('2023-11-17 22:14:19', '5', '2023-11-18', '2023-11-19', '1', '5000', 'KH000079'),
('2023-07-12 17:36:48', '3', '2023-07-13', '2023-07-14', '1', '3000', 'KH000080'),
('2020-11-15 11:31:59', '7', '2020-11-16', '2020-11-17', '1', '7000', 'KH000080'),
('2021-09-26 09:23:33', '2', '2021-09-27', '2021-09-28', '1', '2000', 'KH000080'),
('2021-07-11 05:28:26', '8', '2021-07-12', '2021-07-13', '1', '8000', 'KH000080'),
('2021-11-24 10:20:23', '6', '2021-11-25', '2021-11-26', '1', '6000', 'KH000080'),
('2021-03-03 22:53:15', '2', '2021-03-04', '2021-03-05', '1', '2000', 'KH000080'),
('2021-10-16 05:12:46', '5', '2021-10-17', '2021-10-18', '1', '5000', 'KH000080'),
('2022-12-21 14:56:36', '4', '2022-12-22', '2022-12-23', '1', '4000', 'KH000080'),
('2023-07-02 23:46:34', '3', '2023-07-03', '2023-07-04', '1', '3000', 'KH000080'),
('2022-06-16 04:47:34', '5', '2022-06-17', '2022-06-18', '1', '5000', 'KH000080'),
('2021-06-14 00:30:20', '4', '2021-06-15', '2021-06-16', '1', '4000', 'KH000080'),
('2020-06-12 01:37:54', '7', '2020-06-13', '2020-06-14', '1', '7000', 'KH000080'),
('2023-12-26 17:42:43', '6', '2023-12-27', '2023-12-28', '1', '6000', 'KH000080'),
('2021-09-22 23:18:15', '7', '2021-09-23', '2021-09-24', '1', '7000', 'KH000080'),
('2023-08-20 23:03:16', '7', '2023-08-21', '2023-08-22', '1', '7000', 'KH000080');


-- 17. Add booking_room
INSERT INTO `booking_room` (`BookingID`, `BranchID`, `RoomNumber`) VALUES ('DP23112022000001', 'CN4', '114'),
('DP15052023000002', 'CN1', '112'),
('DP11032021000003', 'CN2', '111'),
('DP24122023000004', 'CN1', '106'),
('DP09032022000005', 'CN4', '111'),
('DP07012021000006', 'CN1', '111'),
('DP07102023000007', 'CN1', '106'),
('DP20062020000008', 'CN4', '110'),
('DP01042021000009', 'CN1', '114'),
('DP01122023000010', 'CN3', '112'),
('DP23032021000011', 'CN3', '114'),
('DP03082022000012', 'CN4', '113'),
('DP04072020000013', 'CN4', '112'),
('DP22012023000014', 'CN2', '115'),
('DP26122022000015', 'CN3', '111'),
('DP03052021000016', 'CN4', '103'),
('DP23032023000017', 'CN1', '116'),
('DP17082023000018', 'CN4', '102'),
('DP25072021000019', 'CN1', '114'),
('DP18102022000020', 'CN4', '110'),
('DP12092023000021', 'CN4', '102'),
('DP09052022000022', 'CN1', '107'),
('DP20042020000023', 'CN2', '112'),
('DP20042021000024', 'CN4', '116'),
('DP15122020000025', 'CN2', '105'),
('DP15082020000026', 'CN3', '101'),
('DP25062022000027', 'CN2', '106'),
('DP11102022000028', 'CN4', '111'),
('DP05022023000029', 'CN4', '111'),
('DP07012021000030', 'CN3', '116'),
('DP13032022000031', 'CN1', '110'),
('DP20102023000032', 'CN1', '111'),
('DP23092023000033', 'CN4', '113'),
('DP24112023000034', 'CN3', '107'),
('DP05112020000035', 'CN4', '115'),
('DP14072021000036', 'CN2', '102'),
('DP07042022000037', 'CN1', '111'),
('DP24072023000038', 'CN4', '103'),
('DP14072021000039', 'CN1', '104'),
('DP25072021000040', 'CN1', '102'),
('DP02012023000041', 'CN1', '115'),
('DP26022022000042', 'CN3', '110'),
('DP04112021000043', 'CN1', '109'),
('DP23082021000044', 'CN1', '114'),
('DP15022023000045', 'CN2', '109'),
('DP24082020000046', 'CN3', '109'),
('DP10102022000047', 'CN2', '113'),
('DP09072023000048', 'CN3', '105'),
('DP07012023000049', 'CN1', '103'),
('DP11072022000050', 'CN2', '116'),
('DP07012022000051', 'CN1', '111'),
('DP24102022000052', 'CN3', '107'),
('DP23122022000053', 'CN1', '112'),
('DP13102022000054', 'CN2', '105'),
('DP02012022000055', 'CN1', '109'),
('DP16012021000056', 'CN1', '106'),
('DP09072023000057', 'CN2', '103'),
('DP22042021000058', 'CN2', '107'),
('DP20082023000059', 'CN4', '102'),
('DP21092023000060', 'CN1', '104'),
('DP02062022000061', 'CN1', '104'),
('DP10032022000062', 'CN4', '108'),
('DP19102020000063', 'CN3', '109'),
('DP22042020000064', 'CN3', '104'),
('DP25092023000065', 'CN3', '113'),
('DP05102020000066', 'CN2', '106'),
('DP12012020000067', 'CN1', '105'),
('DP17082023000068', 'CN1', '114'),
('DP20052020000069', 'CN3', '101'),
('DP10052020000070', 'CN1', '113'),
('DP21042020000071', 'CN4', '102'),
('DP26062020000072', 'CN1', '109'),
('DP26072021000073', 'CN3', '113'),
('DP19112020000074', 'CN4', '114'),
('DP04042023000075', 'CN4', '104'),
('DP09042022000076', 'CN1', '110'),
('DP04042021000077', 'CN3', '114'),
('DP13032022000078', 'CN1', '105'),
('DP25122022000079', 'CN3', '111'),
('DP12022021000080', 'CN4', '102'),
('DP06112021000081', 'CN2', '115'),
('DP14032022000082', 'CN1', '108'),
('DP19082021000083', 'CN2', '101'),
('DP22082020000084', 'CN4', '105'),
('DP26092021000085', 'CN1', '116'),
('DP02042020000086', 'CN3', '111'),
('DP11062022000087', 'CN3', '112'),
('DP24052020000088', 'CN2', '112'),
('DP13102022000089', 'CN2', '111'),
('DP24122023000090', 'CN3', '111'),
('DP13032023000091', 'CN1', '107'),
('DP08122020000092', 'CN2', '115'),
('DP24032020000093', 'CN3', '101'),
('DP12122023000094', 'CN2', '111'),
('DP09032022000095', 'CN2', '102'),
('DP24062020000096', 'CN3', '111'),
('DP07122021000097', 'CN1', '110'),
('DP09022023000098', 'CN4', '112'),
('DP05032023000099', 'CN2', '109'),
('DP10032022000100', 'CN3', '102'),
('DP08062020000101', 'CN2', '105'),
('DP25042020000102', 'CN3', '115'),
('DP26062023000103', 'CN4', '101'),
('DP19092023000104', 'CN4', '110'),
('DP10102023000105', 'CN4', '116'),
('DP06022021000106', 'CN1', '102'),
('DP20012021000107', 'CN3', '103'),
('DP25102023000108', 'CN3', '104'),
('DP19052022000109', 'CN1', '113'),
('DP09122023000110', 'CN3', '113'),
('DP06092020000111', 'CN3', '111'),
('DP01032021000112', 'CN3', '108'),
('DP08012022000113', 'CN4', '111'),
('DP08112020000114', 'CN4', '104'),
('DP24102022000115', 'CN2', '104'),
('DP26102021000116', 'CN1', '108'),
('DP05022020000117', 'CN3', '105'),
('DP14092022000118', 'CN3', '114'),
('DP16092023000119', 'CN2', '114'),
('DP17052021000120', 'CN1', '112'),
('DP04102021000121', 'CN2', '110'),
('DP23082023000122', 'CN1', '111'),
('DP11042023000123', 'CN2', '108'),
('DP06112021000124', 'CN1', '113'),
('DP23012023000125', 'CN1', '105'),
('DP19052021000126', 'CN4', '106'),
('DP18122021000127', 'CN3', '106'),
('DP11072023000128', 'CN2', '102'),
('DP24012023000129', 'CN4', '102'),
('DP10032023000130', 'CN2', '106'),
('DP12082023000131', 'CN3', '104'),
('DP22042023000132', 'CN4', '103'),
('DP10022022000133', 'CN4', '113'),
('DP01122022000134', 'CN4', '111'),
('DP21062022000135', 'CN2', '113'),
('DP18092022000136', 'CN2', '107'),
('DP26122020000137', 'CN1', '106'),
('DP25062020000138', 'CN3', '114'),
('DP25052020000139', 'CN4', '110'),
('DP18112023000140', 'CN2', '115'),
('DP23052020000141', 'CN2', '113'),
('DP23092020000142', 'CN1', '114'),
('DP02052022000143', 'CN3', '112'),
('DP08092020000144', 'CN4', '103'),
('DP04082020000145', 'CN4', '110'),
('DP16112023000146', 'CN4', '116'),
('DP11032022000147', 'CN4', '103'),
('DP12052021000148', 'CN2', '116'),
('DP04052023000149', 'CN2', '113'),
('DP26022022000150', 'CN2', '114'),
('DP10082023000151', 'CN4', '111'),
('DP17012020000152', 'CN3', '102'),
('DP14052023000153', 'CN2', '113'),
('DP22052023000154', 'CN1', '112'),
('DP09092022000155', 'CN3', '113'),
('DP25062020000156', 'CN2', '116'),
('DP08072022000157', 'CN2', '110'),
('DP26032021000158', 'CN4', '109'),
('DP19012021000159', 'CN3', '102'),
('DP05032022000160', 'CN4', '112'),
('DP09012022000161', 'CN1', '108'),
('DP09062023000162', 'CN4', '109'),
('DP08072022000163', 'CN2', '103'),
('DP16012020000164', 'CN1', '111'),
('DP13102021000165', 'CN3', '103'),
('DP19102022000166', 'CN2', '108'),
('DP07012021000167', 'CN1', '105'),
('DP11112022000168', 'CN4', '104'),
('DP15112022000169', 'CN4', '116'),
('DP01042021000170', 'CN2', '102'),
('DP18012020000171', 'CN3', '112'),
('DP07092021000172', 'CN3', '115'),
('DP05052023000173', 'CN4', '114'),
('DP07102020000174', 'CN3', '104'),
('DP16062020000175', 'CN4', '108'),
('DP19122021000176', 'CN2', '114'),
('DP06012021000177', 'CN1', '109'),
('DP01022022000178', 'CN2', '111'),
('DP18072021000179', 'CN1', '107'),
('DP22042022000180', 'CN2', '111'),
('DP23072020000181', 'CN4', '107'),
('DP21112020000182', 'CN1', '109'),
('DP10012023000183', 'CN4', '106'),
('DP08122022000184', 'CN1', '109'),
('DP18052023000185', 'CN4', '108'),
('DP10112022000186', 'CN2', '116'),
('DP03052020000187', 'CN1', '102'),
('DP25102020000188', 'CN2', '113'),
('DP16042021000189', 'CN2', '115'),
('DP05082023000190', 'CN1', '115'),
('DP05022022000191', 'CN4', '111'),
('DP03082023000192', 'CN1', '113'),
('DP05032020000193', 'CN2', '104'),
('DP23062020000194', 'CN1', '112'),
('DP25022020000195', 'CN1', '111'),
('DP04052022000196', 'CN4', '114'),
('DP18072023000197', 'CN1', '102'),
('DP04012020000198', 'CN2', '104'),
('DP05062021000199', 'CN1', '101'),
('DP18112022000200', 'CN3', '106'),
('DP22122023000201', 'CN3', '115'),
('DP16122020000202', 'CN4', '108'),
('DP25042020000203', 'CN2', '109'),
('DP06092020000204', 'CN1', '109'),
('DP11072023000205', 'CN2', '107'),
('DP16032022000206', 'CN2', '107'),
('DP11092021000207', 'CN1', '114'),
('DP10012023000208', 'CN3', '108'),
('DP16022023000209', 'CN3', '109'),
('DP15032023000210', 'CN2', '112'),
('DP14072020000211', 'CN3', '113'),
('DP05122021000212', 'CN3', '114'),
('DP03082021000213', 'CN1', '111'),
('DP21062021000214', 'CN1', '106'),
('DP21072023000215', 'CN4', '110'),
('DP03122021000216', 'CN4', '116'),
('DP09012023000217', 'CN4', '112'),
('DP14022023000218', 'CN4', '102'),
('DP08082022000219', 'CN1', '104'),
('DP06092023000220', 'CN1', '103'),
('DP18022023000221', 'CN3', '111'),
('DP21032023000222', 'CN4', '109'),
('DP07052023000223', 'CN2', '104'),
('DP16102021000224', 'CN4', '101'),
('DP02042022000225', 'CN1', '111'),
('DP13022020000226', 'CN3', '109'),
('DP23092020000227', 'CN3', '115'),
('DP22012022000228', 'CN2', '102'),
('DP16052020000229', 'CN2', '107'),
('DP24042021000230', 'CN1', '112'),
('DP06112020000231', 'CN2', '103'),
('DP12022022000232', 'CN2', '102'),
('DP23012021000233', 'CN3', '107'),
('DP02102023000234', 'CN2', '116'),
('DP15102022000235', 'CN4', '103'),
('DP14012021000236', 'CN1', '108'),
('DP06052021000237', 'CN1', '101'),
('DP07012021000238', 'CN1', '102'),
('DP26012023000239', 'CN1', '107'),
('DP17092020000240', 'CN4', '111'),
('DP14122022000241', 'CN3', '106'),
('DP03042023000242', 'CN2', '109'),
('DP01122023000243', 'CN3', '107'),
('DP10022020000244', 'CN3', '101'),
('DP20032023000245', 'CN3', '105'),
('DP22122020000246', 'CN2', '114'),
('DP04072023000247', 'CN1', '111'),
('DP20072020000248', 'CN1', '114'),
('DP09052023000249', 'CN2', '110'),
('DP09092022000250', 'CN1', '112'),
('DP13082021000251', 'CN1', '109'),
('DP20032020000252', 'CN4', '104'),
('DP17092021000253', 'CN3', '106'),
('DP09062022000254', 'CN3', '101'),
('DP13062020000255', 'CN2', '109'),
('DP05112021000256', 'CN1', '112'),
('DP05112020000257', 'CN3', '105'),
('DP21112022000258', 'CN1', '107'),
('DP23102022000259', 'CN1', '105'),
('DP02082023000260', 'CN4', '103'),
('DP05082023000261', 'CN3', '110'),
('DP16052020000262', 'CN2', '116'),
('DP13032023000263', 'CN3', '116'),
('DP07092020000264', 'CN1', '102'),
('DP13122023000265', 'CN4', '103'),
('DP17022021000266', 'CN3', '115'),
('DP21062021000267', 'CN1', '102'),
('DP13122022000268', 'CN4', '104'),
('DP21042022000269', 'CN1', '110'),
('DP02102020000270', 'CN3', '106'),
('DP25042020000271', 'CN4', '104'),
('DP09082022000272', 'CN3', '106'),
('DP02012020000273', 'CN2', '113'),
('DP13042023000274', 'CN4', '111'),
('DP26012022000275', 'CN4', '115'),
('DP23062022000276', 'CN2', '107'),
('DP15082023000277', 'CN2', '112'),
('DP22102023000278', 'CN3', '101'),
('DP17102020000279', 'CN4', '110'),
('DP16092021000280', 'CN2', '109'),
('DP14102021000281', 'CN1', '101'),
('DP06062022000282', 'CN3', '106'),
('DP06052020000283', 'CN3', '103'),
('DP11082023000284', 'CN1', '116'),
('DP16032021000285', 'CN2', '104'),
('DP14112020000286', 'CN4', '104'),
('DP03062020000287', 'CN3', '105'),
('DP14022023000288', 'CN2', '116'),
('DP09072022000289', 'CN2', '103'),
('DP16082021000290', 'CN1', '113'),
('DP21052023000291', 'CN3', '113'),
('DP15012023000292', 'CN1', '101'),
('DP26052020000293', 'CN4', '109'),
('DP19092023000294', 'CN4', '115'),
('DP16082023000295', 'CN3', '116'),
('DP15042023000296', 'CN1', '112'),
('DP05112020000297', 'CN1', '112'),
('DP02032022000298', 'CN3', '104'),
('DP03022020000299', 'CN1', '104'),
('DP10082020000300', 'CN3', '105'),
('DP22032023000301', 'CN3', '115'),
('DP11052020000302', 'CN2', '101'),
('DP10122021000303', 'CN4', '104'),
('DP13092023000304', 'CN4', '114'),
('DP25052022000305', 'CN2', '101'),
('DP08072023000306', 'CN3', '105'),
('DP12112022000307', 'CN4', '104'),
('DP03052023000308', 'CN2', '113'),
('DP17102020000309', 'CN2', '106'),
('DP01012022000310', 'CN3', '115'),
('DP04062021000311', 'CN4', '109'),
('DP22032021000312', 'CN4', '110'),
('DP06082022000313', 'CN3', '105'),
('DP20042021000314', 'CN4', '114'),
('DP06062022000315', 'CN4', '107'),
('DP22092023000316', 'CN1', '112'),
('DP10022021000317', 'CN4', '115'),
('DP14122022000318', 'CN3', '108'),
('DP26012022000319', 'CN4', '107'),
('DP23012023000320', 'CN3', '114'),
('DP02092020000321', 'CN2', '102'),
('DP10092022000322', 'CN1', '114'),
('DP13032020000323', 'CN4', '111'),
('DP25082022000324', 'CN2', '113'),
('DP16082022000325', 'CN3', '114'),
('DP09052020000326', 'CN1', '113'),
('DP15042023000327', 'CN4', '107'),
('DP25072023000328', 'CN2', '101'),
('DP10032022000329', 'CN3', '101'),
('DP06042021000330', 'CN3', '107'),
('DP25042022000331', 'CN1', '110'),
('DP12122022000332', 'CN2', '103'),
('DP08072021000333', 'CN3', '104'),
('DP12072023000334', 'CN3', '109'),
('DP20042022000335', 'CN2', '104'),
('DP01102020000336', 'CN1', '112'),
('DP10052023000337', 'CN4', '106'),
('DP17072020000338', 'CN3', '108'),
('DP02082020000339', 'CN2', '103'),
('DP02102021000340', 'CN3', '101'),
('DP22122023000341', 'CN2', '101'),
('DP06032023000342', 'CN2', '107'),
('DP07102021000343', 'CN3', '108'),
('DP11052021000344', 'CN2', '109'),
('DP02062022000345', 'CN4', '101'),
('DP13052020000346', 'CN1', '104'),
('DP13042022000347', 'CN2', '104'),
('DP08052021000348', 'CN1', '111'),
('DP17012023000349', 'CN4', '115'),
('DP05102020000350', 'CN3', '101'),
('DP06062023000351', 'CN3', '111'),
('DP22062023000352', 'CN1', '104'),
('DP26032021000353', 'CN4', '111'),
('DP19092022000354', 'CN1', '106'),
('DP15032020000355', 'CN1', '102'),
('DP15082021000356', 'CN3', '101'),
('DP20112022000357', 'CN2', '105'),
('DP23042022000358', 'CN4', '113'),
('DP23032021000359', 'CN1', '104'),
('DP05102021000360', 'CN3', '116'),
('DP07072023000361', 'CN2', '111'),
('DP08092021000362', 'CN1', '108'),
('DP15102023000363', 'CN1', '111'),
('DP03092021000364', 'CN1', '113'),
('DP06032021000365', 'CN4', '115'),
('DP08062020000366', 'CN1', '102'),
('DP17122020000367', 'CN4', '112'),
('DP19082023000368', 'CN3', '116'),
('DP13102023000369', 'CN4', '104'),
('DP10092021000370', 'CN1', '110'),
('DP17122020000371', 'CN4', '111'),
('DP20082021000372', 'CN4', '106'),
('DP17062022000373', 'CN3', '105'),
('DP02022021000374', 'CN1', '101'),
('DP11082022000375', 'CN3', '105'),
('DP10092020000376', 'CN2', '106'),
('DP24082022000377', 'CN3', '107'),
('DP22022022000378', 'CN3', '102'),
('DP06072020000379', 'CN4', '113'),
('DP05122023000380', 'CN3', '115'),
('DP01082023000381', 'CN4', '108'),
('DP18032023000382', 'CN2', '110'),
('DP08082021000383', 'CN4', '105'),
('DP12012020000384', 'CN1', '115'),
('DP11052022000385', 'CN3', '102'),
('DP03022021000386', 'CN3', '115'),
('DP23092023000387', 'CN3', '108'),
('DP08082021000388', 'CN4', '115'),
('DP22072021000389', 'CN2', '102'),
('DP24012022000390', 'CN1', '116'),
('DP16112020000391', 'CN3', '113'),
('DP22042021000392', 'CN1', '108'),
('DP17052021000393', 'CN3', '108'),
('DP17082020000394', 'CN2', '104'),
('DP01012023000395', 'CN1', '107'),
('DP13122020000396', 'CN2', '113'),
('DP26082022000397', 'CN3', '102'),
('DP12062021000398', 'CN3', '113'),
('DP02092020000399', 'CN2', '106'),
('DP25072022000400', 'CN3', '112'),
('DP24022022000401', 'CN1', '115'),
('DP24032023000402', 'CN1', '107'),
('DP06082021000403', 'CN2', '105'),
('DP18062023000404', 'CN3', '109'),
('DP23042021000405', 'CN1', '108'),
('DP22082021000406', 'CN1', '104'),
('DP26042021000407', 'CN3', '112'),
('DP06042022000408', 'CN3', '112'),
('DP09082023000409', 'CN2', '114'),
('DP06072022000410', 'CN4', '103'),
('DP08112023000411', 'CN3', '104'),
('DP19112020000412', 'CN1', '113'),
('DP17102023000413', 'CN3', '102'),
('DP14112021000414', 'CN4', '106'),
('DP09072021000415', 'CN4', '109'),
('DP25062022000416', 'CN4', '108'),
('DP23122023000417', 'CN4', '103'),
('DP05032022000418', 'CN4', '106'),
('DP09022023000419', 'CN1', '112'),
('DP03042023000420', 'CN2', '104'),
('DP05042021000421', 'CN4', '114'),
('DP15052021000422', 'CN4', '114'),
('DP13052020000423', 'CN3', '103'),
('DP24022022000424', 'CN2', '108'),
('DP03052022000425', 'CN2', '107'),
('DP01052021000426', 'CN4', '105'),
('DP05032023000427', 'CN1', '108'),
('DP24092022000428', 'CN1', '111'),
('DP07082021000429', 'CN2', '111'),
('DP12042022000430', 'CN2', '113'),
('DP11052021000431', 'CN4', '113'),
('DP02082023000432', 'CN4', '105'),
('DP23112023000433', 'CN3', '103'),
('DP23042021000434', 'CN4', '103'),
('DP25062020000435', 'CN4', '103'),
('DP08012023000436', 'CN4', '106'),
('DP21042020000437', 'CN3', '109'),
('DP19042022000438', 'CN2', '107'),
('DP23052020000439', 'CN3', '101'),
('DP08122022000440', 'CN1', '115'),
('DP10012022000441', 'CN4', '103'),
('DP02082021000442', 'CN2', '106'),
('DP15122023000443', 'CN4', '106'),
('DP22082022000444', 'CN3', '111'),
('DP15032021000445', 'CN2', '102'),
('DP24072023000446', 'CN3', '108'),
('DP20082020000447', 'CN4', '108'),
('DP20022021000448', 'CN2', '116'),
('DP20072023000449', 'CN3', '104'),
('DP13122021000450', 'CN4', '109'),
('DP01122022000451', 'CN1', '112'),
('DP19072020000452', 'CN2', '103'),
('DP21062020000453', 'CN4', '101'),
('DP07102020000454', 'CN2', '114'),
('DP04012020000455', 'CN4', '111'),
('DP07032023000456', 'CN1', '101'),
('DP03112020000457', 'CN3', '110'),
('DP05082023000458', 'CN1', '116'),
('DP10082022000459', 'CN4', '101'),
('DP14052022000460', 'CN2', '103'),
('DP03062021000461', 'CN2', '112'),
('DP04022022000462', 'CN3', '114'),
('DP25042020000463', 'CN2', '102'),
('DP03062020000464', 'CN2', '103'),
('DP05102021000465', 'CN4', '101'),
('DP25022021000466', 'CN1', '101'),
('DP09102020000467', 'CN2', '103'),
('DP20122020000468', 'CN1', '116'),
('DP12032023000469', 'CN2', '106'),
('DP03032021000470', 'CN3', '115'),
('DP14042023000471', 'CN1', '106'),
('DP04092022000472', 'CN4', '112'),
('DP08112020000473', 'CN4', '115'),
('DP23042023000474', 'CN1', '115'),
('DP24022022000475', 'CN3', '106'),
('DP06122022000476', 'CN2', '101'),
('DP06022022000477', 'CN4', '110'),
('DP20012023000478', 'CN1', '114'),
('DP02012021000479', 'CN1', '102'),
('DP19052023000480', 'CN2', '110'),
('DP22122023000481', 'CN1', '111'),
('DP20112022000482', 'CN1', '116'),
('DP11102023000483', 'CN3', '113'),
('DP13062020000484', 'CN4', '104'),
('DP05082020000485', 'CN2', '103'),
('DP10012020000486', 'CN4', '115'),
('DP06072022000487', 'CN4', '102'),
('DP21082022000488', 'CN3', '112'),
('DP12122020000489', 'CN1', '109'),
('DP13092021000490', 'CN3', '104'),
('DP19042020000491', 'CN2', '105'),
('DP07072020000492', 'CN2', '106'),
('DP10012021000493', 'CN2', '109'),
('DP01122021000494', 'CN2', '106'),
('DP26112021000495', 'CN3', '101'),
('DP07042022000496', 'CN1', '107'),
('DP15072021000497', 'CN4', '105'),
('DP02052021000498', 'CN3', '109'),
('DP07072022000499', 'CN2', '116'),
('DP09072021000500', 'CN1', '105'),
('DP22032022000501', 'CN1', '103'),
('DP12082023000502', 'CN2', '110'),
('DP16012023000503', 'CN4', '102'),
('DP26042020000504', 'CN4', '114'),
('DP12112022000505', 'CN4', '101'),
('DP19022022000506', 'CN3', '102'),
('DP06082021000507', 'CN1', '103'),
('DP09072022000508', 'CN1', '108'),
('DP20032022000509', 'CN4', '101'),
('DP11112023000510', 'CN1', '115'),
('DP14072020000511', 'CN4', '104'),
('DP12112023000512', 'CN1', '112'),
('DP11022020000513', 'CN1', '109'),
('DP24022021000514', 'CN2', '103'),
('DP26032021000515', 'CN1', '112'),
('DP15032020000516', 'CN3', '107'),
('DP16112023000517', 'CN1', '110'),
('DP17042020000518', 'CN2', '101'),
('DP22092022000519', 'CN4', '110'),
('DP13022021000520', 'CN2', '107'),
('DP22122022000521', 'CN1', '109'),
('DP07092020000522', 'CN1', '105'),
('DP20052022000523', 'CN1', '113'),
('DP05012021000524', 'CN3', '112'),
('DP12082023000525', 'CN2', '101'),
('DP17092022000526', 'CN2', '102'),
('DP13042023000527', 'CN2', '111'),
('DP10072022000528', 'CN3', '105'),
('DP03032022000529', 'CN1', '116'),
('DP11032022000530', 'CN1', '114'),
('DP22022022000531', 'CN4', '116'),
('DP04032021000532', 'CN2', '108'),
('DP12122020000533', 'CN1', '110'),
('DP17062020000534', 'CN1', '102'),
('DP25102020000535', 'CN2', '106'),
('DP18112020000536', 'CN2', '105'),
('DP17092021000537', 'CN4', '105'),
('DP02032020000538', 'CN1', '104'),
('DP04062020000539', 'CN1', '115'),
('DP18112022000540', 'CN1', '103'),
('DP07012020000541', 'CN2', '107'),
('DP26092022000542', 'CN1', '109'),
('DP18102021000543', 'CN4', '111'),
('DP25082020000544', 'CN2', '115'),
('DP08022020000545', 'CN2', '102'),
('DP25032023000546', 'CN4', '103'),
('DP07022023000547', 'CN4', '116'),
('DP15102020000548', 'CN4', '114'),
('DP07052021000549', 'CN2', '111'),
('DP09052023000550', 'CN2', '102'),
('DP24012023000551', 'CN4', '103'),
('DP23032021000552', 'CN4', '108'),
('DP21072022000553', 'CN3', '105'),
('DP08042023000554', 'CN4', '101'),
('DP09112022000555', 'CN4', '110'),
('DP03082021000556', 'CN4', '103'),
('DP24082023000557', 'CN3', '109'),
('DP18032020000558', 'CN2', '104'),
('DP06052021000559', 'CN4', '114'),
('DP14112022000560', 'CN1', '103'),
('DP19122022000561', 'CN2', '104'),
('DP14052020000562', 'CN4', '104'),
('DP08112021000563', 'CN2', '103'),
('DP18102021000564', 'CN3', '108'),
('DP22022023000565', 'CN2', '111'),
('DP18032022000566', 'CN1', '107'),
('DP12102020000567', 'CN3', '114'),
('DP06052020000568', 'CN1', '107'),
('DP12092021000569', 'CN3', '104'),
('DP16122022000570', 'CN1', '113'),
('DP07082023000571', 'CN1', '108'),
('DP20112023000572', 'CN1', '108'),
('DP11072021000573', 'CN1', '111'),
('DP13092020000574', 'CN2', '108'),
('DP09062021000575', 'CN2', '106'),
('DP19082020000576', 'CN4', '110'),
('DP18032020000577', 'CN1', '106'),
('DP16122021000578', 'CN2', '113'),
('DP21072021000579', 'CN2', '114'),
('DP08082020000580', 'CN4', '107'),
('DP19042022000581', 'CN2', '106'),
('DP03072021000582', 'CN4', '109'),
('DP18072022000583', 'CN4', '110'),
('DP23102021000584', 'CN4', '101'),
('DP25122023000585', 'CN4', '107'),
('DP23102022000586', 'CN1', '111'),
('DP08052021000587', 'CN1', '105'),
('DP02122023000588', 'CN1', '111'),
('DP08112020000589', 'CN2', '109'),
('DP22072023000590', 'CN2', '103'),
('DP03032020000591', 'CN3', '106'),
('DP03102023000592', 'CN3', '107'),
('DP03092023000593', 'CN1', '113'),
('DP05072023000594', 'CN3', '107'),
('DP19062020000595', 'CN1', '113'),
('DP05042022000596', 'CN4', '108'),
('DP21112022000597', 'CN2', '109'),
('DP24112020000598', 'CN1', '109'),
('DP09032020000599', 'CN4', '110'),
('DP09072021000600', 'CN2', '102'),
('DP15042021000601', 'CN3', '106'),
('DP06052023000602', 'CN4', '102'),
('DP11072022000603', 'CN3', '101'),
('DP15062020000604', 'CN2', '106'),
('DP23082020000605', 'CN4', '115'),
('DP01102022000606', 'CN4', '116'),
('DP02042022000607', 'CN4', '112'),
('DP18012023000608', 'CN2', '101'),
('DP02042022000609', 'CN3', '103'),
('DP12012021000610', 'CN1', '105'),
('DP16122020000611', 'CN2', '113'),
('DP21112020000612', 'CN2', '116'),
('DP09102021000613', 'CN2', '101'),
('DP11112023000614', 'CN2', '109'),
('DP04082021000615', 'CN2', '116'),
('DP04102020000616', 'CN1', '111'),
('DP20012020000617', 'CN3', '110'),
('DP23022023000618', 'CN2', '113'),
('DP08102020000619', 'CN3', '114'),
('DP24032020000620', 'CN3', '102'),
('DP07022022000621', 'CN2', '114'),
('DP22052021000622', 'CN2', '106'),
('DP07072023000623', 'CN1', '106'),
('DP02052021000624', 'CN1', '104'),
('DP03042021000625', 'CN3', '115'),
('DP15082021000626', 'CN2', '109'),
('DP11092020000627', 'CN2', '105'),
('DP03032020000628', 'CN3', '107'),
('DP02022022000629', 'CN2', '107'),
('DP04122021000630', 'CN4', '113'),
('DP25052021000631', 'CN3', '102'),
('DP21012022000632', 'CN4', '106'),
('DP19042021000633', 'CN1', '112'),
('DP10022020000634', 'CN3', '104'),
('DP26012023000635', 'CN3', '116'),
('DP12062020000636', 'CN2', '104'),
('DP01072022000637', 'CN3', '107'),
('DP19032023000638', 'CN4', '112'),
('DP24052023000639', 'CN1', '113'),
('DP16042022000640', 'CN1', '116'),
('DP06022021000641', 'CN4', '106'),
('DP09022022000642', 'CN4', '111'),
('DP13092023000643', 'CN1', '102'),
('DP17102022000644', 'CN1', '104'),
('DP24072021000645', 'CN3', '114'),
('DP01012023000646', 'CN2', '116'),
('DP21062020000647', 'CN3', '101'),
('DP14062020000648', 'CN1', '109'),
('DP03072021000649', 'CN3', '104'),
('DP14032020000650', 'CN1', '104'),
('DP15042022000651', 'CN2', '102'),
('DP05052023000652', 'CN1', '109'),
('DP02072022000653', 'CN1', '116'),
('DP09122020000654', 'CN4', '116'),
('DP12082023000655', 'CN2', '110'),
('DP13052020000656', 'CN4', '112'),
('DP02072022000657', 'CN4', '108'),
('DP18052023000658', 'CN3', '115'),
('DP24092021000659', 'CN4', '116'),
('DP18122023000660', 'CN1', '110'),
('DP20032020000661', 'CN2', '110'),
('DP07052023000662', 'CN1', '110'),
('DP08052021000663', 'CN4', '106'),
('DP10082020000664', 'CN4', '114'),
('DP02092021000665', 'CN3', '115'),
('DP13082020000666', 'CN4', '111'),
('DP08022023000667', 'CN3', '102'),
('DP16062020000668', 'CN1', '116'),
('DP17092020000669', 'CN1', '113'),
('DP18052021000670', 'CN4', '108'),
('DP19022020000671', 'CN1', '101'),
('DP05052021000672', 'CN3', '104'),
('DP25082021000673', 'CN3', '108'),
('DP03032020000674', 'CN3', '116'),
('DP19032023000675', 'CN1', '112'),
('DP12082022000676', 'CN2', '105'),
('DP12032022000677', 'CN3', '111'),
('DP14062023000678', 'CN2', '106'),
('DP18112020000679', 'CN1', '103'),
('DP02032021000680', 'CN4', '105'),
('DP03072020000681', 'CN2', '115'),
('DP24022022000682', 'CN1', '102'),
('DP23052021000683', 'CN4', '104'),
('DP13122022000684', 'CN1', '107'),
('DP19122022000685', 'CN2', '108'),
('DP05042020000686', 'CN2', '116'),
('DP02062023000687', 'CN3', '116'),
('DP04072022000688', 'CN3', '110'),
('DP09092021000689', 'CN2', '105'),
('DP05082020000690', 'CN2', '106'),
('DP17082023000691', 'CN1', '106'),
('DP13062020000692', 'CN2', '103'),
('DP01012023000693', 'CN2', '104'),
('DP10032021000694', 'CN3', '116'),
('DP16092021000695', 'CN3', '115'),
('DP05122023000696', 'CN4', '116'),
('DP12022022000697', 'CN3', '116'),
('DP05092023000698', 'CN2', '102'),
('DP10022023000699', 'CN4', '103'),
('DP04042023000700', 'CN4', '106'),
('DP03112021000701', 'CN1', '109'),
('DP08062021000702', 'CN4', '112'),
('DP25092021000703', 'CN1', '112'),
('DP05032021000704', 'CN3', '103'),
('DP04042022000705', 'CN3', '110'),
('DP15012021000706', 'CN4', '105'),
('DP25012021000707', 'CN3', '105'),
('DP07052023000708', 'CN4', '114'),
('DP01072020000709', 'CN2', '112'),
('DP16112022000710', 'CN4', '103'),
('DP12092020000711', 'CN3', '104'),
('DP03052021000712', 'CN1', '115'),
('DP02052021000713', 'CN3', '110'),
('DP15032022000714', 'CN1', '105'),
('DP22082022000715', 'CN4', '106'),
('DP15032022000716', 'CN4', '104'),
('DP15062023000717', 'CN4', '110'),
('DP23082021000718', 'CN2', '109'),
('DP09022023000719', 'CN4', '101'),
('DP20052020000720', 'CN2', '108'),
('DP15032021000721', 'CN1', '110'),
('DP25112020000722', 'CN3', '104'),
('DP11012022000723', 'CN3', '106'),
('DP02092021000724', 'CN4', '103'),
('DP24042023000725', 'CN1', '114'),
('DP19062022000726', 'CN1', '102'),
('DP11072021000727', 'CN1', '113'),
('DP20082021000728', 'CN2', '113'),
('DP10092021000729', 'CN4', '113'),
('DP04022023000730', 'CN1', '108'),
('DP20082023000731', 'CN1', '107'),
('DP04072021000732', 'CN4', '110'),
('DP11042023000733', 'CN3', '101'),
('DP08082023000734', 'CN2', '114'),
('DP16022023000735', 'CN4', '114'),
('DP08092023000736', 'CN1', '115'),
('DP12052023000737', 'CN2', '110'),
('DP18072020000738', 'CN1', '113'),
('DP20112022000739', 'CN1', '115'),
('DP18122021000740', 'CN4', '112'),
('DP05092021000741', 'CN4', '108'),
('DP17082022000742', 'CN1', '102'),
('DP02092021000743', 'CN2', '101'),
('DP02122020000744', 'CN1', '113'),
('DP25112022000745', 'CN3', '111'),
('DP18062023000746', 'CN2', '108'),
('DP21112022000747', 'CN3', '107'),
('DP05062021000748', 'CN4', '116'),
('DP16042022000749', 'CN2', '103'),
('DP09042023000750', 'CN4', '107'),
('DP13052021000751', 'CN4', '114'),
('DP25082023000752', 'CN2', '106'),
('DP06042021000753', 'CN2', '106'),
('DP22072023000754', 'CN2', '105'),
('DP25092021000755', 'CN3', '103'),
('DP12102020000756', 'CN3', '106'),
('DP14052023000757', 'CN1', '109'),
('DP24032020000758', 'CN4', '115'),
('DP22062021000759', 'CN1', '106'),
('DP22052020000760', 'CN1', '110'),
('DP15092021000761', 'CN1', '109'),
('DP03092023000762', 'CN1', '106'),
('DP01072020000763', 'CN4', '116'),
('DP11122022000764', 'CN4', '103'),
('DP03122023000765', 'CN1', '109'),
('DP22102020000766', 'CN4', '104'),
('DP08082021000767', 'CN4', '108'),
('DP10052021000768', 'CN3', '104'),
('DP13122022000769', 'CN2', '102'),
('DP15122023000770', 'CN2', '110'),
('DP02072022000771', 'CN4', '105'),
('DP19042020000772', 'CN4', '107'),
('DP10092020000773', 'CN3', '112'),
('DP13112022000774', 'CN3', '114'),
('DP20072022000775', 'CN2', '105'),
('DP17122023000776', 'CN2', '116'),
('DP05032021000777', 'CN1', '106'),
('DP13042021000778', 'CN4', '110'),
('DP20022022000779', 'CN2', '114'),
('DP03012021000780', 'CN4', '116'),
('DP09092020000781', 'CN2', '108'),
('DP15082020000782', 'CN3', '102'),
('DP16092022000783', 'CN2', '103'),
('DP02112023000784', 'CN4', '111'),
('DP02032021000785', 'CN4', '112'),
('DP05102021000786', 'CN1', '103'),
('DP22112021000787', 'CN2', '110'),
('DP04072020000788', 'CN1', '105'),
('DP04082020000789', 'CN2', '111'),
('DP02032022000790', 'CN3', '114'),
('DP10032020000791', 'CN4', '112'),
('DP21122020000792', 'CN3', '105'),
('DP20062020000793', 'CN3', '108'),
('DP14122020000794', 'CN1', '114'),
('DP26022023000795', 'CN2', '113'),
('DP03022023000796', 'CN1', '110'),
('DP22122021000797', 'CN3', '109'),
('DP26092020000798', 'CN1', '108'),
('DP05122020000799', 'CN2', '113'),
('DP25072022000800', 'CN4', '101'),
('DP21092023000801', 'CN4', '115'),
('DP10062023000802', 'CN3', '101'),
('DP01062020000803', 'CN3', '114'),
('DP12092021000804', 'CN4', '107'),
('DP16042020000805', 'CN2', '114'),
('DP25112020000806', 'CN1', '112'),
('DP24112021000807', 'CN4', '103'),
('DP24082023000808', 'CN2', '116'),
('DP08062022000809', 'CN4', '114'),
('DP12062022000810', 'CN4', '111'),
('DP13022023000811', 'CN1', '106'),
('DP21112021000812', 'CN4', '116'),
('DP15062021000813', 'CN2', '105'),
('DP16122021000814', 'CN2', '111'),
('DP11012021000815', 'CN3', '111'),
('DP22112021000816', 'CN4', '113'),
('DP21062021000817', 'CN2', '115'),
('DP22102023000818', 'CN2', '108'),
('DP01082021000819', 'CN3', '104'),
('DP01122020000820', 'CN2', '102'),
('DP08032021000821', 'CN4', '111'),
('DP20032020000822', 'CN2', '115'),
('DP08012020000823', 'CN1', '108'),
('DP12082020000824', 'CN4', '113'),
('DP26072023000825', 'CN2', '102'),
('DP21022021000826', 'CN3', '111'),
('DP20072023000827', 'CN1', '114'),
('DP09042023000828', 'CN1', '113'),
('DP12012021000829', 'CN4', '109'),
('DP25022023000830', 'CN2', '108'),
('DP04082023000831', 'CN4', '106'),
('DP03122021000832', 'CN4', '105'),
('DP23052022000833', 'CN4', '101'),
('DP04012022000834', 'CN4', '115'),
('DP24062023000835', 'CN4', '115'),
('DP18122023000836', 'CN4', '115'),
('DP10022020000837', 'CN3', '106'),
('DP18052022000838', 'CN3', '116'),
('DP22102020000839', 'CN4', '114'),
('DP03112021000840', 'CN4', '106'),
('DP03042022000841', 'CN1', '112'),
('DP17062021000842', 'CN2', '112'),
('DP12112020000843', 'CN1', '109'),
('DP04042023000844', 'CN4', '105'),
('DP16052021000845', 'CN2', '102'),
('DP04072023000846', 'CN4', '113'),
('DP10032020000847', 'CN4', '108'),
('DP18042020000848', 'CN4', '114'),
('DP09082023000849', 'CN4', '106'),
('DP19092023000850', 'CN3', '113'),
('DP10072022000851', 'CN4', '114'),
('DP15082023000852', 'CN1', '108'),
('DP23042021000853', 'CN1', '101'),
('DP03092022000854', 'CN3', '116'),
('DP20062021000855', 'CN2', '111'),
('DP14052020000856', 'CN2', '102'),
('DP17122020000857', 'CN4', '113'),
('DP07042020000858', 'CN2', '104'),
('DP11092020000859', 'CN2', '111'),
('DP13102022000860', 'CN1', '102'),
('DP14112022000861', 'CN3', '105'),
('DP05082022000862', 'CN2', '103'),
('DP23082023000863', 'CN3', '101'),
('DP08082022000864', 'CN2', '116'),
('DP13012021000865', 'CN4', '112'),
('DP19012022000866', 'CN4', '111'),
('DP20092021000867', 'CN1', '116'),
('DP23062022000868', 'CN1', '116'),
('DP19062020000869', 'CN4', '101'),
('DP04052020000870', 'CN2', '109'),
('DP21032021000871', 'CN4', '114'),
('DP17012020000872', 'CN4', '105'),
('DP02072021000873', 'CN3', '109'),
('DP01102022000874', 'CN4', '102'),
('DP08082022000875', 'CN1', '105'),
('DP20102020000876', 'CN2', '104'),
('DP09022023000877', 'CN1', '111'),
('DP14122021000878', 'CN2', '116'),
('DP16012023000879', 'CN1', '111'),
('DP04042020000880', 'CN1', '113'),
('DP22042021000881', 'CN3', '108'),
('DP05102023000882', 'CN2', '101'),
('DP11032020000883', 'CN3', '113'),
('DP11112023000884', 'CN3', '112'),
('DP12072020000885', 'CN4', '101'),
('DP02112023000886', 'CN4', '105'),
('DP13032020000887', 'CN3', '107'),
('DP14042023000888', 'CN3', '102'),
('DP12082021000889', 'CN2', '105'),
('DP19062020000890', 'CN1', '113'),
('DP13042022000891', 'CN3', '107'),
('DP23012021000892', 'CN1', '112'),
('DP02092022000893', 'CN3', '111'),
('DP24122023000894', 'CN3', '108'),
('DP24062022000895', 'CN2', '103'),
('DP23072022000896', 'CN3', '114'),
('DP09112021000897', 'CN4', '115'),
('DP06082020000898', 'CN3', '107'),
('DP14122021000899', 'CN2', '107'),
('DP23032020000900', 'CN1', '106'),
('DP06012021000901', 'CN3', '101'),
('DP16042021000902', 'CN2', '108'),
('DP23112020000903', 'CN1', '107'),
('DP26112021000904', 'CN2', '107'),
('DP08052020000905', 'CN2', '111'),
('DP03092022000906', 'CN3', '109'),
('DP01012021000907', 'CN2', '111'),
('DP26092022000908', 'CN4', '111'),
('DP13022023000909', 'CN4', '114'),
('DP04102021000910', 'CN4', '104'),
('DP22052021000911', 'CN1', '101'),
('DP25102023000912', 'CN1', '105'),
('DP13032023000913', 'CN1', '102'),
('DP03122021000914', 'CN3', '103'),
('DP24032023000915', 'CN3', '110'),
('DP24042021000916', 'CN3', '111'),
('DP04092022000917', 'CN3', '110'),
('DP02032023000918', 'CN4', '106'),
('DP21102021000919', 'CN3', '115'),
('DP05072022000920', 'CN3', '104'),
('DP24102021000921', 'CN2', '107'),
('DP01082020000922', 'CN2', '101'),
('DP04032023000923', 'CN1', '104'),
('DP06102022000924', 'CN3', '107'),
('DP05042020000925', 'CN2', '108'),
('DP20062021000926', 'CN1', '115'),
('DP05072021000927', 'CN1', '106'),
('DP05112023000928', 'CN2', '104'),
('DP02122020000929', 'CN3', '106'),
('DP07102021000930', 'CN4', '101'),
('DP03042021000931', 'CN4', '108'),
('DP01122020000932', 'CN4', '108'),
('DP04112022000933', 'CN4', '116'),
('DP19122021000934', 'CN1', '103'),
('DP11012022000935', 'CN4', '112'),
('DP11102023000936', 'CN1', '105'),
('DP11082021000937', 'CN2', '103'),
('DP26032023000938', 'CN3', '112'),
('DP03092021000939', 'CN3', '116'),
('DP10052020000940', 'CN2', '109'),
('DP08082023000941', 'CN2', '116'),
('DP21022020000942', 'CN3', '108'),
('DP06092023000943', 'CN1', '112'),
('DP13022023000944', 'CN3', '106'),
('DP23032020000945', 'CN3', '113'),
('DP18052020000946', 'CN4', '113'),
('DP06012023000947', 'CN3', '114'),
('DP13012022000948', 'CN3', '108'),
('DP10052022000949', 'CN1', '114'),
('DP12122022000950', 'CN4', '111'),
('DP06102022000951', 'CN4', '104'),
('DP15092023000952', 'CN2', '111'),
('DP07062023000953', 'CN3', '116'),
('DP09022020000954', 'CN2', '101'),
('DP04042023000955', 'CN2', '114'),
('DP02092020000956', 'CN4', '101'),
('DP14012023000957', 'CN3', '102'),
('DP01052022000958', 'CN1', '108'),
('DP11062023000959', 'CN3', '115'),
('DP19072020000960', 'CN4', '116'),
('DP19042023000961', 'CN3', '114'),
('DP16032021000962', 'CN2', '105'),
('DP08042021000963', 'CN3', '106'),
('DP13092022000964', 'CN4', '112'),
('DP06062021000965', 'CN1', '105'),
('DP04112020000966', 'CN2', '110'),
('DP13092021000967', 'CN2', '104'),
('DP08022022000968', 'CN3', '105'),
('DP16102020000969', 'CN4', '106'),
('DP23032021000970', 'CN4', '104'),
('DP21032021000971', 'CN2', '110'),
('DP15032020000972', 'CN1', '107'),
('DP15072023000973', 'CN1', '102'),
('DP09022020000974', 'CN2', '102'),
('DP16052023000975', 'CN3', '113'),
('DP23092022000976', 'CN1', '113'),
('DP07022020000977', 'CN4', '108'),
('DP24102021000978', 'CN3', '103'),
('DP16012023000979', 'CN3', '109'),
('DP13092022000980', 'CN1', '103'),
('DP03062021000981', 'CN3', '101'),
('DP26072022000982', 'CN4', '114'),
('DP03102021000983', 'CN2', '113'),
('DP14022021000984', 'CN3', '109'),
('DP17102021000985', 'CN1', '115'),
('DP13062021000986', 'CN1', '110'),
('DP12042022000987', 'CN1', '112'),
('DP25082022000988', 'CN2', '107'),
('DP16042023000989', 'CN1', '104'),
('DP21092023000990', 'CN4', '116'),
('DP12122022000991', 'CN4', '112'),
('DP15082022000992', 'CN1', '114'),
('DP02012022000993', 'CN2', '115'),
('DP10092022000994', 'CN1', '109'),
('DP17112022000995', 'CN4', '101'),
('DP23032022000996', 'CN1', '111'),
('DP26012022000997', 'CN3', '104'),
('DP05022022000998', 'CN4', '108'),
('DP17042021000999', 'CN3', '102'),
('DP06102020001000', 'CN3', '105'),
('DP08072020001001', 'CN3', '109'),
('DP16102020001002', 'CN2', '110'),
('DP09102020001003', 'CN2', '116'),
('DP03112023001004', 'CN3', '115'),
('DP08122020001005', 'CN4', '101'),
('DP11052021001006', 'CN2', '105'),
('DP16102020001007', 'CN3', '102'),
('DP24082022001008', 'CN2', '106'),
('DP01102023001009', 'CN2', '115'),
('DP03082022001010', 'CN1', '109'),
('DP02092022001011', 'CN4', '108'),
('DP26032022001012', 'CN1', '114'),
('DP24062022001013', 'CN3', '104'),
('DP08022021001014', 'CN3', '108'),
('DP10092023001015', 'CN2', '116'),
('DP11052023001016', 'CN3', '112'),
('DP18082021001017', 'CN1', '105'),
('DP02052021001018', 'CN1', '109'),
('DP03092023001019', 'CN3', '114'),
('DP01082023001020', 'CN4', '113'),
('DP14122020001021', 'CN4', '101'),
('DP15102021001022', 'CN1', '109'),
('DP24122020001023', 'CN1', '106'),
('DP13062022001024', 'CN2', '103'),
('DP08102020001025', 'CN2', '114'),
('DP23102022001026', 'CN1', '103'),
('DP10112020001027', 'CN2', '110'),
('DP10012021001028', 'CN1', '110'),
('DP04052020001029', 'CN1', '111'),
('DP08032020001030', 'CN1', '116'),
('DP10082020001031', 'CN4', '113'),
('DP15112022001032', 'CN2', '101'),
('DP08012021001033', 'CN1', '112'),
('DP16042023001034', 'CN3', '109'),
('DP06122023001035', 'CN4', '110'),
('DP03032021001036', 'CN2', '103'),
('DP04062022001037', 'CN3', '113'),
('DP25112022001038', 'CN3', '107'),
('DP08092020001039', 'CN2', '112'),
('DP04062022001040', 'CN2', '104'),
('DP15112021001041', 'CN2', '102'),
('DP02012020001042', 'CN4', '107'),
('DP23122021001043', 'CN2', '116'),
('DP01082020001044', 'CN4', '108'),
('DP18032021001045', 'CN3', '113'),
('DP07082022001046', 'CN2', '113'),
('DP06072022001047', 'CN3', '114'),
('DP17072023001048', 'CN3', '110'),
('DP11082020001049', 'CN1', '106'),
('DP06012023001050', 'CN2', '116'),
('DP03122020001051', 'CN4', '101'),
('DP04102021001052', 'CN2', '113'),
('DP12012022001053', 'CN1', '103'),
('DP22092021001054', 'CN2', '115'),
('DP17062020001055', 'CN1', '108'),
('DP17052023001056', 'CN2', '104'),
('DP11092020001057', 'CN4', '107'),
('DP08082023001058', 'CN1', '101'),
('DP12012021001059', 'CN3', '107'),
('DP10042023001060', 'CN2', '104'),
('DP04092020001061', 'CN3', '105'),
('DP01042021001062', 'CN2', '105'),
('DP04032022001063', 'CN4', '107'),
('DP02042021001064', 'CN2', '104'),
('DP22102020001065', 'CN4', '112'),
('DP08022020001066', 'CN4', '101'),
('DP17052022001067', 'CN1', '102'),
('DP17012020001068', 'CN2', '116'),
('DP22112021001069', 'CN3', '114'),
('DP23032022001070', 'CN2', '108'),
('DP25052021001071', 'CN2', '115'),
('DP07072020001072', 'CN1', '109'),
('DP06042020001073', 'CN1', '103'),
('DP03102022001074', 'CN1', '111'),
('DP03122023001075', 'CN1', '105'),
('DP26082020001076', 'CN3', '109'),
('DP13072020001077', 'CN4', '116'),
('DP04022021001078', 'CN4', '116'),
('DP20052022001079', 'CN3', '107'),
('DP15022022001080', 'CN4', '105'),
('DP24112022001081', 'CN1', '106'),
('DP16052021001082', 'CN1', '113'),
('DP08012023001083', 'CN2', '109'),
('DP15082020001084', 'CN3', '109'),
('DP08042021001085', 'CN4', '107'),
('DP04062023001086', 'CN4', '115'),
('DP02062021001087', 'CN2', '114'),
('DP26112023001088', 'CN1', '115'),
('DP16052023001089', 'CN2', '114'),
('DP08122023001090', 'CN2', '109'),
('DP22012022001091', 'CN2', '103'),
('DP11022022001092', 'CN1', '116'),
('DP09012021001093', 'CN2', '106'),
('DP12062023001094', 'CN1', '116'),
('DP20092020001095', 'CN4', '111'),
('DP10042021001096', 'CN1', '109'),
('DP04082023001097', 'CN3', '102'),
('DP21112023001098', 'CN4', '107'),
('DP07112021001099', 'CN2', '111'),
('DP12092022001100', 'CN4', '101'),
('DP15042023001101', 'CN2', '106'),
('DP03012022001102', 'CN3', '102'),
('DP21062022001103', 'CN2', '116'),
('DP07032020001104', 'CN1', '112'),
('DP04122020001105', 'CN4', '106'),
('DP09062023001106', 'CN2', '102'),
('DP26012023001107', 'CN2', '109'),
('DP22062020001108', 'CN4', '110'),
('DP20082023001109', 'CN2', '107'),
('DP08102022001110', 'CN3', '110'),
('DP25122023001111', 'CN1', '115'),
('DP14032021001112', 'CN3', '115'),
('DP09032023001113', 'CN2', '113'),
('DP02072020001114', 'CN2', '107'),
('DP24012021001115', 'CN3', '111'),
('DP14042021001116', 'CN1', '109'),
('DP13012021001117', 'CN2', '114'),
('DP03042020001118', 'CN1', '113'),
('DP21062023001119', 'CN4', '101'),
('DP07072020001120', 'CN3', '103'),
('DP25062023001121', 'CN3', '113'),
('DP09032023001122', 'CN4', '113'),
('DP21122020001123', 'CN4', '103'),
('DP04112022001124', 'CN2', '112'),
('DP10022020001125', 'CN1', '116'),
('DP09082022001126', 'CN3', '114'),
('DP09102023001127', 'CN1', '111'),
('DP21032023001128', 'CN4', '114'),
('DP17042023001129', 'CN1', '106'),
('DP25052020001130', 'CN2', '108'),
('DP12112020001131', 'CN2', '110'),
('DP22082020001132', 'CN1', '110'),
('DP25022021001133', 'CN2', '101'),
('DP03122023001134', 'CN4', '110'),
('DP09032023001135', 'CN3', '111'),
('DP18102022001136', 'CN3', '112'),
('DP22082022001137', 'CN4', '110'),
('DP25072022001138', 'CN3', '116'),
('DP17032021001139', 'CN3', '105'),
('DP12112022001140', 'CN2', '106'),
('DP08012021001141', 'CN3', '104'),
('DP23042020001142', 'CN4', '115'),
('DP15102021001143', 'CN3', '103'),
('DP13112023001144', 'CN3', '106'),
('DP20122022001145', 'CN3', '112'),
('DP15062022001146', 'CN3', '113'),
('DP21122023001147', 'CN2', '116'),
('DP11012021001148', 'CN3', '111'),
('DP16052021001149', 'CN4', '112'),
('DP09042022001150', 'CN2', '114'),
('DP15042022001151', 'CN2', '114'),
('DP11062021001152', 'CN3', '101'),
('DP23052021001153', 'CN3', '110'),
('DP20042023001154', 'CN4', '109'),
('DP21042020001155', 'CN3', '112'),
('DP18022020001156', 'CN4', '116'),
('DP07032023001157', 'CN4', '114'),
('DP21042022001158', 'CN3', '108'),
('DP10122023001159', 'CN3', '112'),
('DP08102021001160', 'CN1', '114'),
('DP24052023001161', 'CN2', '103'),
('DP10052023001162', 'CN2', '112'),
('DP08022023001163', 'CN1', '101'),
('DP14112020001164', 'CN3', '111'),
('DP07092022001165', 'CN4', '101'),
('DP25072020001166', 'CN1', '112'),
('DP12052020001167', 'CN1', '108'),
('DP17112023001168', 'CN2', '108'),
('DP17072022001169', 'CN2', '107'),
('DP04032021001170', 'CN1', '110'),
('DP04012022001171', 'CN4', '106'),
('DP09032022001172', 'CN1', '110'),
('DP12062021001173', 'CN4', '114'),
('DP06112020001174', 'CN1', '107'),
('DP26102023001175', 'CN1', '102'),
('DP17102020001176', 'CN3', '101'),
('DP14112021001177', 'CN1', '115'),
('DP13122022001178', 'CN2', '102'),
('DP08042020001179', 'CN2', '112'),
('DP10032021001180', 'CN3', '112'),
('DP21042020001181', 'CN4', '103'),
('DP15012022001182', 'CN4', '102'),
('DP17012020001183', 'CN2', '111'),
('DP13012023001184', 'CN2', '105'),
('DP17112023001185', 'CN2', '112'),
('DP12072023001186', 'CN1', '114'),
('DP15112020001187', 'CN1', '105'),
('DP26092021001188', 'CN4', '111'),
('DP11072021001189', 'CN3', '111'),
('DP24112021001190', 'CN2', '107'),
('DP03032021001191', 'CN2', '109'),
('DP16102021001192', 'CN1', '105'),
('DP21122022001193', 'CN4', '103'),
('DP02072023001194', 'CN3', '104'),
('DP16062022001195', 'CN2', '106'),
('DP14062021001196', 'CN3', '108'),
('DP12062020001197', 'CN2', '108'),
('DP26122023001198', 'CN1', '103'),
('DP22092021001199', 'CN3', '115'),
('DP20082023001200', 'CN3', '111');
-- 18. Add booking_bill
INSERT INTO `booking_bill` (`BillID`, `CheckIn`, `CheckOut`, `BookingID`) VALUES ('HD23112022000001', '05:40:44', '10:37:06', 'DP23112022000001'),
('HD15052023000002', '22:38:49', '20:50:56', 'DP15052023000002'),
('HD11032021000003', '12:19:39', '21:03:56', 'DP11032021000003'),
('HD24122023000004', '06:55:34', '06:19:19', 'DP24122023000004'),
('HD09032022000005', '23:34:37', '03:50:34', 'DP09032022000005'),
('HD07012021000006', '18:50:51', '12:55:10', 'DP07012021000006'),
('HD07102023000007', '11:17:38', '17:29:09', 'DP07102023000007'),
('HD20062020000008', '08:21:55', '05:57:24', 'DP20062020000008'),
('HD01042021000009', '06:43:43', '08:45:07', 'DP01042021000009'),
('HD01122023000010', '10:35:21', '11:36:09', 'DP01122023000010'),
('HD23032021000011', '22:39:04', '12:22:50', 'DP23032021000011'),
('HD03082022000012', '17:07:22', '20:53:03', 'DP03082022000012'),
('HD04072020000013', '05:37:49', '17:31:45', 'DP04072020000013'),
('HD22012023000014', '22:11:45', '02:23:32', 'DP22012023000014'),
('HD26122022000015', '10:59:48', '06:15:11', 'DP26122022000015'),
('HD03052021000016', '00:20:16', '20:05:46', 'DP03052021000016'),
('HD23032023000017', '21:44:04', '06:13:28', 'DP23032023000017'),
('HD17082023000018', '09:41:26', '16:29:06', 'DP17082023000018'),
('HD25072021000019', '07:03:04', '22:22:14', 'DP25072021000019'),
('HD18102022000020', '04:11:21', '18:50:54', 'DP18102022000020'),
('HD12092023000021', '03:04:52', '20:33:45', 'DP12092023000021'),
('HD09052022000022', '17:00:09', '10:29:21', 'DP09052022000022'),
('HD20042020000023', '15:35:31', '20:05:58', 'DP20042020000023'),
('HD20042021000024', '09:15:48', '22:49:45', 'DP20042021000024'),
('HD15122020000025', '11:21:57', '16:37:15', 'DP15122020000025'),
('HD15082020000026', '07:41:57', '10:41:40', 'DP15082020000026'),
('HD25062022000027', '02:16:29', '16:13:47', 'DP25062022000027'),
('HD11102022000028', '09:23:06', '23:47:31', 'DP11102022000028'),
('HD05022023000029', '21:50:44', '09:09:57', 'DP05022023000029'),
('HD07012021000030', '23:09:05', '06:32:20', 'DP07012021000030'),
('HD13032022000031', '19:14:14', '11:10:44', 'DP13032022000031'),
('HD20102023000032', '23:29:59', '18:36:00', 'DP20102023000032'),
('HD23092023000033', '05:44:34', '11:00:39', 'DP23092023000033'),
('HD24112023000034', '22:15:53', '23:15:31', 'DP24112023000034'),
('HD05112020000035', '04:41:11', '23:47:19', 'DP05112020000035'),
('HD14072021000036', '21:10:31', '14:06:29', 'DP14072021000036'),
('HD07042022000037', '03:47:51', '03:32:39', 'DP07042022000037'),
('HD24072023000038', '05:15:56', '11:39:52', 'DP24072023000038'),
('HD14072021000039', '13:13:59', '11:41:04', 'DP14072021000039'),
('HD25072021000040', '22:44:22', '14:06:20', 'DP25072021000040'),
('HD02012023000041', '20:40:36', '05:30:13', 'DP02012023000041'),
('HD26022022000042', '13:12:35', '23:35:39', 'DP26022022000042'),
('HD04112021000043', '23:02:55', '05:29:39', 'DP04112021000043'),
('HD23082021000044', '05:48:03', '04:29:57', 'DP23082021000044'),
('HD15022023000045', '16:04:58', '14:09:33', 'DP15022023000045'),
('HD24082020000046', '14:23:35', '13:11:14', 'DP24082020000046'),
('HD10102022000047', '15:49:03', '20:45:12', 'DP10102022000047'),
('HD09072023000048', '19:27:27', '23:22:05', 'DP09072023000048'),
('HD07012023000049', '15:37:53', '05:35:40', 'DP07012023000049'),
('HD11072022000050', '18:11:41', '16:34:35', 'DP11072022000050'),
('HD07012022000051', '23:25:43', '01:19:21', 'DP07012022000051'),
('HD24102022000052', '05:20:02', '11:05:47', 'DP24102022000052'),
('HD23122022000053', '00:43:20', '22:22:21', 'DP23122022000053'),
('HD13102022000054', '06:22:35', '10:40:53', 'DP13102022000054'),
('HD02012022000055', '10:08:55', '17:11:41', 'DP02012022000055'),
('HD16012021000056', '00:17:40', '17:03:42', 'DP16012021000056'),
('HD09072023000057', '15:21:11', '06:52:35', 'DP09072023000057'),
('HD22042021000058', '19:13:20', '23:06:02', 'DP22042021000058'),
('HD20082023000059', '13:28:45', '18:54:32', 'DP20082023000059'),
('HD21092023000060', '03:19:11', '14:26:19', 'DP21092023000060'),
('HD02062022000061', '12:26:21', '05:47:23', 'DP02062022000061'),
('HD10032022000062', '14:48:10', '11:00:52', 'DP10032022000062'),
('HD19102020000063', '10:10:35', '08:29:23', 'DP19102020000063'),
('HD22042020000064', '01:12:30', '06:59:25', 'DP22042020000064'),
('HD25092023000065', '19:02:12', '18:57:07', 'DP25092023000065'),
('HD05102020000066', '18:47:45', '16:21:57', 'DP05102020000066'),
('HD12012020000067', '05:22:28', '14:00:20', 'DP12012020000067'),
('HD17082023000068', '15:07:41', '03:05:28', 'DP17082023000068'),
('HD20052020000069', '16:04:33', '13:23:58', 'DP20052020000069'),
('HD10052020000070', '02:37:33', '09:05:35', 'DP10052020000070'),
('HD21042020000071', '06:12:37', '20:29:33', 'DP21042020000071'),
('HD26062020000072', '14:03:07', '13:28:58', 'DP26062020000072'),
('HD26072021000073', '04:06:26', '05:53:58', 'DP26072021000073'),
('HD19112020000074', '22:05:51', '23:40:39', 'DP19112020000074'),
('HD04042023000075', '08:40:33', '19:15:44', 'DP04042023000075'),
('HD09042022000076', '03:45:25', '06:35:43', 'DP09042022000076'),
('HD04042021000077', '00:21:57', '11:07:22', 'DP04042021000077'),
('HD13032022000078', '17:07:31', '10:29:59', 'DP13032022000078'),
('HD25122022000079', '13:57:03', '07:20:10', 'DP25122022000079'),
('HD12022021000080', '11:25:13', '08:58:49', 'DP12022021000080'),
('HD06112021000081', '13:59:49', '15:47:20', 'DP06112021000081'),
('HD14032022000082', '09:02:04', '12:14:00', 'DP14032022000082'),
('HD19082021000083', '05:53:00', '08:54:01', 'DP19082021000083'),
('HD22082020000084', '22:31:03', '15:05:51', 'DP22082020000084'),
('HD26092021000085', '00:57:00', '07:03:33', 'DP26092021000085'),
('HD02042020000086', '03:03:57', '02:46:36', 'DP02042020000086'),
('HD11062022000087', '04:25:24', '05:52:33', 'DP11062022000087'),
('HD24052020000088', '17:03:05', '17:36:02', 'DP24052020000088'),
('HD13102022000089', '09:02:43', '03:40:54', 'DP13102022000089'),
('HD24122023000090', '19:36:40', '01:34:11', 'DP24122023000090'),
('HD13032023000091', '04:50:27', '19:03:23', 'DP13032023000091'),
('HD08122020000092', '10:19:15', '12:55:25', 'DP08122020000092'),
('HD24032020000093', '05:41:42', '08:48:58', 'DP24032020000093'),
('HD12122023000094', '09:13:32', '23:59:39', 'DP12122023000094'),
('HD09032022000095', '20:34:32', '17:22:13', 'DP09032022000095'),
('HD24062020000096', '01:15:03', '17:28:05', 'DP24062020000096'),
('HD07122021000097', '11:51:38', '02:02:10', 'DP07122021000097'),
('HD09022023000098', '13:22:30', '03:54:57', 'DP09022023000098'),
('HD05032023000099', '17:20:52', '06:24:47', 'DP05032023000099'),
('HD10032022000100', '21:57:40', '00:16:23', 'DP10032022000100'),
('HD08062020000101', '01:30:58', '04:48:23', 'DP08062020000101'),
('HD25042020000102', '09:14:15', '11:59:43', 'DP25042020000102'),
('HD26062023000103', '16:17:42', '21:16:28', 'DP26062023000103'),
('HD19092023000104', '13:34:57', '08:32:34', 'DP19092023000104'),
('HD10102023000105', '22:10:48', '00:50:07', 'DP10102023000105'),
('HD06022021000106', '06:57:35', '01:17:57', 'DP06022021000106'),
('HD20012021000107', '08:15:42', '11:38:29', 'DP20012021000107'),
('HD25102023000108', '10:18:09', '10:28:54', 'DP25102023000108'),
('HD19052022000109', '01:07:23', '04:38:40', 'DP19052022000109'),
('HD09122023000110', '12:51:50', '14:59:32', 'DP09122023000110'),
('HD06092020000111', '03:03:37', '11:54:55', 'DP06092020000111'),
('HD01032021000112', '03:48:56', '00:57:00', 'DP01032021000112'),
('HD08012022000113', '21:23:20', '07:46:18', 'DP08012022000113'),
('HD08112020000114', '10:46:44', '20:26:34', 'DP08112020000114'),
('HD24102022000115', '00:48:17', '16:55:26', 'DP24102022000115'),
('HD26102021000116', '16:47:39', '00:22:38', 'DP26102021000116'),
('HD05022020000117', '18:14:22', '20:02:23', 'DP05022020000117'),
('HD14092022000118', '21:15:40', '23:05:31', 'DP14092022000118'),
('HD16092023000119', '22:20:10', '01:53:52', 'DP16092023000119'),
('HD17052021000120', '23:55:38', '03:22:27', 'DP17052021000120'),
('HD04102021000121', '05:17:08', '19:29:04', 'DP04102021000121'),
('HD23082023000122', '21:07:03', '21:35:47', 'DP23082023000122'),
('HD11042023000123', '21:34:45', '18:56:57', 'DP11042023000123'),
('HD06112021000124', '21:32:27', '08:43:41', 'DP06112021000124'),
('HD23012023000125', '16:38:27', '18:42:40', 'DP23012023000125'),
('HD19052021000126', '18:32:10', '23:42:11', 'DP19052021000126'),
('HD18122021000127', '07:26:12', '10:48:11', 'DP18122021000127'),
('HD11072023000128', '01:53:31', '04:47:40', 'DP11072023000128'),
('HD24012023000129', '10:53:27', '14:05:33', 'DP24012023000129'),
('HD10032023000130', '16:15:29', '06:35:42', 'DP10032023000130'),
('HD12082023000131', '04:55:58', '18:17:56', 'DP12082023000131'),
('HD22042023000132', '14:31:24', '13:27:24', 'DP22042023000132'),
('HD10022022000133', '01:01:04', '14:28:00', 'DP10022022000133'),
('HD01122022000134', '03:54:46', '06:15:53', 'DP01122022000134'),
('HD21062022000135', '17:32:06', '23:29:17', 'DP21062022000135'),
('HD18092022000136', '17:25:59', '02:23:04', 'DP18092022000136'),
('HD26122020000137', '05:26:29', '23:27:20', 'DP26122020000137'),
('HD25062020000138', '13:47:30', '17:41:28', 'DP25062020000138'),
('HD25052020000139', '20:29:32', '09:28:13', 'DP25052020000139'),
('HD18112023000140', '13:37:58', '22:29:30', 'DP18112023000140'),
('HD23052020000141', '00:46:26', '23:07:05', 'DP23052020000141'),
('HD23092020000142', '12:44:54', '02:02:07', 'DP23092020000142'),
('HD02052022000143', '11:04:56', '05:28:01', 'DP02052022000143'),
('HD08092020000144', '19:59:16', '03:57:12', 'DP08092020000144'),
('HD04082020000145', '23:12:18', '19:43:25', 'DP04082020000145'),
('HD16112023000146', '10:55:01', '10:11:52', 'DP16112023000146'),
('HD11032022000147', '07:18:00', '03:14:31', 'DP11032022000147'),
('HD12052021000148', '18:18:06', '07:49:29', 'DP12052021000148'),
('HD04052023000149', '10:27:40', '10:39:53', 'DP04052023000149'),
('HD26022022000150', '08:05:53', '02:15:42', 'DP26022022000150'),
('HD10082023000151', '10:49:26', '19:37:11', 'DP10082023000151'),
('HD17012020000152', '17:33:23', '01:50:10', 'DP17012020000152'),
('HD14052023000153', '01:26:23', '15:17:57', 'DP14052023000153'),
('HD22052023000154', '13:10:27', '14:45:40', 'DP22052023000154'),
('HD09092022000155', '10:37:16', '23:03:08', 'DP09092022000155'),
('HD25062020000156', '09:00:54', '21:55:15', 'DP25062020000156'),
('HD08072022000157', '19:43:29', '05:48:14', 'DP08072022000157'),
('HD26032021000158', '05:07:57', '09:09:25', 'DP26032021000158'),
('HD19012021000159', '20:32:09', '23:06:51', 'DP19012021000159'),
('HD05032022000160', '21:20:10', '19:22:03', 'DP05032022000160'),
('HD09012022000161', '22:53:21', '20:22:49', 'DP09012022000161'),
('HD09062023000162', '03:00:38', '09:41:53', 'DP09062023000162'),
('HD08072022000163', '23:06:49', '09:01:50', 'DP08072022000163'),
('HD16012020000164', '01:00:17', '11:12:25', 'DP16012020000164'),
('HD13102021000165', '20:29:30', '13:57:26', 'DP13102021000165'),
('HD19102022000166', '14:57:35', '18:02:06', 'DP19102022000166'),
('HD07012021000167', '20:57:26', '14:05:28', 'DP07012021000167'),
('HD11112022000168', '13:14:35', '17:57:45', 'DP11112022000168'),
('HD15112022000169', '16:18:33', '10:00:28', 'DP15112022000169'),
('HD01042021000170', '23:27:45', '19:36:09', 'DP01042021000170'),
('HD18012020000171', '20:43:40', '17:40:56', 'DP18012020000171'),
('HD07092021000172', '00:09:38', '00:13:45', 'DP07092021000172'),
('HD05052023000173', '03:37:30', '10:28:47', 'DP05052023000173'),
('HD07102020000174', '22:49:34', '10:12:52', 'DP07102020000174'),
('HD16062020000175', '16:56:58', '14:47:37', 'DP16062020000175'),
('HD19122021000176', '05:46:08', '22:46:31', 'DP19122021000176'),
('HD06012021000177', '19:50:19', '04:40:06', 'DP06012021000177'),
('HD01022022000178', '15:30:32', '11:25:20', 'DP01022022000178'),
('HD18072021000179', '13:31:39', '09:31:09', 'DP18072021000179'),
('HD22042022000180', '07:31:05', '22:41:37', 'DP22042022000180'),
('HD23072020000181', '03:25:54', '02:19:00', 'DP23072020000181'),
('HD21112020000182', '16:21:01', '05:40:40', 'DP21112020000182'),
('HD10012023000183', '14:33:29', '19:14:53', 'DP10012023000183'),
('HD08122022000184', '05:02:15', '21:22:43', 'DP08122022000184'),
('HD18052023000185', '17:52:39', '06:03:25', 'DP18052023000185'),
('HD10112022000186', '09:32:01', '15:47:46', 'DP10112022000186'),
('HD03052020000187', '10:24:11', '05:32:18', 'DP03052020000187'),
('HD25102020000188', '10:07:03', '15:29:23', 'DP25102020000188'),
('HD16042021000189', '03:10:04', '17:37:49', 'DP16042021000189'),
('HD05082023000190', '16:20:14', '23:39:45', 'DP05082023000190'),
('HD05022022000191', '09:36:08', '00:01:58', 'DP05022022000191'),
('HD03082023000192', '21:55:24', '09:49:44', 'DP03082023000192'),
('HD05032020000193', '05:30:20', '03:00:06', 'DP05032020000193'),
('HD23062020000194', '22:11:29', '07:48:27', 'DP23062020000194'),
('HD25022020000195', '14:22:52', '12:45:46', 'DP25022020000195'),
('HD04052022000196', '22:54:15', '06:38:33', 'DP04052022000196'),
('HD18072023000197', '00:50:00', '02:07:28', 'DP18072023000197'),
('HD04012020000198', '15:12:14', '12:45:54', 'DP04012020000198'),
('HD05062021000199', '00:13:05', '04:24:53', 'DP05062021000199'),
('HD18112022000200', '19:44:05', '20:22:42', 'DP18112022000200'),
('HD22122023000201', '12:50:14', '21:30:21', 'DP22122023000201'),
('HD16122020000202', '08:24:25', '13:21:00', 'DP16122020000202'),
('HD25042020000203', '12:07:16', '07:10:17', 'DP25042020000203'),
('HD06092020000204', '13:51:31', '19:17:34', 'DP06092020000204'),
('HD11072023000205', '17:14:34', '16:54:26', 'DP11072023000205'),
('HD16032022000206', '08:05:54', '10:58:16', 'DP16032022000206'),
('HD11092021000207', '15:21:26', '14:41:08', 'DP11092021000207'),
('HD10012023000208', '21:38:57', '13:45:05', 'DP10012023000208'),
('HD16022023000209', '04:32:20', '08:03:57', 'DP16022023000209'),
('HD15032023000210', '11:34:24', '18:49:37', 'DP15032023000210'),
('HD14072020000211', '16:00:00', '22:33:36', 'DP14072020000211'),
('HD05122021000212', '21:36:24', '23:54:37', 'DP05122021000212'),
('HD03082021000213', '09:19:52', '03:20:25', 'DP03082021000213'),
('HD21062021000214', '11:11:53', '15:45:49', 'DP21062021000214'),
('HD21072023000215', '06:08:06', '21:04:22', 'DP21072023000215'),
('HD03122021000216', '18:52:02', '06:15:52', 'DP03122021000216'),
('HD09012023000217', '20:57:18', '15:47:11', 'DP09012023000217'),
('HD14022023000218', '01:06:23', '06:21:11', 'DP14022023000218'),
('HD08082022000219', '23:14:53', '21:01:09', 'DP08082022000219'),
('HD06092023000220', '16:34:45', '08:34:45', 'DP06092023000220'),
('HD18022023000221', '08:09:16', '14:13:31', 'DP18022023000221'),
('HD21032023000222', '15:15:12', '14:51:31', 'DP21032023000222'),
('HD07052023000223', '04:07:07', '16:48:26', 'DP07052023000223'),
('HD16102021000224', '13:00:30', '06:00:10', 'DP16102021000224'),
('HD02042022000225', '09:36:51', '23:00:38', 'DP02042022000225'),
('HD13022020000226', '15:11:40', '13:26:03', 'DP13022020000226'),
('HD23092020000227', '23:03:05', '08:23:27', 'DP23092020000227'),
('HD22012022000228', '09:10:16', '07:00:25', 'DP22012022000228'),
('HD16052020000229', '04:18:58', '22:08:39', 'DP16052020000229'),
('HD24042021000230', '16:02:24', '03:28:27', 'DP24042021000230'),
('HD06112020000231', '05:16:04', '08:21:29', 'DP06112020000231'),
('HD12022022000232', '14:51:09', '01:57:34', 'DP12022022000232'),
('HD23012021000233', '15:31:55', '19:31:53', 'DP23012021000233'),
('HD02102023000234', '14:28:41', '20:54:36', 'DP02102023000234'),
('HD15102022000235', '14:23:32', '13:26:23', 'DP15102022000235'),
('HD14012021000236', '06:12:56', '15:04:19', 'DP14012021000236'),
('HD06052021000237', '08:44:10', '23:41:02', 'DP06052021000237'),
('HD07012021000238', '07:38:07', '15:33:06', 'DP07012021000238'),
('HD26012023000239', '01:28:52', '22:21:41', 'DP26012023000239'),
('HD17092020000240', '23:30:28', '01:11:51', 'DP17092020000240'),
('HD14122022000241', '03:13:25', '15:53:26', 'DP14122022000241'),
('HD03042023000242', '02:45:30', '07:31:53', 'DP03042023000242'),
('HD01122023000243', '21:41:28', '16:24:32', 'DP01122023000243'),
('HD10022020000244', '15:48:51', '18:07:51', 'DP10022020000244'),
('HD20032023000245', '23:02:53', '09:48:57', 'DP20032023000245'),
('HD22122020000246', '03:19:49', '21:05:44', 'DP22122020000246'),
('HD04072023000247', '12:55:24', '01:55:42', 'DP04072023000247'),
('HD20072020000248', '16:58:02', '10:04:10', 'DP20072020000248'),
('HD09052023000249', '04:56:58', '06:38:47', 'DP09052023000249'),
('HD09092022000250', '14:25:50', '10:53:51', 'DP09092022000250'),
('HD13082021000251', '21:44:15', '04:10:34', 'DP13082021000251'),
('HD20032020000252', '23:43:13', '23:28:22', 'DP20032020000252'),
('HD17092021000253', '00:47:57', '08:31:09', 'DP17092021000253'),
('HD09062022000254', '16:50:06', '11:16:23', 'DP09062022000254'),
('HD13062020000255', '22:57:54', '03:22:49', 'DP13062020000255'),
('HD05112021000256', '02:49:36', '16:53:58', 'DP05112021000256'),
('HD05112020000257', '21:14:02', '03:19:14', 'DP05112020000257'),
('HD21112022000258', '03:49:57', '23:40:12', 'DP21112022000258'),
('HD23102022000259', '19:22:16', '23:18:14', 'DP23102022000259'),
('HD02082023000260', '03:02:36', '13:26:09', 'DP02082023000260'),
('HD05082023000261', '21:19:55', '02:09:31', 'DP05082023000261'),
('HD16052020000262', '09:26:00', '06:38:24', 'DP16052020000262'),
('HD13032023000263', '00:12:34', '13:33:37', 'DP13032023000263'),
('HD07092020000264', '07:39:19', '16:58:52', 'DP07092020000264'),
('HD13122023000265', '13:32:30', '06:57:29', 'DP13122023000265'),
('HD17022021000266', '16:08:27', '19:25:08', 'DP17022021000266'),
('HD21062021000267', '04:13:23', '14:11:31', 'DP21062021000267'),
('HD13122022000268', '00:05:59', '07:44:14', 'DP13122022000268'),
('HD21042022000269', '18:34:10', '15:56:30', 'DP21042022000269'),
('HD02102020000270', '21:45:17', '18:29:28', 'DP02102020000270'),
('HD25042020000271', '04:59:31', '03:11:21', 'DP25042020000271'),
('HD09082022000272', '11:51:46', '01:46:09', 'DP09082022000272'),
('HD02012020000273', '23:14:31', '20:11:47', 'DP02012020000273'),
('HD13042023000274', '04:37:58', '09:52:12', 'DP13042023000274'),
('HD26012022000275', '03:19:51', '09:11:58', 'DP26012022000275'),
('HD23062022000276', '04:06:41', '00:39:28', 'DP23062022000276'),
('HD15082023000277', '11:58:17', '09:53:11', 'DP15082023000277'),
('HD22102023000278', '19:31:44', '23:08:51', 'DP22102023000278'),
('HD17102020000279', '09:59:40', '09:24:57', 'DP17102020000279'),
('HD16092021000280', '02:45:01', '08:52:41', 'DP16092021000280'),
('HD14102021000281', '02:18:18', '21:13:24', 'DP14102021000281'),
('HD06062022000282', '23:06:15', '07:11:45', 'DP06062022000282'),
('HD06052020000283', '11:12:54', '19:51:26', 'DP06052020000283'),
('HD11082023000284', '08:01:49', '23:29:12', 'DP11082023000284'),
('HD16032021000285', '08:47:01', '04:02:46', 'DP16032021000285'),
('HD14112020000286', '14:46:15', '09:05:10', 'DP14112020000286'),
('HD03062020000287', '19:20:25', '04:18:48', 'DP03062020000287'),
('HD14022023000288', '22:31:52', '06:11:04', 'DP14022023000288'),
('HD09072022000289', '16:38:28', '22:51:34', 'DP09072022000289'),
('HD16082021000290', '08:20:44', '03:30:41', 'DP16082021000290'),
('HD21052023000291', '06:58:11', '11:29:40', 'DP21052023000291'),
('HD15012023000292', '02:50:46', '19:06:13', 'DP15012023000292'),
('HD26052020000293', '10:32:50', '11:09:09', 'DP26052020000293'),
('HD19092023000294', '10:55:54', '22:29:01', 'DP19092023000294'),
('HD16082023000295', '15:14:16', '15:52:29', 'DP16082023000295'),
('HD15042023000296', '00:39:12', '14:59:14', 'DP15042023000296'),
('HD05112020000297', '18:56:05', '21:09:12', 'DP05112020000297'),
('HD02032022000298', '17:21:03', '06:03:49', 'DP02032022000298'),
('HD03022020000299', '19:31:19', '14:08:25', 'DP03022020000299'),
('HD10082020000300', '10:24:13', '13:56:51', 'DP10082020000300'),
('HD22032023000301', '07:46:31', '03:25:30', 'DP22032023000301'),
('HD11052020000302', '12:13:52', '02:46:58', 'DP11052020000302'),
('HD10122021000303', '23:04:04', '02:17:53', 'DP10122021000303'),
('HD13092023000304', '01:06:47', '17:49:46', 'DP13092023000304'),
('HD25052022000305', '13:09:14', '05:06:10', 'DP25052022000305'),
('HD08072023000306', '02:26:56', '17:27:39', 'DP08072023000306'),
('HD12112022000307', '23:32:53', '23:52:19', 'DP12112022000307'),
('HD03052023000308', '22:02:53', '13:48:19', 'DP03052023000308'),
('HD17102020000309', '16:35:27', '10:03:03', 'DP17102020000309'),
('HD01012022000310', '19:05:56', '05:57:50', 'DP01012022000310'),
('HD04062021000311', '05:55:33', '18:56:12', 'DP04062021000311'),
('HD22032021000312', '15:38:51', '02:05:27', 'DP22032021000312'),
('HD06082022000313', '00:51:48', '01:53:11', 'DP06082022000313'),
('HD20042021000314', '18:50:41', '20:36:40', 'DP20042021000314'),
('HD06062022000315', '01:46:42', '15:25:24', 'DP06062022000315'),
('HD22092023000316', '17:56:02', '20:57:54', 'DP22092023000316'),
('HD10022021000317', '10:24:54', '14:39:31', 'DP10022021000317'),
('HD14122022000318', '14:55:42', '16:02:33', 'DP14122022000318'),
('HD26012022000319', '10:23:00', '14:37:00', 'DP26012022000319'),
('HD23012023000320', '11:12:00', '19:55:18', 'DP23012023000320'),
('HD02092020000321', '12:27:37', '20:55:46', 'DP02092020000321'),
('HD10092022000322', '03:38:21', '19:21:03', 'DP10092022000322'),
('HD13032020000323', '07:31:39', '07:53:22', 'DP13032020000323'),
('HD25082022000324', '18:41:37', '22:22:40', 'DP25082022000324'),
('HD16082022000325', '00:35:03', '14:26:16', 'DP16082022000325'),
('HD09052020000326', '14:21:33', '06:33:03', 'DP09052020000326'),
('HD15042023000327', '16:40:29', '01:15:12', 'DP15042023000327'),
('HD25072023000328', '09:29:34', '20:45:21', 'DP25072023000328'),
('HD10032022000329', '05:23:25', '11:42:38', 'DP10032022000329'),
('HD06042021000330', '11:58:50', '00:06:02', 'DP06042021000330'),
('HD25042022000331', '21:36:38', '12:03:03', 'DP25042022000331'),
('HD12122022000332', '04:38:07', '02:08:19', 'DP12122022000332'),
('HD08072021000333', '11:39:55', '09:58:53', 'DP08072021000333'),
('HD12072023000334', '12:40:28', '18:10:59', 'DP12072023000334'),
('HD20042022000335', '17:34:06', '14:28:33', 'DP20042022000335'),
('HD01102020000336', '14:08:55', '18:19:42', 'DP01102020000336'),
('HD10052023000337', '10:13:59', '10:35:00', 'DP10052023000337'),
('HD17072020000338', '13:13:06', '01:09:27', 'DP17072020000338'),
('HD02082020000339', '12:18:26', '07:21:34', 'DP02082020000339'),
('HD02102021000340', '17:42:47', '00:14:02', 'DP02102021000340'),
('HD22122023000341', '19:30:28', '18:39:16', 'DP22122023000341'),
('HD06032023000342', '04:22:20', '10:11:41', 'DP06032023000342'),
('HD07102021000343', '16:43:39', '07:02:37', 'DP07102021000343'),
('HD11052021000344', '23:22:57', '17:07:06', 'DP11052021000344'),
('HD02062022000345', '15:17:17', '18:48:05', 'DP02062022000345'),
('HD13052020000346', '12:41:52', '10:20:07', 'DP13052020000346'),
('HD13042022000347', '11:00:36', '14:49:47', 'DP13042022000347'),
('HD08052021000348', '04:11:40', '23:42:08', 'DP08052021000348'),
('HD17012023000349', '12:23:06', '03:36:04', 'DP17012023000349'),
('HD05102020000350', '19:15:24', '17:44:11', 'DP05102020000350'),
('HD06062023000351', '17:14:21', '17:16:54', 'DP06062023000351'),
('HD22062023000352', '22:00:22', '17:45:28', 'DP22062023000352'),
('HD26032021000353', '00:49:00', '20:30:56', 'DP26032021000353'),
('HD19092022000354', '16:16:40', '02:51:18', 'DP19092022000354'),
('HD15032020000355', '00:38:53', '15:25:22', 'DP15032020000355'),
('HD15082021000356', '06:57:16', '19:59:20', 'DP15082021000356'),
('HD20112022000357', '09:36:27', '08:21:49', 'DP20112022000357'),
('HD23042022000358', '09:24:11', '18:25:54', 'DP23042022000358'),
('HD23032021000359', '23:19:05', '20:12:47', 'DP23032021000359'),
('HD05102021000360', '02:49:51', '09:54:34', 'DP05102021000360'),
('HD07072023000361', '09:48:00', '20:15:21', 'DP07072023000361'),
('HD08092021000362', '11:49:10', '13:00:45', 'DP08092021000362'),
('HD15102023000363', '13:30:05', '21:30:26', 'DP15102023000363'),
('HD03092021000364', '12:02:20', '23:16:00', 'DP03092021000364'),
('HD06032021000365', '21:24:44', '22:59:54', 'DP06032021000365'),
('HD08062020000366', '02:05:33', '22:49:37', 'DP08062020000366'),
('HD17122020000367', '06:56:14', '07:03:23', 'DP17122020000367'),
('HD19082023000368', '20:12:40', '22:00:12', 'DP19082023000368'),
('HD13102023000369', '05:30:45', '22:41:15', 'DP13102023000369'),
('HD10092021000370', '09:33:05', '09:04:32', 'DP10092021000370'),
('HD17122020000371', '22:06:18', '12:52:55', 'DP17122020000371'),
('HD20082021000372', '15:53:57', '18:55:57', 'DP20082021000372'),
('HD17062022000373', '13:53:20', '08:30:23', 'DP17062022000373'),
('HD02022021000374', '03:12:32', '08:25:56', 'DP02022021000374'),
('HD11082022000375', '14:31:49', '17:59:16', 'DP11082022000375'),
('HD10092020000376', '13:06:07', '01:53:02', 'DP10092020000376'),
('HD24082022000377', '23:55:33', '04:29:33', 'DP24082022000377'),
('HD22022022000378', '12:03:53', '19:59:01', 'DP22022022000378'),
('HD06072020000379', '15:27:39', '12:44:49', 'DP06072020000379'),
('HD05122023000380', '08:15:00', '07:53:04', 'DP05122023000380'),
('HD01082023000381', '16:04:21', '12:45:51', 'DP01082023000381'),
('HD18032023000382', '20:45:32', '21:42:41', 'DP18032023000382'),
('HD08082021000383', '12:51:58', '08:02:27', 'DP08082021000383'),
('HD12012020000384', '21:37:28', '05:10:47', 'DP12012020000384'),
('HD11052022000385', '03:22:50', '18:52:30', 'DP11052022000385'),
('HD03022021000386', '20:09:45', '23:37:32', 'DP03022021000386'),
('HD23092023000387', '22:42:22', '21:39:49', 'DP23092023000387'),
('HD08082021000388', '04:50:25', '11:26:53', 'DP08082021000388'),
('HD22072021000389', '14:20:32', '14:31:33', 'DP22072021000389'),
('HD24012022000390', '17:47:07', '13:31:58', 'DP24012022000390'),
('HD16112020000391', '13:15:58', '00:56:43', 'DP16112020000391'),
('HD22042021000392', '00:12:14', '15:17:41', 'DP22042021000392'),
('HD17052021000393', '13:00:18', '14:02:24', 'DP17052021000393'),
('HD17082020000394', '03:57:49', '01:54:06', 'DP17082020000394'),
('HD01012023000395', '17:03:25', '06:44:42', 'DP01012023000395'),
('HD13122020000396', '12:58:44', '00:27:06', 'DP13122020000396'),
('HD26082022000397', '21:34:25', '05:52:22', 'DP26082022000397'),
('HD12062021000398', '12:14:13', '09:46:25', 'DP12062021000398'),
('HD02092020000399', '07:48:15', '05:24:45', 'DP02092020000399'),
('HD25072022000400', '18:11:17', '00:15:03', 'DP25072022000400'),
('HD24022022000401', '02:17:43', '18:49:35', 'DP24022022000401'),
('HD24032023000402', '20:21:02', '08:21:01', 'DP24032023000402'),
('HD06082021000403', '08:59:08', '23:50:06', 'DP06082021000403'),
('HD18062023000404', '02:11:37', '21:00:53', 'DP18062023000404'),
('HD23042021000405', '08:35:46', '19:47:20', 'DP23042021000405'),
('HD22082021000406', '04:19:35', '17:12:09', 'DP22082021000406'),
('HD26042021000407', '23:36:19', '11:08:58', 'DP26042021000407'),
('HD06042022000408', '14:44:04', '03:28:53', 'DP06042022000408'),
('HD09082023000409', '08:41:22', '20:59:09', 'DP09082023000409'),
('HD06072022000410', '18:10:36', '20:24:34', 'DP06072022000410'),
('HD08112023000411', '01:49:33', '14:41:18', 'DP08112023000411'),
('HD19112020000412', '20:47:07', '17:04:04', 'DP19112020000412'),
('HD17102023000413', '16:17:23', '06:37:45', 'DP17102023000413'),
('HD14112021000414', '03:45:09', '01:53:06', 'DP14112021000414'),
('HD09072021000415', '17:23:14', '19:40:49', 'DP09072021000415'),
('HD25062022000416', '22:40:55', '20:29:25', 'DP25062022000416'),
('HD23122023000417', '14:36:54', '20:50:01', 'DP23122023000417'),
('HD05032022000418', '03:58:10', '06:13:30', 'DP05032022000418'),
('HD09022023000419', '06:52:17', '21:59:26', 'DP09022023000419'),
('HD03042023000420', '03:36:12', '02:47:10', 'DP03042023000420'),
('HD05042021000421', '14:59:39', '03:49:58', 'DP05042021000421'),
('HD15052021000422', '10:51:03', '22:25:37', 'DP15052021000422'),
('HD13052020000423', '02:06:24', '09:36:52', 'DP13052020000423'),
('HD24022022000424', '10:20:42', '14:26:47', 'DP24022022000424'),
('HD03052022000425', '06:22:26', '08:58:32', 'DP03052022000425'),
('HD01052021000426', '14:26:13', '02:40:10', 'DP01052021000426'),
('HD05032023000427', '22:40:56', '21:54:11', 'DP05032023000427'),
('HD24092022000428', '19:11:57', '14:25:59', 'DP24092022000428'),
('HD07082021000429', '08:14:12', '08:24:46', 'DP07082021000429'),
('HD12042022000430', '08:53:10', '11:44:28', 'DP12042022000430'),
('HD11052021000431', '01:57:51', '10:49:46', 'DP11052021000431'),
('HD02082023000432', '22:06:41', '18:51:12', 'DP02082023000432'),
('HD23112023000433', '08:27:19', '22:26:44', 'DP23112023000433'),
('HD23042021000434', '15:25:35', '22:22:47', 'DP23042021000434'),
('HD25062020000435', '05:43:48', '03:53:59', 'DP25062020000435'),
('HD08012023000436', '08:31:27', '00:34:20', 'DP08012023000436'),
('HD21042020000437', '01:30:43', '19:59:05', 'DP21042020000437'),
('HD19042022000438', '19:33:01', '07:02:16', 'DP19042022000438'),
('HD23052020000439', '15:48:38', '18:56:14', 'DP23052020000439'),
('HD08122022000440', '01:59:39', '13:16:16', 'DP08122022000440'),
('HD10012022000441', '19:57:13', '00:48:08', 'DP10012022000441'),
('HD02082021000442', '21:07:54', '06:58:43', 'DP02082021000442'),
('HD15122023000443', '08:50:29', '23:26:18', 'DP15122023000443'),
('HD22082022000444', '11:17:30', '03:54:49', 'DP22082022000444'),
('HD15032021000445', '11:34:54', '03:53:18', 'DP15032021000445'),
('HD24072023000446', '18:40:18', '00:43:57', 'DP24072023000446'),
('HD20082020000447', '11:34:36', '17:57:33', 'DP20082020000447'),
('HD20022021000448', '08:30:04', '04:50:28', 'DP20022021000448'),
('HD20072023000449', '15:39:28', '03:19:43', 'DP20072023000449'),
('HD13122021000450', '20:35:22', '08:57:22', 'DP13122021000450'),
('HD01122022000451', '12:00:59', '19:46:44', 'DP01122022000451'),
('HD19072020000452', '02:18:44', '02:29:04', 'DP19072020000452'),
('HD21062020000453', '13:22:41', '04:00:05', 'DP21062020000453'),
('HD07102020000454', '03:30:35', '01:16:47', 'DP07102020000454'),
('HD04012020000455', '06:39:17', '11:17:38', 'DP04012020000455'),
('HD07032023000456', '05:34:45', '16:30:51', 'DP07032023000456'),
('HD03112020000457', '01:23:23', '18:04:37', 'DP03112020000457'),
('HD05082023000458', '09:41:49', '07:16:32', 'DP05082023000458'),
('HD10082022000459', '14:47:36', '09:16:33', 'DP10082022000459'),
('HD14052022000460', '20:52:39', '00:32:10', 'DP14052022000460'),
('HD03062021000461', '00:42:59', '22:25:02', 'DP03062021000461'),
('HD04022022000462', '06:07:14', '02:21:32', 'DP04022022000462'),
('HD25042020000463', '23:17:56', '15:04:12', 'DP25042020000463'),
('HD03062020000464', '12:28:52', '04:13:54', 'DP03062020000464'),
('HD05102021000465', '14:24:57', '07:41:35', 'DP05102021000465'),
('HD25022021000466', '20:23:55', '03:42:46', 'DP25022021000466'),
('HD09102020000467', '09:07:36', '22:39:19', 'DP09102020000467'),
('HD20122020000468', '00:21:36', '17:10:33', 'DP20122020000468'),
('HD12032023000469', '15:54:46', '19:46:56', 'DP12032023000469'),
('HD03032021000470', '15:53:04', '03:30:20', 'DP03032021000470'),
('HD14042023000471', '07:10:47', '05:10:43', 'DP14042023000471'),
('HD04092022000472', '19:52:53', '15:11:25', 'DP04092022000472'),
('HD08112020000473', '16:16:52', '21:31:17', 'DP08112020000473'),
('HD23042023000474', '21:07:18', '03:06:06', 'DP23042023000474'),
('HD24022022000475', '20:16:33', '21:21:39', 'DP24022022000475'),
('HD06122022000476', '14:54:18', '09:27:29', 'DP06122022000476'),
('HD06022022000477', '13:16:14', '01:07:16', 'DP06022022000477'),
('HD20012023000478', '23:07:27', '03:01:24', 'DP20012023000478'),
('HD02012021000479', '10:22:28', '02:17:35', 'DP02012021000479'),
('HD19052023000480', '09:42:45', '19:54:28', 'DP19052023000480'),
('HD22122023000481', '01:16:36', '11:42:15', 'DP22122023000481'),
('HD20112022000482', '16:56:52', '11:32:04', 'DP20112022000482'),
('HD11102023000483', '03:50:14', '05:50:05', 'DP11102023000483'),
('HD13062020000484', '05:50:55', '17:14:32', 'DP13062020000484'),
('HD05082020000485', '10:30:44', '09:02:58', 'DP05082020000485'),
('HD10012020000486', '10:01:11', '20:56:16', 'DP10012020000486'),
('HD06072022000487', '21:10:55', '18:54:14', 'DP06072022000487'),
('HD21082022000488', '20:53:35', '10:06:37', 'DP21082022000488'),
('HD12122020000489', '18:21:07', '21:11:19', 'DP12122020000489'),
('HD13092021000490', '15:05:34', '11:19:28', 'DP13092021000490'),
('HD19042020000491', '13:11:18', '08:28:16', 'DP19042020000491'),
('HD07072020000492', '11:53:27', '23:38:40', 'DP07072020000492'),
('HD10012021000493', '15:42:02', '17:29:30', 'DP10012021000493'),
('HD01122021000494', '02:31:58', '23:58:45', 'DP01122021000494'),
('HD26112021000495', '07:02:27', '04:52:35', 'DP26112021000495'),
('HD07042022000496', '19:42:33', '08:01:27', 'DP07042022000496'),
('HD15072021000497', '06:33:13', '07:16:52', 'DP15072021000497'),
('HD02052021000498', '20:59:10', '14:14:57', 'DP02052021000498'),
('HD07072022000499', '20:10:39', '09:17:37', 'DP07072022000499'),
('HD09072021000500', '18:15:15', '05:22:28', 'DP09072021000500'),
('HD22032022000501', '18:08:48', '11:42:55', 'DP22032022000501'),
('HD12082023000502', '11:40:22', '05:14:36', 'DP12082023000502'),
('HD16012023000503', '03:55:57', '07:20:14', 'DP16012023000503'),
('HD26042020000504', '05:21:40', '05:45:23', 'DP26042020000504'),
('HD12112022000505', '14:41:00', '16:58:52', 'DP12112022000505'),
('HD19022022000506', '18:45:47', '10:18:49', 'DP19022022000506'),
('HD06082021000507', '10:33:21', '02:32:55', 'DP06082021000507'),
('HD09072022000508', '06:33:54', '14:20:06', 'DP09072022000508'),
('HD20032022000509', '14:33:49', '01:33:36', 'DP20032022000509'),
('HD11112023000510', '21:45:36', '23:16:37', 'DP11112023000510'),
('HD14072020000511', '05:57:26', '02:16:50', 'DP14072020000511'),
('HD12112023000512', '07:54:32', '23:51:20', 'DP12112023000512'),
('HD11022020000513', '22:44:40', '19:40:16', 'DP11022020000513'),
('HD24022021000514', '16:08:07', '18:59:15', 'DP24022021000514'),
('HD26032021000515', '23:00:27', '12:32:09', 'DP26032021000515'),
('HD15032020000516', '16:02:43', '22:36:53', 'DP15032020000516'),
('HD16112023000517', '05:56:02', '22:39:21', 'DP16112023000517'),
('HD17042020000518', '11:17:27', '14:10:11', 'DP17042020000518'),
('HD22092022000519', '04:56:57', '21:57:31', 'DP22092022000519'),
('HD13022021000520', '17:16:43', '08:26:44', 'DP13022021000520'),
('HD22122022000521', '00:52:28', '14:16:53', 'DP22122022000521'),
('HD07092020000522', '02:58:43', '07:54:34', 'DP07092020000522'),
('HD20052022000523', '06:45:53', '09:15:20', 'DP20052022000523'),
('HD05012021000524', '20:13:25', '14:51:15', 'DP05012021000524'),
('HD12082023000525', '11:40:39', '09:42:17', 'DP12082023000525'),
('HD17092022000526', '19:00:59', '16:07:25', 'DP17092022000526'),
('HD13042023000527', '20:49:10', '12:38:25', 'DP13042023000527'),
('HD10072022000528', '17:10:58', '10:46:50', 'DP10072022000528'),
('HD03032022000529', '23:22:12', '02:30:31', 'DP03032022000529'),
('HD11032022000530', '21:09:23', '12:43:24', 'DP11032022000530'),
('HD22022022000531', '22:15:58', '01:55:20', 'DP22022022000531'),
('HD04032021000532', '18:29:02', '02:06:02', 'DP04032021000532'),
('HD12122020000533', '17:32:09', '23:15:25', 'DP12122020000533'),
('HD17062020000534', '17:16:28', '18:08:16', 'DP17062020000534'),
('HD25102020000535', '21:01:44', '21:18:21', 'DP25102020000535'),
('HD18112020000536', '11:57:47', '18:13:01', 'DP18112020000536'),
('HD17092021000537', '04:10:22', '10:49:05', 'DP17092021000537'),
('HD02032020000538', '22:05:02', '05:39:04', 'DP02032020000538'),
('HD04062020000539', '10:47:15', '15:14:38', 'DP04062020000539'),
('HD18112022000540', '16:44:40', '14:17:18', 'DP18112022000540'),
('HD07012020000541', '21:16:02', '10:15:56', 'DP07012020000541'),
('HD26092022000542', '10:00:39', '06:20:02', 'DP26092022000542'),
('HD18102021000543', '09:52:30', '06:16:04', 'DP18102021000543'),
('HD25082020000544', '22:29:13', '17:15:33', 'DP25082020000544'),
('HD08022020000545', '21:05:17', '02:44:49', 'DP08022020000545'),
('HD25032023000546', '13:54:20', '07:50:12', 'DP25032023000546'),
('HD07022023000547', '22:53:38', '03:07:40', 'DP07022023000547'),
('HD15102020000548', '01:32:40', '02:37:26', 'DP15102020000548'),
('HD07052021000549', '03:52:57', '01:34:28', 'DP07052021000549'),
('HD09052023000550', '15:06:10', '23:31:56', 'DP09052023000550'),
('HD24012023000551', '17:42:32', '22:44:36', 'DP24012023000551'),
('HD23032021000552', '17:44:34', '06:37:44', 'DP23032021000552'),
('HD21072022000553', '22:39:44', '19:53:14', 'DP21072022000553'),
('HD08042023000554', '17:35:40', '17:44:39', 'DP08042023000554'),
('HD09112022000555', '14:34:22', '23:24:21', 'DP09112022000555'),
('HD03082021000556', '11:47:01', '09:25:46', 'DP03082021000556'),
('HD24082023000557', '21:57:40', '00:17:35', 'DP24082023000557'),
('HD18032020000558', '17:32:39', '07:47:49', 'DP18032020000558'),
('HD06052021000559', '16:21:35', '08:50:24', 'DP06052021000559'),
('HD14112022000560', '16:37:49', '18:13:21', 'DP14112022000560'),
('HD19122022000561', '14:53:08', '02:58:23', 'DP19122022000561'),
('HD14052020000562', '03:24:10', '05:26:18', 'DP14052020000562'),
('HD08112021000563', '11:01:08', '12:36:12', 'DP08112021000563'),
('HD18102021000564', '18:21:50', '03:37:07', 'DP18102021000564'),
('HD22022023000565', '22:30:43', '11:11:42', 'DP22022023000565'),
('HD18032022000566', '18:49:35', '10:11:21', 'DP18032022000566'),
('HD12102020000567', '16:46:32', '01:39:15', 'DP12102020000567'),
('HD06052020000568', '15:40:09', '12:05:46', 'DP06052020000568'),
('HD12092021000569', '20:03:19', '05:29:11', 'DP12092021000569'),
('HD16122022000570', '07:15:32', '17:53:54', 'DP16122022000570'),
('HD07082023000571', '06:39:34', '11:19:43', 'DP07082023000571'),
('HD20112023000572', '12:32:56', '06:26:06', 'DP20112023000572'),
('HD11072021000573', '10:51:50', '03:55:37', 'DP11072021000573'),
('HD13092020000574', '05:27:51', '19:33:41', 'DP13092020000574'),
('HD09062021000575', '17:35:34', '21:49:29', 'DP09062021000575'),
('HD19082020000576', '00:53:48', '11:44:25', 'DP19082020000576'),
('HD18032020000577', '05:39:07', '22:01:22', 'DP18032020000577'),
('HD16122021000578', '19:32:53', '22:49:11', 'DP16122021000578'),
('HD21072021000579', '15:27:18', '13:11:29', 'DP21072021000579'),
('HD08082020000580', '02:07:38', '14:00:52', 'DP08082020000580'),
('HD19042022000581', '16:36:43', '21:31:47', 'DP19042022000581'),
('HD03072021000582', '04:48:46', '03:59:45', 'DP03072021000582'),
('HD18072022000583', '01:39:30', '19:17:07', 'DP18072022000583'),
('HD23102021000584', '07:34:41', '04:55:21', 'DP23102021000584'),
('HD25122023000585', '14:50:04', '18:01:54', 'DP25122023000585'),
('HD23102022000586', '20:12:38', '17:05:04', 'DP23102022000586'),
('HD08052021000587', '06:34:01', '06:25:55', 'DP08052021000587'),
('HD02122023000588', '22:14:51', '04:50:48', 'DP02122023000588'),
('HD08112020000589', '23:03:06', '10:19:36', 'DP08112020000589'),
('HD22072023000590', '04:53:59', '04:34:10', 'DP22072023000590'),
('HD03032020000591', '07:05:26', '06:59:15', 'DP03032020000591'),
('HD03102023000592', '17:54:57', '14:16:46', 'DP03102023000592'),
('HD03092023000593', '20:16:43', '08:04:22', 'DP03092023000593'),
('HD05072023000594', '11:16:24', '19:05:36', 'DP05072023000594'),
('HD19062020000595', '02:43:31', '07:36:12', 'DP19062020000595'),
('HD05042022000596', '10:09:55', '06:06:26', 'DP05042022000596'),
('HD21112022000597', '15:41:11', '14:00:05', 'DP21112022000597'),
('HD24112020000598', '07:55:45', '05:45:15', 'DP24112020000598'),
('HD09032020000599', '00:01:13', '04:57:59', 'DP09032020000599'),
('HD09072021000600', '19:12:20', '16:44:44', 'DP09072021000600'),
('HD15042021000601', '14:08:18', '11:56:12', 'DP15042021000601'),
('HD06052023000602', '16:10:28', '17:50:39', 'DP06052023000602'),
('HD11072022000603', '01:58:11', '17:11:29', 'DP11072022000603'),
('HD15062020000604', '06:22:13', '12:01:27', 'DP15062020000604'),
('HD23082020000605', '04:12:23', '04:36:03', 'DP23082020000605'),
('HD01102022000606', '17:20:45', '20:28:20', 'DP01102022000606'),
('HD02042022000607', '20:15:48', '23:22:41', 'DP02042022000607'),
('HD18012023000608', '19:01:27', '22:00:50', 'DP18012023000608'),
('HD02042022000609', '00:44:09', '04:07:05', 'DP02042022000609'),
('HD12012021000610', '00:16:02', '21:20:56', 'DP12012021000610'),
('HD16122020000611', '06:21:55', '00:58:44', 'DP16122020000611'),
('HD21112020000612', '04:50:08', '12:34:27', 'DP21112020000612'),
('HD09102021000613', '21:06:02', '17:35:06', 'DP09102021000613'),
('HD11112023000614', '03:14:18', '20:16:42', 'DP11112023000614'),
('HD04082021000615', '09:23:34', '11:12:18', 'DP04082021000615'),
('HD04102020000616', '07:49:50', '19:22:55', 'DP04102020000616'),
('HD20012020000617', '14:27:45', '08:39:34', 'DP20012020000617'),
('HD23022023000618', '19:27:12', '22:55:07', 'DP23022023000618'),
('HD08102020000619', '20:51:19', '11:38:55', 'DP08102020000619'),
('HD24032020000620', '16:45:14', '22:07:35', 'DP24032020000620'),
('HD07022022000621', '10:15:11', '05:52:29', 'DP07022022000621'),
('HD22052021000622', '19:44:34', '12:09:58', 'DP22052021000622'),
('HD07072023000623', '16:36:39', '08:05:47', 'DP07072023000623'),
('HD02052021000624', '16:20:39', '00:24:38', 'DP02052021000624'),
('HD03042021000625', '02:19:06', '23:02:37', 'DP03042021000625'),
('HD15082021000626', '08:18:25', '20:39:22', 'DP15082021000626'),
('HD11092020000627', '01:10:22', '02:36:38', 'DP11092020000627'),
('HD03032020000628', '13:50:27', '05:40:46', 'DP03032020000628'),
('HD02022022000629', '06:24:55', '12:50:20', 'DP02022022000629'),
('HD04122021000630', '15:12:06', '06:01:49', 'DP04122021000630'),
('HD25052021000631', '14:29:09', '04:53:16', 'DP25052021000631'),
('HD21012022000632', '10:21:54', '00:52:13', 'DP21012022000632'),
('HD19042021000633', '04:34:28', '11:56:36', 'DP19042021000633'),
('HD10022020000634', '02:16:40', '13:50:55', 'DP10022020000634'),
('HD26012023000635', '07:02:44', '09:42:00', 'DP26012023000635'),
('HD12062020000636', '03:02:35', '22:55:53', 'DP12062020000636'),
('HD01072022000637', '15:41:36', '13:38:12', 'DP01072022000637'),
('HD19032023000638', '23:34:35', '07:01:17', 'DP19032023000638'),
('HD24052023000639', '23:35:55', '15:09:27', 'DP24052023000639'),
('HD16042022000640', '18:33:00', '02:34:12', 'DP16042022000640'),
('HD06022021000641', '02:17:44', '05:41:41', 'DP06022021000641'),
('HD09022022000642', '02:02:08', '13:32:18', 'DP09022022000642'),
('HD13092023000643', '19:50:59', '17:07:32', 'DP13092023000643'),
('HD17102022000644', '17:40:48', '19:20:13', 'DP17102022000644'),
('HD24072021000645', '03:10:37', '04:57:45', 'DP24072021000645'),
('HD01012023000646', '13:49:03', '07:52:11', 'DP01012023000646'),
('HD21062020000647', '00:08:43', '14:45:13', 'DP21062020000647'),
('HD14062020000648', '22:56:07', '04:10:17', 'DP14062020000648'),
('HD03072021000649', '20:13:03', '09:44:07', 'DP03072021000649'),
('HD14032020000650', '20:22:49', '03:27:59', 'DP14032020000650'),
('HD15042022000651', '04:41:51', '04:53:15', 'DP15042022000651'),
('HD05052023000652', '14:10:14', '04:16:26', 'DP05052023000652'),
('HD02072022000653', '01:09:22', '11:52:27', 'DP02072022000653'),
('HD09122020000654', '10:08:30', '20:32:12', 'DP09122020000654'),
('HD12082023000655', '18:09:14', '21:46:50', 'DP12082023000655'),
('HD13052020000656', '02:01:11', '22:05:24', 'DP13052020000656'),
('HD02072022000657', '17:28:44', '09:31:39', 'DP02072022000657'),
('HD18052023000658', '11:14:19', '03:16:55', 'DP18052023000658'),
('HD24092021000659', '10:35:05', '09:55:04', 'DP24092021000659'),
('HD18122023000660', '22:15:54', '15:57:14', 'DP18122023000660'),
('HD20032020000661', '05:00:29', '15:43:39', 'DP20032020000661'),
('HD07052023000662', '16:01:23', '02:07:28', 'DP07052023000662'),
('HD08052021000663', '15:46:30', '12:44:22', 'DP08052021000663'),
('HD10082020000664', '04:08:33', '03:18:20', 'DP10082020000664'),
('HD02092021000665', '04:07:30', '12:02:12', 'DP02092021000665'),
('HD13082020000666', '05:19:49', '05:41:47', 'DP13082020000666'),
('HD08022023000667', '15:30:08', '23:39:44', 'DP08022023000667'),
('HD16062020000668', '22:04:33', '05:43:07', 'DP16062020000668'),
('HD17092020000669', '14:32:48', '16:51:25', 'DP17092020000669'),
('HD18052021000670', '06:19:32', '02:33:16', 'DP18052021000670'),
('HD19022020000671', '19:25:18', '14:27:04', 'DP19022020000671'),
('HD05052021000672', '04:56:11', '09:54:00', 'DP05052021000672'),
('HD25082021000673', '20:34:26', '09:46:21', 'DP25082021000673'),
('HD03032020000674', '14:29:33', '18:12:36', 'DP03032020000674'),
('HD19032023000675', '13:37:22', '18:07:21', 'DP19032023000675'),
('HD12082022000676', '06:52:32', '17:38:32', 'DP12082022000676'),
('HD12032022000677', '11:39:12', '02:15:56', 'DP12032022000677'),
('HD14062023000678', '03:30:40', '14:42:38', 'DP14062023000678'),
('HD18112020000679', '17:48:24', '10:25:31', 'DP18112020000679'),
('HD02032021000680', '23:35:10', '09:57:31', 'DP02032021000680'),
('HD03072020000681', '10:25:56', '08:30:16', 'DP03072020000681'),
('HD24022022000682', '09:38:03', '11:20:34', 'DP24022022000682'),
('HD23052021000683', '11:30:42', '09:18:04', 'DP23052021000683'),
('HD13122022000684', '15:06:06', '09:20:56', 'DP13122022000684'),
('HD19122022000685', '09:08:32', '14:13:48', 'DP19122022000685'),
('HD05042020000686', '02:15:56', '01:53:06', 'DP05042020000686'),
('HD02062023000687', '06:45:35', '16:40:51', 'DP02062023000687'),
('HD04072022000688', '11:23:24', '14:02:46', 'DP04072022000688'),
('HD09092021000689', '22:49:18', '00:38:00', 'DP09092021000689'),
('HD05082020000690', '22:57:24', '09:21:59', 'DP05082020000690'),
('HD17082023000691', '23:16:19', '05:10:02', 'DP17082023000691'),
('HD13062020000692', '22:38:32', '00:56:45', 'DP13062020000692'),
('HD01012023000693', '16:38:28', '08:46:00', 'DP01012023000693'),
('HD10032021000694', '04:43:22', '09:08:28', 'DP10032021000694'),
('HD16092021000695', '08:30:32', '17:27:26', 'DP16092021000695'),
('HD05122023000696', '08:01:39', '09:28:57', 'DP05122023000696'),
('HD12022022000697', '02:33:00', '00:16:13', 'DP12022022000697'),
('HD05092023000698', '10:15:15', '03:20:22', 'DP05092023000698'),
('HD10022023000699', '19:27:24', '23:22:15', 'DP10022023000699'),
('HD04042023000700', '17:50:06', '04:09:25', 'DP04042023000700'),
('HD03112021000701', '09:49:15', '21:40:20', 'DP03112021000701'),
('HD08062021000702', '09:10:50', '10:28:46', 'DP08062021000702'),
('HD25092021000703', '22:53:43', '21:30:59', 'DP25092021000703'),
('HD05032021000704', '07:34:35', '05:08:52', 'DP05032021000704'),
('HD04042022000705', '06:49:34', '01:49:31', 'DP04042022000705'),
('HD15012021000706', '04:50:42', '09:54:01', 'DP15012021000706'),
('HD25012021000707', '05:53:34', '19:24:19', 'DP25012021000707'),
('HD07052023000708', '19:45:50', '22:37:40', 'DP07052023000708'),
('HD01072020000709', '01:58:32', '02:05:31', 'DP01072020000709'),
('HD16112022000710', '05:24:59', '00:04:46', 'DP16112022000710'),
('HD12092020000711', '03:13:53', '10:17:19', 'DP12092020000711'),
('HD03052021000712', '13:53:28', '03:26:50', 'DP03052021000712'),
('HD02052021000713', '18:22:21', '00:02:17', 'DP02052021000713'),
('HD15032022000714', '09:54:47', '00:58:24', 'DP15032022000714'),
('HD22082022000715', '01:05:23', '06:13:35', 'DP22082022000715'),
('HD15032022000716', '12:35:54', '06:43:21', 'DP15032022000716'),
('HD15062023000717', '04:18:28', '22:08:53', 'DP15062023000717'),
('HD23082021000718', '19:11:51', '13:37:46', 'DP23082021000718'),
('HD09022023000719', '04:46:51', '00:01:13', 'DP09022023000719'),
('HD20052020000720', '00:39:59', '01:50:40', 'DP20052020000720'),
('HD15032021000721', '07:30:09', '04:48:26', 'DP15032021000721'),
('HD25112020000722', '01:21:13', '17:22:37', 'DP25112020000722'),
('HD11012022000723', '01:05:36', '19:32:50', 'DP11012022000723'),
('HD02092021000724', '21:12:48', '15:40:26', 'DP02092021000724'),
('HD24042023000725', '22:29:54', '12:38:08', 'DP24042023000725'),
('HD19062022000726', '03:27:03', '20:09:16', 'DP19062022000726'),
('HD11072021000727', '23:02:24', '08:58:39', 'DP11072021000727'),
('HD20082021000728', '01:58:11', '19:50:33', 'DP20082021000728'),
('HD10092021000729', '14:30:06', '04:03:44', 'DP10092021000729'),
('HD04022023000730', '21:46:24', '18:01:25', 'DP04022023000730'),
('HD20082023000731', '09:55:19', '01:05:53', 'DP20082023000731'),
('HD04072021000732', '18:07:50', '12:34:34', 'DP04072021000732'),
('HD11042023000733', '07:27:36', '20:55:18', 'DP11042023000733'),
('HD08082023000734', '15:48:12', '17:24:53', 'DP08082023000734'),
('HD16022023000735', '16:28:51', '13:22:31', 'DP16022023000735'),
('HD08092023000736', '00:33:35', '12:45:08', 'DP08092023000736'),
('HD12052023000737', '06:50:54', '04:22:31', 'DP12052023000737'),
('HD18072020000738', '05:48:04', '05:29:33', 'DP18072020000738'),
('HD20112022000739', '16:34:00', '21:54:14', 'DP20112022000739'),
('HD18122021000740', '17:29:19', '03:10:08', 'DP18122021000740'),
('HD05092021000741', '23:12:11', '09:53:29', 'DP05092021000741'),
('HD17082022000742', '18:06:57', '10:14:55', 'DP17082022000742'),
('HD02092021000743', '02:34:12', '20:45:05', 'DP02092021000743'),
('HD02122020000744', '21:06:02', '05:25:39', 'DP02122020000744'),
('HD25112022000745', '04:44:10', '20:19:12', 'DP25112022000745'),
('HD18062023000746', '11:07:08', '06:25:25', 'DP18062023000746'),
('HD21112022000747', '19:39:42', '14:51:34', 'DP21112022000747'),
('HD05062021000748', '15:06:15', '05:34:13', 'DP05062021000748'),
('HD16042022000749', '18:11:08', '18:27:28', 'DP16042022000749'),
('HD09042023000750', '21:09:12', '05:42:54', 'DP09042023000750'),
('HD13052021000751', '07:37:03', '09:55:07', 'DP13052021000751'),
('HD25082023000752', '18:40:05', '12:32:59', 'DP25082023000752'),
('HD06042021000753', '17:13:33', '09:40:47', 'DP06042021000753'),
('HD22072023000754', '10:02:08', '14:31:40', 'DP22072023000754'),
('HD25092021000755', '18:54:35', '03:03:14', 'DP25092021000755'),
('HD12102020000756', '21:52:16', '10:00:25', 'DP12102020000756'),
('HD14052023000757', '20:38:27', '12:48:58', 'DP14052023000757'),
('HD24032020000758', '17:34:47', '07:57:42', 'DP24032020000758'),
('HD22062021000759', '18:38:13', '11:46:18', 'DP22062021000759'),
('HD22052020000760', '01:00:35', '17:08:09', 'DP22052020000760'),
('HD15092021000761', '01:24:18', '01:21:36', 'DP15092021000761'),
('HD03092023000762', '03:43:47', '13:23:05', 'DP03092023000762'),
('HD01072020000763', '04:37:27', '05:36:41', 'DP01072020000763'),
('HD11122022000764', '09:01:52', '14:26:36', 'DP11122022000764'),
('HD03122023000765', '13:21:18', '16:38:18', 'DP03122023000765'),
('HD22102020000766', '05:32:13', '19:12:23', 'DP22102020000766'),
('HD08082021000767', '07:14:35', '05:17:17', 'DP08082021000767'),
('HD10052021000768', '16:59:46', '03:46:32', 'DP10052021000768'),
('HD13122022000769', '02:20:11', '07:10:30', 'DP13122022000769'),
('HD15122023000770', '12:24:27', '09:16:56', 'DP15122023000770'),
('HD02072022000771', '14:32:23', '17:41:52', 'DP02072022000771'),
('HD19042020000772', '07:59:01', '11:27:48', 'DP19042020000772'),
('HD10092020000773', '09:37:34', '19:12:45', 'DP10092020000773'),
('HD13112022000774', '17:18:22', '17:47:04', 'DP13112022000774'),
('HD20072022000775', '17:42:53', '02:53:47', 'DP20072022000775'),
('HD17122023000776', '07:37:20', '19:24:07', 'DP17122023000776'),
('HD05032021000777', '12:21:01', '14:56:58', 'DP05032021000777'),
('HD13042021000778', '10:18:46', '03:40:32', 'DP13042021000778'),
('HD20022022000779', '23:30:14', '14:37:55', 'DP20022022000779'),
('HD03012021000780', '13:30:44', '16:16:57', 'DP03012021000780'),
('HD09092020000781', '09:47:21', '13:53:15', 'DP09092020000781'),
('HD15082020000782', '11:49:01', '12:46:00', 'DP15082020000782'),
('HD16092022000783', '15:59:17', '17:51:57', 'DP16092022000783'),
('HD02112023000784', '22:22:29', '22:44:56', 'DP02112023000784'),
('HD02032021000785', '06:08:30', '07:21:54', 'DP02032021000785'),
('HD05102021000786', '20:35:09', '03:44:20', 'DP05102021000786'),
('HD22112021000787', '15:40:41', '04:12:37', 'DP22112021000787'),
('HD04072020000788', '01:03:55', '15:30:37', 'DP04072020000788'),
('HD04082020000789', '04:16:31', '09:10:35', 'DP04082020000789'),
('HD02032022000790', '09:08:21', '19:52:33', 'DP02032022000790'),
('HD10032020000791', '00:46:09', '21:46:05', 'DP10032020000791'),
('HD21122020000792', '22:57:26', '05:31:40', 'DP21122020000792'),
('HD20062020000793', '18:38:55', '14:40:14', 'DP20062020000793'),
('HD14122020000794', '08:17:12', '08:33:40', 'DP14122020000794'),
('HD26022023000795', '23:35:14', '16:14:37', 'DP26022023000795'),
('HD03022023000796', '11:10:14', '14:39:46', 'DP03022023000796'),
('HD22122021000797', '05:17:41', '13:22:40', 'DP22122021000797'),
('HD26092020000798', '10:40:03', '09:55:48', 'DP26092020000798'),
('HD05122020000799', '10:31:55', '04:23:56', 'DP05122020000799'),
('HD25072022000800', '17:04:12', '23:46:46', 'DP25072022000800'),
('HD21092023000801', '12:58:35', '19:59:20', 'DP21092023000801'),
('HD10062023000802', '01:50:22', '15:44:38', 'DP10062023000802'),
('HD01062020000803', '14:20:30', '17:42:29', 'DP01062020000803'),
('HD12092021000804', '21:22:21', '17:05:29', 'DP12092021000804'),
('HD16042020000805', '08:10:58', '05:22:15', 'DP16042020000805'),
('HD25112020000806', '19:35:45', '03:41:16', 'DP25112020000806'),
('HD24112021000807', '08:26:35', '17:21:20', 'DP24112021000807'),
('HD24082023000808', '01:02:15', '15:30:15', 'DP24082023000808'),
('HD08062022000809', '17:39:08', '11:10:24', 'DP08062022000809'),
('HD12062022000810', '08:11:44', '04:35:45', 'DP12062022000810'),
('HD13022023000811', '03:15:48', '07:00:02', 'DP13022023000811'),
('HD21112021000812', '01:03:26', '23:53:31', 'DP21112021000812'),
('HD15062021000813', '17:56:36', '03:47:20', 'DP15062021000813'),
('HD16122021000814', '18:28:44', '06:18:09', 'DP16122021000814'),
('HD11012021000815', '10:07:50', '14:03:18', 'DP11012021000815'),
('HD22112021000816', '18:07:52', '09:12:58', 'DP22112021000816'),
('HD21062021000817', '05:13:19', '14:07:02', 'DP21062021000817'),
('HD22102023000818', '08:13:15', '12:36:27', 'DP22102023000818'),
('HD01082021000819', '11:55:48', '18:27:23', 'DP01082021000819'),
('HD01122020000820', '04:46:29', '03:05:51', 'DP01122020000820'),
('HD08032021000821', '19:58:34', '18:45:07', 'DP08032021000821'),
('HD20032020000822', '08:09:08', '22:19:46', 'DP20032020000822'),
('HD08012020000823', '18:58:42', '05:11:04', 'DP08012020000823'),
('HD12082020000824', '12:15:55', '13:51:43', 'DP12082020000824'),
('HD26072023000825', '07:00:54', '00:49:10', 'DP26072023000825'),
('HD21022021000826', '16:03:03', '00:39:18', 'DP21022021000826'),
('HD20072023000827', '15:31:33', '01:29:40', 'DP20072023000827'),
('HD09042023000828', '15:55:51', '07:14:23', 'DP09042023000828'),
('HD12012021000829', '18:12:22', '09:58:47', 'DP12012021000829'),
('HD25022023000830', '14:06:14', '23:19:26', 'DP25022023000830'),
('HD04082023000831', '15:47:55', '17:55:49', 'DP04082023000831'),
('HD03122021000832', '23:42:36', '18:48:10', 'DP03122021000832'),
('HD23052022000833', '14:29:37', '10:13:23', 'DP23052022000833'),
('HD04012022000834', '15:44:38', '21:23:29', 'DP04012022000834'),
('HD24062023000835', '08:44:29', '01:53:11', 'DP24062023000835'),
('HD18122023000836', '01:14:00', '20:04:33', 'DP18122023000836'),
('HD10022020000837', '01:06:27', '07:57:31', 'DP10022020000837'),
('HD18052022000838', '01:33:50', '13:32:00', 'DP18052022000838'),
('HD22102020000839', '04:39:07', '05:47:26', 'DP22102020000839'),
('HD03112021000840', '18:06:52', '06:51:16', 'DP03112021000840'),
('HD03042022000841', '19:33:51', '12:09:05', 'DP03042022000841'),
('HD17062021000842', '18:05:30', '17:20:06', 'DP17062021000842'),
('HD12112020000843', '19:05:37', '05:44:28', 'DP12112020000843'),
('HD04042023000844', '10:44:56', '22:06:22', 'DP04042023000844'),
('HD16052021000845', '11:22:40', '03:15:56', 'DP16052021000845'),
('HD04072023000846', '20:32:44', '04:32:08', 'DP04072023000846'),
('HD10032020000847', '11:03:51', '08:05:30', 'DP10032020000847'),
('HD18042020000848', '11:00:43', '09:04:39', 'DP18042020000848'),
('HD09082023000849', '11:52:17', '18:18:18', 'DP09082023000849'),
('HD19092023000850', '00:39:31', '21:59:00', 'DP19092023000850'),
('HD10072022000851', '09:19:43', '16:49:56', 'DP10072022000851'),
('HD15082023000852', '20:31:32', '22:46:42', 'DP15082023000852'),
('HD23042021000853', '18:32:30', '10:56:07', 'DP23042021000853'),
('HD03092022000854', '14:33:12', '21:36:54', 'DP03092022000854'),
('HD20062021000855', '21:05:47', '08:33:14', 'DP20062021000855'),
('HD14052020000856', '01:16:41', '06:55:06', 'DP14052020000856'),
('HD17122020000857', '19:21:15', '10:10:51', 'DP17122020000857'),
('HD07042020000858', '12:08:15', '04:23:00', 'DP07042020000858'),
('HD11092020000859', '09:04:11', '22:34:42', 'DP11092020000859'),
('HD13102022000860', '19:41:45', '12:37:25', 'DP13102022000860'),
('HD14112022000861', '21:44:12', '16:54:52', 'DP14112022000861'),
('HD05082022000862', '09:19:23', '15:10:25', 'DP05082022000862'),
('HD23082023000863', '00:32:03', '01:18:25', 'DP23082023000863'),
('HD08082022000864', '05:37:20', '03:12:24', 'DP08082022000864'),
('HD13012021000865', '08:50:02', '07:08:56', 'DP13012021000865'),
('HD19012022000866', '10:15:16', '19:10:54', 'DP19012022000866'),
('HD20092021000867', '13:11:18', '03:13:07', 'DP20092021000867'),
('HD23062022000868', '08:09:02', '19:18:08', 'DP23062022000868'),
('HD19062020000869', '05:38:19', '14:56:00', 'DP19062020000869'),
('HD04052020000870', '23:18:08', '08:33:12', 'DP04052020000870'),
('HD21032021000871', '15:00:47', '04:59:45', 'DP21032021000871'),
('HD17012020000872', '08:12:37', '20:25:07', 'DP17012020000872'),
('HD02072021000873', '18:28:25', '01:16:24', 'DP02072021000873'),
('HD01102022000874', '18:27:32', '18:28:37', 'DP01102022000874'),
('HD08082022000875', '09:38:41', '01:46:40', 'DP08082022000875'),
('HD20102020000876', '11:52:44', '06:45:59', 'DP20102020000876'),
('HD09022023000877', '14:39:15', '00:00:54', 'DP09022023000877'),
('HD14122021000878', '11:34:30', '22:50:05', 'DP14122021000878'),
('HD16012023000879', '07:34:00', '02:45:31', 'DP16012023000879'),
('HD04042020000880', '15:22:07', '21:28:40', 'DP04042020000880'),
('HD22042021000881', '22:24:49', '17:05:33', 'DP22042021000881'),
('HD05102023000882', '20:04:26', '06:22:12', 'DP05102023000882'),
('HD11032020000883', '16:47:28', '15:17:44', 'DP11032020000883'),
('HD11112023000884', '22:41:59', '08:10:38', 'DP11112023000884'),
('HD12072020000885', '03:32:59', '10:17:41', 'DP12072020000885'),
('HD02112023000886', '23:27:38', '00:04:44', 'DP02112023000886'),
('HD13032020000887', '01:18:49', '01:04:22', 'DP13032020000887'),
('HD14042023000888', '17:49:10', '10:41:25', 'DP14042023000888'),
('HD12082021000889', '23:12:25', '20:15:15', 'DP12082021000889'),
('HD19062020000890', '11:45:03', '04:00:57', 'DP19062020000890'),
('HD13042022000891', '13:11:04', '12:51:39', 'DP13042022000891'),
('HD23012021000892', '03:36:31', '22:43:29', 'DP23012021000892'),
('HD02092022000893', '10:03:33', '08:17:03', 'DP02092022000893'),
('HD24122023000894', '13:39:45', '17:18:31', 'DP24122023000894'),
('HD24062022000895', '23:42:58', '05:41:36', 'DP24062022000895'),
('HD23072022000896', '12:44:45', '09:11:50', 'DP23072022000896'),
('HD09112021000897', '16:43:24', '20:42:43', 'DP09112021000897'),
('HD06082020000898', '20:23:58', '11:34:02', 'DP06082020000898'),
('HD14122021000899', '04:48:33', '06:29:06', 'DP14122021000899'),
('HD23032020000900', '02:12:36', '03:34:46', 'DP23032020000900'),
('HD06012021000901', '14:07:06', '05:42:08', 'DP06012021000901'),
('HD16042021000902', '08:44:06', '11:49:10', 'DP16042021000902'),
('HD23112020000903', '14:23:52', '08:03:18', 'DP23112020000903'),
('HD26112021000904', '07:33:17', '23:44:07', 'DP26112021000904'),
('HD08052020000905', '02:35:53', '19:10:21', 'DP08052020000905'),
('HD03092022000906', '15:37:16', '08:19:53', 'DP03092022000906'),
('HD01012021000907', '10:38:41', '14:11:38', 'DP01012021000907'),
('HD26092022000908', '21:04:32', '15:23:56', 'DP26092022000908'),
('HD13022023000909', '22:07:02', '16:08:45', 'DP13022023000909'),
('HD04102021000910', '20:07:17', '22:52:14', 'DP04102021000910'),
('HD22052021000911', '16:32:46', '05:46:59', 'DP22052021000911'),
('HD25102023000912', '18:40:09', '20:16:34', 'DP25102023000912'),
('HD13032023000913', '01:50:37', '17:22:14', 'DP13032023000913'),
('HD03122021000914', '02:22:14', '11:19:15', 'DP03122021000914'),
('HD24032023000915', '21:54:35', '02:51:02', 'DP24032023000915'),
('HD24042021000916', '18:10:37', '22:22:07', 'DP24042021000916'),
('HD04092022000917', '16:00:42', '11:32:25', 'DP04092022000917'),
('HD02032023000918', '03:04:54', '23:15:13', 'DP02032023000918'),
('HD21102021000919', '14:10:02', '16:29:53', 'DP21102021000919'),
('HD05072022000920', '16:33:28', '20:38:43', 'DP05072022000920'),
('HD24102021000921', '14:38:17', '08:36:00', 'DP24102021000921'),
('HD01082020000922', '03:51:36', '12:15:32', 'DP01082020000922'),
('HD04032023000923', '21:30:09', '10:48:47', 'DP04032023000923'),
('HD06102022000924', '01:05:41', '03:23:50', 'DP06102022000924'),
('HD05042020000925', '12:51:55', '11:59:55', 'DP05042020000925'),
('HD20062021000926', '21:16:22', '17:24:33', 'DP20062021000926'),
('HD05072021000927', '10:06:28', '06:16:11', 'DP05072021000927'),
('HD05112023000928', '14:19:24', '06:45:32', 'DP05112023000928'),
('HD02122020000929', '15:30:15', '14:59:07', 'DP02122020000929'),
('HD07102021000930', '01:58:49', '16:09:22', 'DP07102021000930'),
('HD03042021000931', '05:00:40', '14:20:00', 'DP03042021000931'),
('HD01122020000932', '14:30:55', '21:14:34', 'DP01122020000932'),
('HD04112022000933', '02:11:55', '15:53:59', 'DP04112022000933'),
('HD19122021000934', '12:13:36', '04:57:49', 'DP19122021000934'),
('HD11012022000935', '13:24:36', '08:08:32', 'DP11012022000935'),
('HD11102023000936', '00:43:37', '00:58:10', 'DP11102023000936'),
('HD11082021000937', '14:39:04', '21:35:44', 'DP11082021000937'),
('HD26032023000938', '07:26:39', '06:40:13', 'DP26032023000938'),
('HD03092021000939', '07:54:51', '03:49:16', 'DP03092021000939'),
('HD10052020000940', '22:28:59', '01:03:09', 'DP10052020000940'),
('HD08082023000941', '21:13:28', '22:18:18', 'DP08082023000941'),
('HD21022020000942', '07:39:23', '01:36:29', 'DP21022020000942'),
('HD06092023000943', '11:53:31', '05:09:54', 'DP06092023000943'),
('HD13022023000944', '08:22:28', '22:55:03', 'DP13022023000944'),
('HD23032020000945', '02:33:17', '09:46:23', 'DP23032020000945'),
('HD18052020000946', '09:48:03', '17:21:31', 'DP18052020000946'),
('HD06012023000947', '12:53:19', '04:33:53', 'DP06012023000947'),
('HD13012022000948', '07:23:09', '14:08:44', 'DP13012022000948'),
('HD10052022000949', '07:08:44', '20:58:28', 'DP10052022000949'),
('HD12122022000950', '23:29:49', '03:56:35', 'DP12122022000950'),
('HD06102022000951', '22:48:15', '04:35:51', 'DP06102022000951'),
('HD15092023000952', '10:41:32', '15:33:32', 'DP15092023000952'),
('HD07062023000953', '20:58:13', '20:24:38', 'DP07062023000953'),
('HD09022020000954', '20:48:34', '02:54:58', 'DP09022020000954'),
('HD04042023000955', '10:43:52', '13:18:57', 'DP04042023000955'),
('HD02092020000956', '22:48:12', '21:21:28', 'DP02092020000956'),
('HD14012023000957', '10:58:17', '04:34:21', 'DP14012023000957'),
('HD01052022000958', '23:00:16', '01:02:53', 'DP01052022000958'),
('HD11062023000959', '15:04:59', '18:42:44', 'DP11062023000959'),
('HD19072020000960', '06:33:21', '21:21:16', 'DP19072020000960'),
('HD19042023000961', '20:34:00', '12:44:55', 'DP19042023000961'),
('HD16032021000962', '04:51:44', '18:24:55', 'DP16032021000962'),
('HD08042021000963', '13:03:46', '04:59:36', 'DP08042021000963'),
('HD13092022000964', '23:01:43', '05:53:07', 'DP13092022000964'),
('HD06062021000965', '02:25:20', '04:42:03', 'DP06062021000965'),
('HD04112020000966', '20:32:37', '00:04:55', 'DP04112020000966'),
('HD13092021000967', '21:56:36', '06:18:48', 'DP13092021000967'),
('HD08022022000968', '12:47:22', '02:52:05', 'DP08022022000968'),
('HD16102020000969', '05:49:42', '14:16:11', 'DP16102020000969'),
('HD23032021000970', '17:51:27', '04:52:35', 'DP23032021000970'),
('HD21032021000971', '18:54:56', '04:10:25', 'DP21032021000971'),
('HD15032020000972', '03:56:16', '07:32:28', 'DP15032020000972'),
('HD15072023000973', '06:29:55', '01:23:30', 'DP15072023000973'),
('HD09022020000974', '11:12:51', '18:34:06', 'DP09022020000974'),
('HD16052023000975', '20:21:59', '07:52:56', 'DP16052023000975'),
('HD23092022000976', '19:13:18', '12:44:41', 'DP23092022000976'),
('HD07022020000977', '13:05:16', '11:46:26', 'DP07022020000977'),
('HD24102021000978', '04:09:55', '17:13:25', 'DP24102021000978'),
('HD16012023000979', '15:23:41', '14:49:33', 'DP16012023000979'),
('HD13092022000980', '01:26:09', '09:01:40', 'DP13092022000980'),
('HD03062021000981', '23:32:24', '03:29:55', 'DP03062021000981'),
('HD26072022000982', '06:03:21', '02:38:59', 'DP26072022000982'),
('HD03102021000983', '11:22:34', '03:48:14', 'DP03102021000983'),
('HD14022021000984', '15:16:07', '15:54:00', 'DP14022021000984'),
('HD17102021000985', '04:11:15', '02:03:52', 'DP17102021000985'),
('HD13062021000986', '07:19:08', '08:34:19', 'DP13062021000986'),
('HD12042022000987', '07:12:21', '12:30:41', 'DP12042022000987'),
('HD25082022000988', '21:54:05', '03:59:34', 'DP25082022000988'),
('HD16042023000989', '22:14:10', '08:18:57', 'DP16042023000989'),
('HD21092023000990', '13:23:15', '07:21:04', 'DP21092023000990'),
('HD12122022000991', '23:23:34', '23:10:23', 'DP12122022000991'),
('HD15082022000992', '17:49:21', '17:05:47', 'DP15082022000992'),
('HD02012022000993', '23:37:19', '00:26:47', 'DP02012022000993'),
('HD10092022000994', '07:23:41', '14:31:20', 'DP10092022000994'),
('HD17112022000995', '09:59:58', '15:15:44', 'DP17112022000995'),
('HD23032022000996', '23:34:57', '09:14:33', 'DP23032022000996'),
('HD26012022000997', '01:34:12', '10:04:03', 'DP26012022000997'),
('HD05022022000998', '00:22:41', '13:40:42', 'DP05022022000998'),
('HD17042021000999', '14:48:38', '05:32:17', 'DP17042021000999'),
('HD06102020001000', '14:36:16', '07:57:09', 'DP06102020001000'),
('HD08072020001001', '07:11:43', '14:26:27', 'DP08072020001001'),
('HD16102020001002', '01:15:05', '04:26:40', 'DP16102020001002'),
('HD09102020001003', '14:42:58', '05:15:10', 'DP09102020001003'),
('HD03112023001004', '07:35:51', '19:41:31', 'DP03112023001004'),
('HD08122020001005', '13:27:58', '17:17:37', 'DP08122020001005'),
('HD11052021001006', '05:40:14', '18:20:16', 'DP11052021001006'),
('HD16102020001007', '19:39:32', '20:33:06', 'DP16102020001007'),
('HD24082022001008', '09:41:36', '14:13:22', 'DP24082022001008'),
('HD01102023001009', '05:37:43', '01:54:21', 'DP01102023001009'),
('HD03082022001010', '22:48:10', '14:28:24', 'DP03082022001010'),
('HD02092022001011', '05:21:20', '19:17:35', 'DP02092022001011'),
('HD26032022001012', '15:36:45', '04:19:02', 'DP26032022001012'),
('HD24062022001013', '10:55:04', '21:48:47', 'DP24062022001013'),
('HD08022021001014', '14:57:59', '21:01:16', 'DP08022021001014'),
('HD10092023001015', '10:47:18', '05:14:20', 'DP10092023001015'),
('HD11052023001016', '09:43:31', '00:04:37', 'DP11052023001016'),
('HD18082021001017', '09:18:34', '23:49:13', 'DP18082021001017'),
('HD02052021001018', '02:18:37', '11:03:37', 'DP02052021001018'),
('HD03092023001019', '18:40:33', '03:42:42', 'DP03092023001019'),
('HD01082023001020', '02:45:32', '12:59:04', 'DP01082023001020'),
('HD14122020001021', '07:39:02', '09:35:03', 'DP14122020001021'),
('HD15102021001022', '04:42:22', '16:53:10', 'DP15102021001022'),
('HD24122020001023', '02:36:07', '14:07:00', 'DP24122020001023'),
('HD13062022001024', '03:55:13', '08:58:16', 'DP13062022001024'),
('HD08102020001025', '01:10:51', '23:29:27', 'DP08102020001025'),
('HD23102022001026', '15:20:43', '08:08:47', 'DP23102022001026'),
('HD10112020001027', '09:51:05', '08:20:45', 'DP10112020001027'),
('HD10012021001028', '16:40:56', '07:50:41', 'DP10012021001028'),
('HD04052020001029', '08:46:54', '07:58:56', 'DP04052020001029'),
('HD08032020001030', '14:11:09', '00:17:08', 'DP08032020001030'),
('HD10082020001031', '00:51:15', '02:59:58', 'DP10082020001031'),
('HD15112022001032', '16:23:30', '07:22:44', 'DP15112022001032'),
('HD08012021001033', '07:23:27', '12:11:55', 'DP08012021001033'),
('HD16042023001034', '16:14:43', '10:46:06', 'DP16042023001034'),
('HD06122023001035', '23:50:19', '03:53:12', 'DP06122023001035'),
('HD03032021001036', '21:35:17', '17:39:01', 'DP03032021001036'),
('HD04062022001037', '18:27:58', '19:23:15', 'DP04062022001037'),
('HD25112022001038', '16:52:16', '08:09:26', 'DP25112022001038'),
('HD08092020001039', '20:21:03', '17:46:08', 'DP08092020001039'),
('HD04062022001040', '05:39:20', '17:10:37', 'DP04062022001040'),
('HD15112021001041', '11:59:52', '18:12:12', 'DP15112021001041'),
('HD02012020001042', '12:51:01', '22:59:50', 'DP02012020001042'),
('HD23122021001043', '18:36:46', '05:01:25', 'DP23122021001043'),
('HD01082020001044', '15:06:08', '15:56:46', 'DP01082020001044'),
('HD18032021001045', '15:07:41', '23:51:43', 'DP18032021001045'),
('HD07082022001046', '16:49:04', '06:54:54', 'DP07082022001046'),
('HD06072022001047', '23:51:35', '03:00:59', 'DP06072022001047'),
('HD17072023001048', '04:56:10', '10:45:34', 'DP17072023001048'),
('HD11082020001049', '03:05:47', '05:47:40', 'DP11082020001049'),
('HD06012023001050', '22:50:08', '11:00:31', 'DP06012023001050'),
('HD03122020001051', '03:13:31', '05:59:23', 'DP03122020001051'),
('HD04102021001052', '16:21:03', '11:29:53', 'DP04102021001052'),
('HD12012022001053', '16:52:30', '05:25:58', 'DP12012022001053'),
('HD22092021001054', '23:02:53', '04:09:59', 'DP22092021001054'),
('HD17062020001055', '11:47:33', '12:22:18', 'DP17062020001055'),
('HD17052023001056', '15:12:18', '03:47:47', 'DP17052023001056'),
('HD11092020001057', '09:35:55', '13:44:45', 'DP11092020001057'),
('HD08082023001058', '20:16:28', '11:25:15', 'DP08082023001058'),
('HD12012021001059', '23:27:14', '07:06:08', 'DP12012021001059'),
('HD10042023001060', '06:03:02', '05:54:01', 'DP10042023001060'),
('HD04092020001061', '03:40:28', '21:55:18', 'DP04092020001061'),
('HD01042021001062', '23:44:45', '03:22:22', 'DP01042021001062'),
('HD04032022001063', '17:33:18', '17:34:18', 'DP04032022001063'),
('HD02042021001064', '06:27:16', '18:42:35', 'DP02042021001064'),
('HD22102020001065', '23:49:31', '04:29:20', 'DP22102020001065'),
('HD08022020001066', '15:08:20', '02:44:40', 'DP08022020001066'),
('HD17052022001067', '21:19:45', '19:07:29', 'DP17052022001067'),
('HD17012020001068', '06:54:12', '08:10:26', 'DP17012020001068'),
('HD22112021001069', '06:14:00', '03:31:52', 'DP22112021001069'),
('HD23032022001070', '07:53:23', '20:46:15', 'DP23032022001070'),
('HD25052021001071', '22:13:14', '19:22:36', 'DP25052021001071'),
('HD07072020001072', '23:34:44', '13:15:16', 'DP07072020001072'),
('HD06042020001073', '03:01:56', '06:58:07', 'DP06042020001073'),
('HD03102022001074', '21:45:01', '14:29:16', 'DP03102022001074'),
('HD03122023001075', '01:38:22', '16:54:24', 'DP03122023001075'),
('HD26082020001076', '11:45:03', '21:11:02', 'DP26082020001076'),
('HD13072020001077', '07:19:44', '13:24:15', 'DP13072020001077'),
('HD04022021001078', '16:10:29', '07:23:02', 'DP04022021001078'),
('HD20052022001079', '02:43:20', '18:05:09', 'DP20052022001079'),
('HD15022022001080', '16:17:19', '03:23:10', 'DP15022022001080'),
('HD24112022001081', '15:53:15', '13:40:52', 'DP24112022001081'),
('HD16052021001082', '10:23:28', '11:47:07', 'DP16052021001082'),
('HD08012023001083', '18:51:58', '00:40:17', 'DP08012023001083'),
('HD15082020001084', '01:12:23', '06:41:49', 'DP15082020001084'),
('HD08042021001085', '18:17:38', '00:25:27', 'DP08042021001085'),
('HD04062023001086', '08:43:35', '09:04:31', 'DP04062023001086'),
('HD02062021001087', '18:07:26', '16:45:18', 'DP02062021001087'),
('HD26112023001088', '02:13:13', '22:05:06', 'DP26112023001088'),
('HD16052023001089', '18:33:11', '01:41:02', 'DP16052023001089'),
('HD08122023001090', '15:48:54', '08:43:46', 'DP08122023001090'),
('HD22012022001091', '09:46:03', '15:44:20', 'DP22012022001091'),
('HD11022022001092', '11:02:18', '09:08:10', 'DP11022022001092'),
('HD09012021001093', '11:48:06', '16:38:44', 'DP09012021001093'),
('HD12062023001094', '04:48:07', '02:01:56', 'DP12062023001094'),
('HD20092020001095', '07:31:44', '20:52:53', 'DP20092020001095'),
('HD10042021001096', '21:39:40', '07:06:50', 'DP10042021001096'),
('HD04082023001097', '11:26:08', '03:15:58', 'DP04082023001097'),
('HD21112023001098', '09:51:50', '20:24:57', 'DP21112023001098'),
('HD07112021001099', '15:43:42', '06:57:44', 'DP07112021001099'),
('HD12092022001100', '16:42:38', '00:45:31', 'DP12092022001100'),
('HD15042023001101', '13:59:50', '23:29:52', 'DP15042023001101'),
('HD03012022001102', '11:02:51', '23:04:43', 'DP03012022001102'),
('HD21062022001103', '19:15:45', '06:55:35', 'DP21062022001103'),
('HD07032020001104', '08:50:08', '06:39:41', 'DP07032020001104'),
('HD04122020001105', '19:14:11', '14:27:13', 'DP04122020001105'),
('HD09062023001106', '14:47:38', '21:57:17', 'DP09062023001106'),
('HD26012023001107', '22:26:33', '17:11:59', 'DP26012023001107'),
('HD22062020001108', '14:09:14', '20:18:45', 'DP22062020001108'),
('HD20082023001109', '05:04:17', '09:14:52', 'DP20082023001109'),
('HD08102022001110', '15:28:28', '00:24:42', 'DP08102022001110'),
('HD25122023001111', '20:07:42', '09:24:32', 'DP25122023001111'),
('HD14032021001112', '08:13:37', '09:21:42', 'DP14032021001112'),
('HD09032023001113', '01:34:58', '08:32:11', 'DP09032023001113'),
('HD02072020001114', '12:12:10', '20:14:22', 'DP02072020001114'),
('HD24012021001115', '13:46:48', '14:41:51', 'DP24012021001115'),
('HD14042021001116', '13:05:39', '08:52:11', 'DP14042021001116'),
('HD13012021001117', '02:05:26', '21:34:09', 'DP13012021001117'),
('HD03042020001118', '11:44:18', '02:19:42', 'DP03042020001118'),
('HD21062023001119', '14:26:38', '09:06:05', 'DP21062023001119'),
('HD07072020001120', '10:38:19', '05:41:46', 'DP07072020001120'),
('HD25062023001121', '03:45:01', '09:09:01', 'DP25062023001121'),
('HD09032023001122', '03:27:00', '11:56:45', 'DP09032023001122'),
('HD21122020001123', '04:31:00', '20:49:21', 'DP21122020001123'),
('HD04112022001124', '06:01:44', '11:00:13', 'DP04112022001124'),
('HD10022020001125', '09:23:04', '19:00:46', 'DP10022020001125'),
('HD09082022001126', '03:12:50', '01:49:10', 'DP09082022001126'),
('HD09102023001127', '21:03:42', '14:07:32', 'DP09102023001127'),
('HD21032023001128', '19:35:04', '16:49:40', 'DP21032023001128'),
('HD17042023001129', '21:34:06', '18:18:16', 'DP17042023001129'),
('HD25052020001130', '21:08:48', '10:05:31', 'DP25052020001130'),
('HD12112020001131', '19:40:11', '00:28:47', 'DP12112020001131'),
('HD22082020001132', '06:44:46', '18:56:33', 'DP22082020001132'),
('HD25022021001133', '04:19:51', '06:00:07', 'DP25022021001133'),
('HD03122023001134', '06:37:10', '01:34:25', 'DP03122023001134'),
('HD09032023001135', '17:38:56', '20:31:32', 'DP09032023001135'),
('HD18102022001136', '15:21:32', '13:28:53', 'DP18102022001136'),
('HD22082022001137', '11:42:03', '16:12:23', 'DP22082022001137'),
('HD25072022001138', '07:18:47', '23:01:01', 'DP25072022001138'),
('HD17032021001139', '21:42:40', '07:31:32', 'DP17032021001139'),
('HD12112022001140', '20:15:19', '21:37:52', 'DP12112022001140'),
('HD08012021001141', '12:23:15', '21:01:54', 'DP08012021001141'),
('HD23042020001142', '19:35:21', '17:57:12', 'DP23042020001142'),
('HD15102021001143', '03:02:06', '22:04:53', 'DP15102021001143'),
('HD13112023001144', '00:05:35', '08:33:49', 'DP13112023001144'),
('HD20122022001145', '17:50:48', '22:05:09', 'DP20122022001145'),
('HD15062022001146', '21:52:26', '10:10:01', 'DP15062022001146'),
('HD21122023001147', '08:21:25', '10:37:20', 'DP21122023001147'),
('HD11012021001148', '08:46:38', '10:12:38', 'DP11012021001148'),
('HD16052021001149', '14:36:49', '14:04:59', 'DP16052021001149'),
('HD09042022001150', '03:50:11', '03:53:56', 'DP09042022001150'),
('HD15042022001151', '00:23:37', '13:12:26', 'DP15042022001151'),
('HD11062021001152', '13:38:40', '16:19:47', 'DP11062021001152'),
('HD23052021001153', '08:22:51', '04:04:49', 'DP23052021001153'),
('HD20042023001154', '06:03:32', '23:34:27', 'DP20042023001154'),
('HD21042020001155', '00:55:28', '03:52:44', 'DP21042020001155'),
('HD18022020001156', '20:08:27', '16:44:12', 'DP18022020001156'),
('HD07032023001157', '22:01:38', '11:38:13', 'DP07032023001157'),
('HD21042022001158', '20:48:16', '23:44:14', 'DP21042022001158'),
('HD10122023001159', '10:25:40', '21:02:14', 'DP10122023001159'),
('HD08102021001160', '20:37:59', '11:08:17', 'DP08102021001160'),
('HD24052023001161', '23:48:27', '01:33:06', 'DP24052023001161'),
('HD10052023001162', '16:53:47', '04:55:58', 'DP10052023001162'),
('HD08022023001163', '21:43:15', '03:40:53', 'DP08022023001163'),
('HD14112020001164', '02:59:48', '13:46:10', 'DP14112020001164'),
('HD07092022001165', '05:41:37', '17:28:00', 'DP07092022001165'),
('HD25072020001166', '11:57:21', '14:15:27', 'DP25072020001166'),
('HD12052020001167', '02:53:56', '11:15:51', 'DP12052020001167'),
('HD17112023001168', '04:15:39', '07:39:01', 'DP17112023001168'),
('HD17072022001169', '16:40:15', '07:00:59', 'DP17072022001169'),
('HD04032021001170', '16:24:25', '14:08:25', 'DP04032021001170'),
('HD04012022001171', '14:27:49', '21:20:49', 'DP04012022001171'),
('HD09032022001172', '19:21:22', '00:36:57', 'DP09032022001172'),
('HD12062021001173', '09:22:52', '13:38:59', 'DP12062021001173'),
('HD06112020001174', '11:42:54', '08:56:30', 'DP06112020001174'),
('HD26102023001175', '20:43:44', '15:31:55', 'DP26102023001175'),
('HD17102020001176', '04:42:26', '06:11:39', 'DP17102020001176'),
('HD14112021001177', '06:01:19', '09:06:02', 'DP14112021001177'),
('HD13122022001178', '11:07:12', '00:23:36', 'DP13122022001178'),
('HD08042020001179', '01:41:16', '14:48:24', 'DP08042020001179'),
('HD10032021001180', '21:46:07', '03:34:55', 'DP10032021001180'),
('HD21042020001181', '13:45:53', '22:11:14', 'DP21042020001181'),
('HD15012022001182', '21:09:33', '07:22:38', 'DP15012022001182'),
('HD17012020001183', '06:15:13', '15:11:53', 'DP17012020001183'),
('HD13012023001184', '13:38:08', '05:57:03', 'DP13012023001184'),
('HD17112023001185', '07:10:43', '23:58:13', 'DP17112023001185'),
('HD12072023001186', '00:51:23', '16:59:01', 'DP12072023001186'),
('HD15112020001187', '03:14:08', '01:09:44', 'DP15112020001187'),
('HD26092021001188', '05:08:15', '14:02:52', 'DP26092021001188'),
('HD11072021001189', '23:38:17', '02:53:13', 'DP11072021001189'),
('HD24112021001190', '04:21:48', '02:31:36', 'DP24112021001190'),
('HD03032021001191', '12:04:18', '05:12:35', 'DP03032021001191'),
('HD16102021001192', '12:32:57', '01:17:59', 'DP16102021001192'),
('HD21122022001193', '04:03:55', '00:46:11', 'DP21122022001193'),
('HD02072023001194', '08:14:02', '04:26:22', 'DP02072023001194'),
('HD16062022001195', '10:21:24', '10:54:37', 'DP16062022001195'),
('HD14062021001196', '17:54:28', '14:14:48', 'DP14062021001196'),
('HD12062020001197', '17:49:04', '09:07:57', 'DP12062020001197'),
('HD26122023001198', '00:40:28', '08:15:08', 'DP26122023001198'),
('HD22092021001199', '05:37:00', '10:03:39', 'DP22092021001199'),
('HD20082023001200', '16:47:01', '04:23:10', 'DP20082023001200');


-- 16.5 Add booking
INSERT INTO `booking` (`BookingDate`, `GuestNum`, `CheckIn`, `CheckOut`, `Status`, `TotalPay`, `CustomerID`) VALUES
('2022-06-07 11:57:49', '2', '2022-06-08', '2022-06-09', '1', '0', 'KH000020'),
('2022-01-22 12:24:14', '2', '2022-01-23', '2022-01-24', '1', '0', 'KH000020'),
('2022-09-25 12:21:50', '2', '2022-09-26', '2022-09-27', '1', '0', 'KH000020'),
('2022-02-11 18:47:40', '2', '2022-02-12', '2022-02-13', '1', '0', 'KH000020'),
('2022-03-14 18:38:29', '2', '2022-03-15', '2022-03-16', '1', '0', 'KH000020'),
('2022-07-14 07:58:31', '4', '2022-07-15', '2022-07-16', '1', '0', 'KH000040'),
('2022-12-02 15:00:28', '4', '2022-12-03', '2022-12-04', '1', '0', 'KH000040'),
('2022-10-12 15:33:38', '4', '2022-10-13', '2022-10-14', '1', '0', 'KH000040'),
('2022-02-25 10:42:52', '4', '2022-02-26', '2022-02-27', '1', '0', 'KH000040'),
('2022-06-21 17:21:55', '4', '2022-06-22', '2022-06-23', '1', '0', 'KH000040'),
('2022-09-21 03:45:34', '6', '2022-09-22', '2022-09-23', '1', '0', 'KH000060'),
('2022-05-20 00:45:31', '6', '2022-05-21', '2022-05-22', '1', '0', 'KH000060'),
('2022-06-14 17:27:16', '6', '2022-06-15', '2022-06-16', '1', '0', 'KH000060'),
('2022-01-23 20:22:28', '6', '2022-01-24', '2022-01-25', '1', '0', 'KH000060'),
('2022-12-09 21:42:18', '6', '2022-12-10', '2022-12-11', '1', '0', 'KH000060'),
('2022-07-16 23:04:23', '8', '2022-07-17', '2022-07-18', '1', '0', 'KH000080'),
('2022-08-22 12:35:43', '8', '2022-08-23', '2022-08-24', '1', '0', 'KH000080'),
('2022-06-07 06:53:56', '8', '2022-06-08', '2022-06-09', '1', '0', 'KH000080'),
('2022-08-21 03:50:41', '8', '2022-08-22', '2022-08-23', '1', '0', 'KH000080'),
('2022-10-19 10:33:54', '8', '2022-10-20', '2022-10-21', '1', '0', 'KH000080');


-- 17.5 Add booking_room
INSERT INTO `booking_room` (`BookingID`, `BranchID`, `RoomNumber`) VALUES
('DP07062022001201', 'CN2', '116'),
('DP22012022001202', 'CN3', '103'),
('DP25092022001203', 'CN1', '115'),
('DP11022022001204', 'CN2', '104'),
('DP14032022001205', 'CN1', '102'),
('DP14072022001206', 'CN3', '110'),
('DP02122022001207', 'CN4', '104'),
('DP12102022001208', 'CN1', '104'),
('DP25022022001209', 'CN4', '101'),
('DP21062022001210', 'CN1', '111'),
('DP21092022001211', 'CN2', '116'),
('DP20052022001212', 'CN4', '111'),
('DP14062022001213', 'CN1', '105'),
('DP23012022001214', 'CN4', '115'),
('DP09122022001215', 'CN4', '105'),
('DP16072022001216', 'CN3', '113'),
('DP22082022001217', 'CN3', '106'),
('DP07062022001218', 'CN3', '108'),
('DP21082022001219', 'CN4', '101'),
('DP19102022001220', 'CN4', '110');
-- 18.5 Add booking_bill
INSERT INTO `booking_bill` (`BillID`, `CheckIn`, `CheckOut`, `BookingID`) VALUES
('HD07062022001201', '13:12:23', '20:58:11', 'DP07062022001201'),
('HD22012022001202', '17:42:10', '09:27:03', 'DP22012022001202'),
('HD25092022001203', '01:24:12', '15:49:28', 'DP25092022001203'),
('HD11022022001204', '04:18:14', '04:37:02', 'DP11022022001204'),
('HD14032022001205', '11:47:21', '15:04:09', 'DP14032022001205'),
('HD14072022001206', '08:39:30', '05:05:17', 'DP14072022001206'),
('HD02122022001207', '16:47:52', '07:21:47', 'DP02122022001207'),
('HD12102022001208', '17:23:32', '03:47:50', 'DP12102022001208'),
('HD25022022001209', '01:47:11', '21:41:25', 'DP25022022001209'),
('HD21062022001210', '17:26:40', '08:42:44', 'DP21062022001210'),
('HD21092022001211', '11:52:56', '08:01:23', 'DP21092022001211'),
('HD20052022001212', '15:54:00', '16:52:46', 'DP20052022001212'),
('HD14062022001213', '12:54:51', '20:29:40', 'DP14062022001213'),
('HD23012022001214', '00:43:52', '19:03:51', 'DP23012022001214'),
('HD09122022001215', '03:42:08', '19:57:23', 'DP09122022001215'),
('HD16072022001216', '23:58:13', '09:36:18', 'DP16072022001216'),
('HD22082022001217', '10:42:22', '08:15:36', 'DP22082022001217'),
('HD07062022001218', '11:05:40', '22:31:04', 'DP07062022001218'),
('HD21082022001219', '19:38:39', '01:19:28', 'DP21082022001219'),
('HD19102022001220', '01:03:18', '04:28:44', 'DP19102022001220');


-- 16.0 Add booking no pay
INSERT INTO `booking` (`BookingDate`, `GuestNum`, `CheckIn`, `CheckOut`, `Status`, `TotalPay`, `CustomerID`) VALUES
('2023-05-18 14:18:18', '5', '2023-05-19', '2023-05-20', '2', '5000', 'KH000001'),
('2023-10-17 19:41:38', '2', '2023-10-18', '2023-10-19', '3', '2000', 'KH000001'),
('2021-12-17 10:46:38', '7', '2021-12-18', '2021-12-19', '0', '7000', 'KH000001'),
('2021-08-26 08:06:06', '6', '2021-08-27', '2021-08-28', '2', '6000', 'KH000001'),
('2021-07-21 12:49:46', '8', '2021-07-22', '2021-07-23', '3', '8000', 'KH000001'),
('2021-06-05 03:38:50', '3', '2021-06-06', '2021-06-07', '2', '3000', 'KH000002'),
('2023-11-07 16:24:39', '3', '2023-11-08', '2023-11-09', '0', '3000', 'KH000002'),
('2022-06-18 12:56:30', '4', '2022-06-19', '2022-06-20', '0', '4000', 'KH000002'),
('2021-03-11 17:41:46', '7', '2021-03-12', '2021-03-13', '3', '7000', 'KH000002'),
('2023-06-04 22:47:46', '5', '2023-06-05', '2023-06-06', '0', '5000', 'KH000002'),
('2020-01-04 13:53:58', '2', '2020-01-05', '2020-01-06', '2', '2000', 'KH000003'),
('2020-10-13 22:37:02', '3', '2020-10-14', '2020-10-15', '3', '3000', 'KH000003'),
('2020-09-09 04:44:25', '6', '2020-09-10', '2020-09-11', '2', '6000', 'KH000003'),
('2023-06-17 13:45:22', '2', '2023-06-18', '2023-06-19', '3', '2000', 'KH000003'),
('2020-07-01 01:25:50', '6', '2020-07-02', '2020-07-03', '0', '6000', 'KH000003'),
('2020-07-11 11:20:22', '4', '2020-07-12', '2020-07-13', '0', '4000', 'KH000004'),
('2020-12-22 19:49:42', '7', '2020-12-23', '2020-12-24', '3', '7000', 'KH000004'),
('2020-07-21 05:51:48', '5', '2020-07-22', '2020-07-23', '3', '5000', 'KH000004'),
('2020-01-18 16:13:06', '4', '2020-01-19', '2020-01-20', '2', '4000', 'KH000004'),
('2023-10-19 20:26:22', '8', '2023-10-20', '2023-10-21', '2', '8000', 'KH000004'),
('2022-09-08 05:09:36', '4', '2022-09-09', '2022-09-10', '3', '4000', 'KH000005'),
('2021-05-13 04:53:50', '5', '2021-05-14', '2021-05-15', '3', '5000', 'KH000005'),
('2020-01-03 22:27:21', '8', '2020-01-04', '2020-01-05', '2', '8000', 'KH000005'),
('2020-05-12 12:53:10', '2', '2020-05-13', '2020-05-14', '0', '2000', 'KH000005'),
('2020-10-19 14:08:29', '7', '2020-10-20', '2020-10-21', '2', '7000', 'KH000005'),
('2021-02-18 09:20:41', '5', '2021-02-19', '2021-02-20', '2', '5000', 'KH000006'),
('2020-05-09 02:59:40', '8', '2020-05-10', '2020-05-11', '2', '8000', 'KH000006'),
('2020-08-06 04:55:13', '4', '2020-08-07', '2020-08-08', '2', '4000', 'KH000006'),
('2022-11-05 10:27:11', '2', '2022-11-06', '2022-11-07', '2', '2000', 'KH000006'),
('2022-10-07 08:18:00', '7', '2022-10-08', '2022-10-09', '0', '7000', 'KH000006'),
('2022-05-05 23:57:33', '2', '2022-05-06', '2022-05-07', '2', '2000', 'KH000007'),
('2022-09-14 13:40:08', '2', '2022-09-15', '2022-09-16', '2', '2000', 'KH000007'),
('2022-04-17 06:35:11', '2', '2022-04-18', '2022-04-19', '0', '2000', 'KH000007'),
('2020-03-09 02:02:45', '4', '2020-03-10', '2020-03-11', '0', '4000', 'KH000007'),
('2020-10-12 18:19:45', '6', '2020-10-13', '2020-10-14', '2', '6000', 'KH000007'),
('2022-06-18 08:38:39', '7', '2022-06-19', '2022-06-20', '2', '7000', 'KH000008'),
('2022-07-08 04:15:54', '8', '2022-07-09', '2022-07-10', '0', '8000', 'KH000008'),
('2021-04-06 13:48:57', '4', '2021-04-07', '2021-04-08', '0', '4000', 'KH000008'),
('2022-05-08 07:37:45', '8', '2022-05-09', '2022-05-10', '2', '8000', 'KH000008'),
('2021-08-07 01:15:41', '2', '2021-08-08', '2021-08-09', '0', '2000', 'KH000008'),
('2022-09-06 14:23:01', '3', '2022-09-07', '2022-09-08', '0', '3000', 'KH000009'),
('2020-11-10 05:25:04', '2', '2020-11-11', '2020-11-12', '0', '2000', 'KH000009'),
('2023-07-25 19:21:27', '5', '2023-07-26', '2023-07-27', '2', '5000', 'KH000009'),
('2021-08-12 07:33:01', '7', '2021-08-13', '2021-08-14', '3', '7000', 'KH000009'),
('2020-07-10 15:25:54', '8', '2020-07-11', '2020-07-12', '3', '8000', 'KH000009'),
('2021-08-02 00:56:10', '3', '2021-08-03', '2021-08-04', '2', '3000', 'KH000010'),
('2023-02-02 16:40:17', '4', '2023-02-03', '2023-02-04', '0', '4000', 'KH000010'),
('2022-01-11 22:35:07', '6', '2022-01-12', '2022-01-13', '3', '6000', 'KH000010'),
('2021-03-08 13:04:00', '7', '2021-03-09', '2021-03-10', '3', '7000', 'KH000010'),
('2020-12-03 20:15:41', '3', '2020-12-04', '2020-12-05', '2', '3000', 'KH000010'),
('2022-01-20 02:38:39', '6', '2022-01-21', '2022-01-22', '3', '6000', 'KH000011'),
('2021-06-08 09:58:21', '7', '2021-06-09', '2021-06-10', '3', '7000', 'KH000011'),
('2022-07-08 12:44:54', '8', '2022-07-09', '2022-07-10', '0', '8000', 'KH000011'),
('2022-02-01 17:13:04', '8', '2022-02-02', '2022-02-03', '3', '8000', 'KH000011'),
('2022-06-07 19:14:49', '8', '2022-06-08', '2022-06-09', '3', '8000', 'KH000011'),
('2020-01-20 07:50:40', '6', '2020-01-21', '2020-01-22', '0', '6000', 'KH000012'),
('2023-08-17 18:50:06', '5', '2023-08-18', '2023-08-19', '3', '5000', 'KH000012'),
('2023-01-13 09:33:18', '5', '2023-01-14', '2023-01-15', '3', '5000', 'KH000012'),
('2021-08-24 14:30:38', '8', '2021-08-25', '2021-08-26', '0', '8000', 'KH000012'),
('2021-03-22 04:46:02', '8', '2021-03-23', '2021-03-24', '3', '8000', 'KH000012'),
('2021-11-12 09:38:11', '6', '2021-11-13', '2021-11-14', '3', '6000', 'KH000013'),
('2020-02-24 05:10:59', '7', '2020-02-25', '2020-02-26', '2', '7000', 'KH000013'),
('2020-01-07 20:03:38', '3', '2020-01-08', '2020-01-09', '3', '3000', 'KH000013'),
('2023-07-17 18:44:26', '2', '2023-07-18', '2023-07-19', '3', '2000', 'KH000013'),
('2021-06-19 03:05:56', '6', '2021-06-20', '2021-06-21', '3', '6000', 'KH000013'),
('2020-04-24 14:21:02', '8', '2020-04-25', '2020-04-26', '0', '8000', 'KH000014'),
('2020-12-07 13:55:14', '2', '2020-12-08', '2020-12-09', '2', '2000', 'KH000014'),
('2021-04-09 12:14:29', '3', '2021-04-10', '2021-04-11', '3', '3000', 'KH000014'),
('2021-10-17 20:36:08', '8', '2021-10-18', '2021-10-19', '3', '8000', 'KH000014'),
('2022-08-14 01:01:24', '6', '2022-08-15', '2022-08-16', '2', '6000', 'KH000014'),
('2021-05-25 14:28:42', '8', '2021-05-26', '2021-05-27', '3', '8000', 'KH000015'),
('2020-07-25 16:44:15', '8', '2020-07-26', '2020-07-27', '3', '8000', 'KH000015'),
('2023-09-23 16:10:21', '7', '2023-09-24', '2023-09-25', '2', '7000', 'KH000015'),
('2021-03-25 06:05:22', '8', '2021-03-26', '2021-03-27', '0', '8000', 'KH000015'),
('2022-08-21 21:20:37', '4', '2022-08-22', '2022-08-23', '0', '4000', 'KH000015'),
('2020-01-09 03:52:20', '8', '2020-01-10', '2020-01-11', '3', '8000', 'KH000016'),
('2022-06-14 05:33:40', '4', '2022-06-15', '2022-06-16', '3', '4000', 'KH000016'),
('2021-01-22 09:27:11', '7', '2021-01-23', '2021-01-24', '0', '7000', 'KH000016'),
('2022-04-12 05:19:16', '7', '2022-04-13', '2022-04-14', '0', '7000', 'KH000016'),
('2022-06-10 14:00:36', '7', '2022-06-11', '2022-06-12', '2', '7000', 'KH000016'),
('2022-09-04 22:32:49', '4', '2022-09-05', '2022-09-06', '3', '4000', 'KH000017'),
('2020-05-13 17:44:51', '4', '2020-05-14', '2020-05-15', '0', '4000', 'KH000017'),
('2021-04-14 10:07:31', '2', '2021-04-15', '2021-04-16', '2', '2000', 'KH000017'),
('2023-04-22 02:48:44', '6', '2023-04-23', '2023-04-24', '0', '6000', 'KH000017'),
('2020-06-22 20:19:16', '7', '2020-06-23', '2020-06-24', '3', '7000', 'KH000017'),
('2020-05-26 21:31:37', '6', '2020-05-27', '2020-05-28', '3', '6000', 'KH000018'),
('2023-08-16 12:35:11', '7', '2023-08-17', '2023-08-18', '0', '7000', 'KH000018'),
('2022-11-15 04:54:48', '5', '2022-11-16', '2022-11-17', '2', '5000', 'KH000018'),
('2022-02-22 16:48:05', '2', '2022-02-23', '2022-02-24', '3', '2000', 'KH000018'),
('2020-01-15 03:55:01', '2', '2020-01-16', '2020-01-17', '2', '2000', 'KH000018'),
('2020-02-08 14:40:51', '4', '2020-02-09', '2020-02-10', '0', '4000', 'KH000019'),
('2021-11-25 22:08:06', '3', '2021-11-26', '2021-11-27', '2', '3000', 'KH000019'),
('2023-10-17 18:27:46', '8', '2023-10-18', '2023-10-19', '0', '8000', 'KH000019'),
('2023-06-10 22:45:24', '5', '2023-06-11', '2023-06-12', '3', '5000', 'KH000019'),
('2023-02-19 09:06:20', '2', '2023-02-20', '2023-02-21', '3', '2000', 'KH000019'),
('2023-05-25 06:21:41', '3', '2023-05-26', '2023-05-27', '3', '3000', 'KH000020'),
('2022-10-01 23:33:12', '7', '2022-10-02', '2022-10-03', '2', '7000', 'KH000020'),
('2023-02-19 20:44:24', '7', '2023-02-20', '2023-02-21', '2', '7000', 'KH000020'),
('2023-05-21 20:14:51', '5', '2023-05-22', '2023-05-23', '2', '5000', 'KH000020'),
('2023-10-15 15:20:30', '7', '2023-10-16', '2023-10-17', '0', '7000', 'KH000020'),
('2023-02-05 01:24:12', '3', '2023-02-06', '2023-02-07', '0', '3000', 'KH000021'),
('2023-06-20 20:05:06', '3', '2023-06-21', '2023-06-22', '3', '3000', 'KH000021'),
('2023-12-24 19:46:27', '4', '2023-12-25', '2023-12-26', '2', '4000', 'KH000021'),
('2022-01-19 11:28:09', '7', '2022-01-20', '2022-01-21', '0', '7000', 'KH000021'),
('2022-02-04 00:42:57', '8', '2022-02-05', '2022-02-06', '0', '8000', 'KH000021'),
('2021-04-07 23:54:59', '8', '2021-04-08', '2021-04-09', '2', '8000', 'KH000022'),
('2022-12-10 22:21:38', '6', '2022-12-11', '2022-12-12', '2', '6000', 'KH000022'),
('2022-07-12 16:15:59', '5', '2022-07-13', '2022-07-14', '3', '5000', 'KH000022'),
('2023-04-07 00:39:15', '4', '2023-04-08', '2023-04-09', '3', '4000', 'KH000022'),
('2022-01-11 20:43:50', '7', '2022-01-12', '2022-01-13', '0', '7000', 'KH000022'),
('2023-08-23 14:06:43', '7', '2023-08-24', '2023-08-25', '2', '7000', 'KH000023'),
('2020-01-14 18:47:32', '4', '2020-01-15', '2020-01-16', '2', '4000', 'KH000023'),
('2021-04-20 07:53:13', '4', '2021-04-21', '2021-04-22', '3', '4000', 'KH000023'),
('2020-07-10 07:14:08', '3', '2020-07-11', '2020-07-12', '0', '3000', 'KH000023'),
('2022-08-07 17:13:26', '3', '2022-08-08', '2022-08-09', '3', '3000', 'KH000023'),
('2021-04-11 14:40:25', '3', '2021-04-12', '2021-04-13', '3', '3000', 'KH000024'),
('2020-01-24 17:52:42', '5', '2020-01-25', '2020-01-26', '2', '5000', 'KH000024'),
('2022-02-11 13:52:41', '7', '2022-02-12', '2022-02-13', '2', '7000', 'KH000024'),
('2021-08-09 07:21:46', '2', '2021-08-10', '2021-08-11', '2', '2000', 'KH000024'),
('2022-03-24 04:45:19', '5', '2022-03-25', '2022-03-26', '3', '5000', 'KH000024'),
('2021-01-12 11:50:40', '7', '2021-01-13', '2021-01-14', '3', '7000', 'KH000025'),
('2022-07-25 21:52:17', '8', '2022-07-26', '2022-07-27', '0', '8000', 'KH000025'),
('2022-07-22 00:10:17', '6', '2022-07-23', '2022-07-24', '3', '6000', 'KH000025'),
('2021-05-25 14:39:06', '7', '2021-05-26', '2021-05-27', '0', '7000', 'KH000025'),
('2023-12-13 06:05:50', '4', '2023-12-14', '2023-12-15', '2', '4000', 'KH000025'),
('2023-06-10 03:06:05', '8', '2023-06-11', '2023-06-12', '2', '8000', 'KH000026'),
('2021-11-18 05:06:54', '3', '2021-11-19', '2021-11-20', '3', '3000', 'KH000026'),
('2023-05-01 15:16:29', '4', '2023-05-02', '2023-05-03', '0', '4000', 'KH000026'),
('2021-10-17 11:24:44', '2', '2021-10-18', '2021-10-19', '0', '2000', 'KH000026'),
('2020-10-25 08:45:35', '3', '2020-10-26', '2020-10-27', '0', '3000', 'KH000026'),
('2022-04-17 10:50:38', '4', '2022-04-18', '2022-04-19', '3', '4000', 'KH000027'),
('2022-01-17 10:48:25', '6', '2022-01-18', '2022-01-19', '3', '6000', 'KH000027'),
('2021-03-21 02:23:54', '8', '2021-03-22', '2021-03-23', '0', '8000', 'KH000027'),
('2021-09-13 10:26:28', '7', '2021-09-14', '2021-09-15', '0', '7000', 'KH000027'),
('2023-10-15 16:06:15', '3', '2023-10-16', '2023-10-17', '2', '3000', 'KH000027'),
('2021-05-04 21:28:32', '5', '2021-05-05', '2021-05-06', '3', '5000', 'KH000028'),
('2021-02-18 22:38:08', '2', '2021-02-19', '2021-02-20', '3', '2000', 'KH000028'),
('2021-05-16 17:42:25', '2', '2021-05-17', '2021-05-18', '3', '2000', 'KH000028'),
('2020-07-12 12:36:13', '7', '2020-07-13', '2020-07-14', '2', '7000', 'KH000028'),
('2021-09-06 10:15:24', '7', '2021-09-07', '2021-09-08', '2', '7000', 'KH000028'),
('2020-02-17 15:43:49', '3', '2020-02-18', '2020-02-19', '0', '3000', 'KH000029'),
('2022-03-24 17:33:03', '2', '2022-03-25', '2022-03-26', '0', '2000', 'KH000029'),
('2023-04-12 21:21:29', '8', '2023-04-13', '2023-04-14', '3', '8000', 'KH000029'),
('2021-08-19 02:16:36', '5', '2021-08-20', '2021-08-21', '3', '5000', 'KH000029'),
('2023-04-22 01:22:21', '7', '2023-04-23', '2023-04-24', '3', '7000', 'KH000029'),
('2021-10-05 16:44:04', '6', '2021-10-06', '2021-10-07', '2', '6000', 'KH000030'),
('2020-02-03 22:13:26', '8', '2020-02-04', '2020-02-05', '3', '8000', 'KH000030'),
('2020-05-12 01:12:07', '5', '2020-05-13', '2020-05-14', '3', '5000', 'KH000030'),
('2021-08-02 22:29:44', '3', '2021-08-03', '2021-08-04', '0', '3000', 'KH000030'),
('2021-03-01 16:16:06', '7', '2021-03-02', '2021-03-03', '3', '7000', 'KH000030'),
('2023-10-04 17:57:50', '4', '2023-10-05', '2023-10-06', '0', '4000', 'KH000031'),
('2023-03-08 07:52:22', '5', '2023-03-09', '2023-03-10', '2', '5000', 'KH000031'),
('2021-02-03 12:18:24', '4', '2021-02-04', '2021-02-05', '2', '4000', 'KH000031'),
('2022-09-22 03:29:05', '2', '2022-09-23', '2022-09-24', '3', '2000', 'KH000031'),
('2020-11-10 07:25:28', '5', '2020-11-11', '2020-11-12', '0', '5000', 'KH000031'),
('2022-11-16 06:13:05', '6', '2022-11-17', '2022-11-18', '0', '6000', 'KH000032'),
('2021-04-16 19:19:36', '2', '2021-04-17', '2021-04-18', '2', '2000', 'KH000032'),
('2020-02-01 05:06:32', '2', '2020-02-02', '2020-02-03', '3', '2000', 'KH000032'),
('2021-07-20 08:55:57', '5', '2021-07-21', '2021-07-22', '2', '5000', 'KH000032'),
('2020-04-15 21:27:06', '2', '2020-04-16', '2020-04-17', '3', '2000', 'KH000032'),
('2022-01-25 15:08:21', '4', '2022-01-26', '2022-01-27', '3', '4000', 'KH000033'),
('2020-02-08 14:35:40', '2', '2020-02-09', '2020-02-10', '0', '2000', 'KH000033'),
('2020-05-05 19:42:25', '7', '2020-05-06', '2020-05-07', '2', '7000', 'KH000033'),
('2020-08-22 19:18:26', '6', '2020-08-23', '2020-08-24', '3', '6000', 'KH000033'),
('2022-05-16 10:20:40', '6', '2022-05-17', '2022-05-18', '2', '6000', 'KH000033'),
('2021-06-04 17:04:51', '7', '2021-06-05', '2021-06-06', '2', '7000', 'KH000034'),
('2020-09-24 10:03:53', '3', '2020-09-25', '2020-09-26', '2', '3000', 'KH000034'),
('2020-11-18 05:17:31', '4', '2020-11-19', '2020-11-20', '3', '4000', 'KH000034'),
('2022-07-12 06:18:54', '3', '2022-07-13', '2022-07-14', '2', '3000', 'KH000034'),
('2020-11-05 00:31:35', '5', '2020-11-06', '2020-11-07', '3', '5000', 'KH000034'),
('2023-05-05 20:00:13', '3', '2023-05-06', '2023-05-07', '3', '3000', 'KH000035'),
('2020-10-08 09:25:00', '2', '2020-10-09', '2020-10-10', '0', '2000', 'KH000035'),
('2022-10-01 08:23:46', '3', '2022-10-02', '2022-10-03', '3', '3000', 'KH000035'),
('2020-11-08 18:32:27', '7', '2020-11-09', '2020-11-10', '2', '7000', 'KH000035'),
('2022-09-19 13:37:42', '5', '2022-09-20', '2022-09-21', '3', '5000', 'KH000035'),
('2021-07-18 10:04:13', '7', '2021-07-19', '2021-07-20', '2', '7000', 'KH000036'),
('2020-06-09 12:59:14', '3', '2020-06-10', '2020-06-11', '0', '3000', 'KH000036'),
('2022-03-18 10:40:47', '2', '2022-03-19', '2022-03-20', '0', '2000', 'KH000036'),
('2021-03-18 12:27:25', '6', '2021-03-19', '2021-03-20', '2', '6000', 'KH000036'),
('2023-01-12 07:57:24', '2', '2023-01-13', '2023-01-14', '3', '2000', 'KH000036'),
('2021-10-22 22:49:15', '7', '2021-10-23', '2021-10-24', '3', '7000', 'KH000037'),
('2022-07-07 22:04:55', '7', '2022-07-08', '2022-07-09', '3', '7000', 'KH000037'),
('2023-01-09 21:28:56', '7', '2023-01-10', '2023-01-11', '2', '7000', 'KH000037'),
('2023-03-16 09:31:24', '6', '2023-03-17', '2023-03-18', '3', '6000', 'KH000037'),
('2022-12-24 00:00:18', '3', '2022-12-25', '2022-12-26', '0', '3000', 'KH000037'),
('2022-05-15 09:40:26', '7', '2022-05-16', '2022-05-17', '2', '7000', 'KH000038'),
('2021-06-15 07:22:13', '7', '2021-06-16', '2021-06-17', '2', '7000', 'KH000038'),
('2023-02-17 10:04:59', '4', '2023-02-18', '2023-02-19', '3', '4000', 'KH000038'),
('2023-07-19 01:17:03', '3', '2023-07-20', '2023-07-21', '0', '3000', 'KH000038'),
('2022-02-07 12:28:16', '4', '2022-02-08', '2022-02-09', '2', '4000', 'KH000038'),
('2022-08-22 07:10:04', '2', '2022-08-23', '2022-08-24', '3', '2000', 'KH000039'),
('2021-04-18 09:07:02', '7', '2021-04-19', '2021-04-20', '0', '7000', 'KH000039'),
('2021-08-10 11:53:35', '5', '2021-08-11', '2021-08-12', '2', '5000', 'KH000039'),
('2023-10-03 07:52:36', '5', '2023-10-04', '2023-10-05', '2', '5000', 'KH000039'),
('2023-06-20 00:55:07', '8', '2023-06-21', '2023-06-22', '2', '8000', 'KH000039'),
('2022-04-08 22:22:11', '2', '2022-04-09', '2022-04-10', '0', '2000', 'KH000040'),
('2021-09-11 07:49:34', '5', '2021-09-12', '2021-09-13', '0', '5000', 'KH000040'),
('2020-07-09 04:40:17', '2', '2020-07-10', '2020-07-11', '3', '2000', 'KH000040'),
('2022-12-07 18:42:32', '7', '2022-12-08', '2022-12-09', '0', '7000', 'KH000040'),
('2021-01-06 21:02:09', '4', '2021-01-07', '2021-01-08', '2', '4000', 'KH000040'),
('2023-11-03 03:12:17', '4', '2023-11-04', '2023-11-05', '2', '4000', 'KH000041'),
('2022-04-14 10:26:15', '2', '2022-04-15', '2022-04-16', '3', '2000', 'KH000041'),
('2021-05-15 13:14:13', '4', '2021-05-16', '2021-05-17', '3', '4000', 'KH000041'),
('2020-07-11 05:36:19', '2', '2020-07-12', '2020-07-13', '2', '2000', 'KH000041'),
('2021-04-15 00:10:24', '3', '2021-04-16', '2021-04-17', '0', '3000', 'KH000041'),
('2021-02-16 10:01:30', '6', '2021-02-17', '2021-02-18', '3', '6000', 'KH000042'),
('2023-05-15 22:56:08', '7', '2023-05-16', '2023-05-17', '3', '7000', 'KH000042'),
('2023-08-17 11:02:17', '8', '2023-08-18', '2023-08-19', '2', '8000', 'KH000042'),
('2021-02-09 11:11:35', '2', '2021-02-10', '2021-02-11', '0', '2000', 'KH000042'),
('2023-05-14 01:43:35', '2', '2023-05-15', '2023-05-16', '3', '2000', 'KH000042'),
('2021-09-15 17:43:16', '5', '2021-09-16', '2021-09-17', '3', '5000', 'KH000043'),
('2022-08-09 20:14:41', '6', '2022-08-10', '2022-08-11', '0', '6000', 'KH000043'),
('2020-10-14 16:43:47', '2', '2020-10-15', '2020-10-16', '0', '2000', 'KH000043'),
('2022-11-24 20:15:14', '5', '2022-11-25', '2022-11-26', '2', '5000', 'KH000043'),
('2022-06-18 15:32:00', '8', '2022-06-19', '2022-06-20', '0', '8000', 'KH000043'),
('2023-02-03 15:36:03', '3', '2023-02-04', '2023-02-05', '2', '3000', 'KH000044'),
('2022-09-05 09:55:26', '2', '2022-09-06', '2022-09-07', '3', '2000', 'KH000044'),
('2020-07-01 22:06:41', '2', '2020-07-02', '2020-07-03', '2', '2000', 'KH000044'),
('2020-01-11 13:01:04', '5', '2020-01-12', '2020-01-13', '0', '5000', 'KH000044'),
('2022-02-02 04:32:53', '2', '2022-02-03', '2022-02-04', '2', '2000', 'KH000044'),
('2021-02-20 14:48:18', '8', '2021-02-21', '2021-02-22', '3', '8000', 'KH000045'),
('2022-02-12 13:24:43', '5', '2022-02-13', '2022-02-14', '0', '5000', 'KH000045'),
('2020-02-14 11:51:26', '7', '2020-02-15', '2020-02-16', '0', '7000', 'KH000045'),
('2023-08-21 00:11:24', '4', '2023-08-22', '2023-08-23', '0', '4000', 'KH000045'),
('2020-09-23 06:13:39', '3', '2020-09-24', '2020-09-25', '3', '3000', 'KH000045'),
('2021-06-02 23:09:50', '4', '2021-06-03', '2021-06-04', '2', '4000', 'KH000046'),
('2021-10-07 16:21:02', '2', '2021-10-08', '2021-10-09', '3', '2000', 'KH000046'),
('2020-06-01 04:43:09', '4', '2020-06-02', '2020-06-03', '3', '4000', 'KH000046'),
('2021-06-13 07:53:26', '8', '2021-06-14', '2021-06-15', '2', '8000', 'KH000046'),
('2023-01-09 18:00:19', '5', '2023-01-10', '2023-01-11', '3', '5000', 'KH000046'),
('2021-08-03 04:58:59', '3', '2021-08-04', '2021-08-05', '3', '3000', 'KH000047'),
('2020-04-26 04:42:44', '4', '2020-04-27', '2020-04-28', '0', '4000', 'KH000047'),
('2021-08-12 01:32:57', '4', '2021-08-13', '2021-08-14', '3', '4000', 'KH000047'),
('2022-03-08 15:23:03', '4', '2022-03-09', '2022-03-10', '3', '4000', 'KH000047'),
('2022-06-08 08:12:50', '8', '2022-06-09', '2022-06-10', '3', '8000', 'KH000047'),
('2022-02-08 02:38:57', '3', '2022-02-09', '2022-02-10', '0', '3000', 'KH000048'),
('2020-10-22 02:16:21', '7', '2020-10-23', '2020-10-24', '0', '7000', 'KH000048'),
('2020-09-26 04:19:21', '5', '2020-09-27', '2020-09-28', '3', '5000', 'KH000048'),
('2021-09-05 07:15:09', '7', '2021-09-06', '2021-09-07', '0', '7000', 'KH000048'),
('2022-09-19 14:08:14', '2', '2022-09-20', '2022-09-21', '3', '2000', 'KH000048'),
('2022-12-25 18:19:23', '7', '2022-12-26', '2022-12-27', '2', '7000', 'KH000049'),
('2020-04-24 04:38:20', '2', '2020-04-25', '2020-04-26', '3', '2000', 'KH000049'),
('2020-09-26 04:20:25', '7', '2020-09-27', '2020-09-28', '2', '7000', 'KH000049'),
('2022-07-10 09:12:29', '3', '2022-07-11', '2022-07-12', '2', '3000', 'KH000049'),
('2021-06-23 22:43:19', '3', '2021-06-24', '2021-06-25', '0', '3000', 'KH000049'),
('2023-01-12 21:21:42', '4', '2023-01-13', '2023-01-14', '3', '4000', 'KH000050'),
('2021-10-05 12:52:20', '6', '2021-10-06', '2021-10-07', '2', '6000', 'KH000050'),
('2021-05-03 09:27:10', '3', '2021-05-04', '2021-05-05', '0', '3000', 'KH000050'),
('2021-11-22 20:31:57', '3', '2021-11-23', '2021-11-24', '0', '3000', 'KH000050'),
('2022-08-18 16:43:15', '4', '2022-08-19', '2022-08-20', '0', '4000', 'KH000050'),
('2020-08-23 08:22:48', '3', '2020-08-24', '2020-08-25', '3', '3000', 'KH000051'),
('2022-08-08 02:25:33', '3', '2022-08-09', '2022-08-10', '3', '3000', 'KH000051'),
('2022-07-20 14:32:41', '7', '2022-07-21', '2022-07-22', '0', '7000', 'KH000051'),
('2022-01-21 05:51:02', '2', '2022-01-22', '2022-01-23', '3', '2000', 'KH000051'),
('2022-10-17 14:38:49', '4', '2022-10-18', '2022-10-19', '2', '4000', 'KH000051'),
('2022-04-14 07:32:14', '3', '2022-04-15', '2022-04-16', '3', '3000', 'KH000052'),
('2021-02-12 06:50:03', '2', '2021-02-13', '2021-02-14', '0', '2000', 'KH000052'),
('2023-04-14 00:53:34', '7', '2023-04-15', '2023-04-16', '3', '7000', 'KH000052'),
('2020-10-09 05:37:39', '2', '2020-10-10', '2020-10-11', '2', '2000', 'KH000052'),
('2020-02-18 06:32:46', '5', '2020-02-19', '2020-02-20', '2', '5000', 'KH000052'),
('2020-09-01 04:10:04', '3', '2020-09-02', '2020-09-03', '3', '3000', 'KH000053'),
('2023-08-24 00:49:49', '7', '2023-08-25', '2023-08-26', '3', '7000', 'KH000053'),
('2021-05-15 09:06:44', '8', '2021-05-16', '2021-05-17', '2', '8000', 'KH000053'),
('2020-02-04 00:31:41', '6', '2020-02-05', '2020-02-06', '2', '6000', 'KH000053'),
('2022-11-06 19:06:31', '2', '2022-11-07', '2022-11-08', '3', '2000', 'KH000053'),
('2022-01-13 01:27:19', '4', '2022-01-14', '2022-01-15', '0', '4000', 'KH000054'),
('2020-12-05 12:57:06', '4', '2020-12-06', '2020-12-07', '2', '4000', 'KH000054'),
('2022-06-10 02:13:08', '3', '2022-06-11', '2022-06-12', '2', '3000', 'KH000054'),
('2022-08-10 17:00:24', '5', '2022-08-11', '2022-08-12', '2', '5000', 'KH000054'),
('2023-12-20 09:13:41', '5', '2023-12-21', '2023-12-22', '3', '5000', 'KH000054'),
('2023-07-07 12:20:22', '2', '2023-07-08', '2023-07-09', '0', '2000', 'KH000055'),
('2023-05-18 16:12:14', '3', '2023-05-19', '2023-05-20', '3', '3000', 'KH000055'),
('2022-05-12 15:26:02', '2', '2022-05-13', '2022-05-14', '2', '2000', 'KH000055'),
('2020-10-23 01:01:24', '4', '2020-10-24', '2020-10-25', '2', '4000', 'KH000055'),
('2021-05-15 21:13:08', '8', '2021-05-16', '2021-05-17', '3', '8000', 'KH000055'),
('2021-10-02 16:57:38', '7', '2021-10-03', '2021-10-04', '2', '7000', 'KH000056'),
('2021-11-07 16:46:07', '2', '2021-11-08', '2021-11-09', '2', '2000', 'KH000056'),
('2021-05-09 15:07:09', '4', '2021-05-10', '2021-05-11', '3', '4000', 'KH000056'),
('2021-09-01 19:04:43', '8', '2021-09-02', '2021-09-03', '3', '8000', 'KH000056'),
('2023-11-15 20:40:37', '4', '2023-11-16', '2023-11-17', '3', '4000', 'KH000056'),
('2021-04-21 16:53:12', '6', '2021-04-22', '2021-04-23', '3', '6000', 'KH000057'),
('2021-01-01 14:31:54', '5', '2021-01-02', '2021-01-03', '0', '5000', 'KH000057'),
('2022-01-18 07:12:26', '6', '2022-01-19', '2022-01-20', '0', '6000', 'KH000057'),
('2023-01-16 07:00:05', '8', '2023-01-17', '2023-01-18', '2', '8000', 'KH000057'),
('2020-02-08 23:33:46', '3', '2020-02-09', '2020-02-10', '0', '3000', 'KH000057'),
('2020-02-02 15:32:38', '7', '2020-02-03', '2020-02-04', '2', '7000', 'KH000058'),
('2021-08-02 13:40:20', '7', '2021-08-03', '2021-08-04', '0', '7000', 'KH000058'),
('2023-05-24 19:10:32', '5', '2023-05-25', '2023-05-26', '0', '5000', 'KH000058'),
('2020-04-08 23:33:10', '6', '2020-04-09', '2020-04-10', '2', '6000', 'KH000058'),
('2020-08-21 01:41:05', '3', '2020-08-22', '2020-08-23', '3', '3000', 'KH000058'),
('2023-07-03 15:31:54', '7', '2023-07-04', '2023-07-05', '0', '7000', 'KH000059'),
('2022-02-14 05:23:37', '7', '2022-02-15', '2022-02-16', '0', '7000', 'KH000059'),
('2023-05-25 07:48:28', '8', '2023-05-26', '2023-05-27', '3', '8000', 'KH000059'),
('2023-05-16 11:18:52', '4', '2023-05-17', '2023-05-18', '2', '4000', 'KH000059'),
('2021-01-09 17:13:31', '2', '2021-01-10', '2021-01-11', '0', '2000', 'KH000059'),
('2022-10-08 15:31:01', '3', '2022-10-09', '2022-10-10', '3', '3000', 'KH000060'),
('2022-11-20 03:41:20', '4', '2022-11-21', '2022-11-22', '3', '4000', 'KH000060'),
('2021-06-11 15:02:50', '7', '2021-06-12', '2021-06-13', '2', '7000', 'KH000060'),
('2022-02-18 08:08:49', '6', '2022-02-19', '2022-02-20', '2', '6000', 'KH000060'),
('2023-12-05 17:27:14', '2', '2023-12-06', '2023-12-07', '3', '2000', 'KH000060'),
('2021-01-15 15:12:44', '2', '2021-01-16', '2021-01-17', '3', '2000', 'KH000061'),
('2023-11-07 10:37:01', '8', '2023-11-08', '2023-11-09', '2', '8000', 'KH000061'),
('2023-03-11 05:38:47', '6', '2023-03-12', '2023-03-13', '2', '6000', 'KH000061'),
('2021-02-25 21:13:13', '5', '2021-02-26', '2021-02-27', '0', '5000', 'KH000061'),
('2022-04-08 04:56:34', '8', '2022-04-09', '2022-04-10', '3', '8000', 'KH000061'),
('2022-06-01 10:06:57', '2', '2022-06-02', '2022-06-03', '3', '2000', 'KH000062'),
('2023-07-23 12:28:27', '5', '2023-07-24', '2023-07-25', '2', '5000', 'KH000062'),
('2020-08-25 14:30:49', '5', '2020-08-26', '2020-08-27', '3', '5000', 'KH000062'),
('2021-10-01 03:53:45', '3', '2021-10-02', '2021-10-03', '0', '3000', 'KH000062'),
('2022-08-21 20:59:42', '4', '2022-08-22', '2022-08-23', '2', '4000', 'KH000062'),
('2022-03-17 23:47:58', '7', '2022-03-18', '2022-03-19', '2', '7000', 'KH000063'),
('2021-12-10 20:05:03', '6', '2021-12-11', '2021-12-12', '3', '6000', 'KH000063'),
('2021-04-05 01:41:18', '8', '2021-04-06', '2021-04-07', '0', '8000', 'KH000063'),
('2022-12-20 16:42:38', '5', '2022-12-21', '2022-12-22', '3', '5000', 'KH000063'),
('2020-09-05 04:31:27', '6', '2020-09-06', '2020-09-07', '3', '6000', 'KH000063'),
('2020-05-11 18:21:30', '5', '2020-05-12', '2020-05-13', '3', '5000', 'KH000064'),
('2022-05-24 12:06:53', '6', '2022-05-25', '2022-05-26', '3', '6000', 'KH000064'),
('2020-11-21 09:25:17', '3', '2020-11-22', '2020-11-23', '0', '3000', 'KH000064'),
('2020-01-03 22:02:42', '4', '2020-01-04', '2020-01-05', '2', '4000', 'KH000064'),
('2021-11-09 11:43:32', '5', '2021-11-10', '2021-11-11', '0', '5000', 'KH000064'),
('2020-05-01 13:35:26', '5', '2020-05-02', '2020-05-03', '3', '5000', 'KH000065'),
('2022-09-04 01:37:41', '7', '2022-09-05', '2022-09-06', '0', '7000', 'KH000065'),
('2022-08-01 05:47:21', '5', '2022-08-02', '2022-08-03', '2', '5000', 'KH000065'),
('2022-06-17 16:48:16', '4', '2022-06-18', '2022-06-19', '2', '4000', 'KH000065'),
('2021-11-07 11:11:01', '7', '2021-11-08', '2021-11-09', '2', '7000', 'KH000065'),
('2023-02-06 21:06:41', '4', '2023-02-07', '2023-02-08', '0', '4000', 'KH000066'),
('2020-12-18 18:00:18', '4', '2020-12-19', '2020-12-20', '3', '4000', 'KH000066'),
('2021-08-09 12:18:04', '7', '2021-08-10', '2021-08-11', '0', '7000', 'KH000066'),
('2022-06-06 09:03:38', '2', '2022-06-07', '2022-06-08', '3', '2000', 'KH000066'),
('2022-03-03 06:49:51', '5', '2022-03-04', '2022-03-05', '2', '5000', 'KH000066'),
('2023-02-22 08:26:42', '6', '2023-02-23', '2023-02-24', '2', '6000', 'KH000067'),
('2022-08-22 05:52:46', '5', '2022-08-23', '2022-08-24', '3', '5000', 'KH000067'),
('2023-02-24 07:40:47', '2', '2023-02-25', '2023-02-26', '2', '2000', 'KH000067'),
('2021-03-23 09:51:27', '5', '2021-03-24', '2021-03-25', '0', '5000', 'KH000067'),
('2022-03-26 18:29:42', '6', '2022-03-27', '2022-03-28', '2', '6000', 'KH000067'),
('2023-07-25 09:00:46', '4', '2023-07-26', '2023-07-27', '0', '4000', 'KH000068'),
('2020-08-17 10:41:37', '3', '2020-08-18', '2020-08-19', '2', '3000', 'KH000068'),
('2023-03-19 19:34:35', '5', '2023-03-20', '2023-03-21', '3', '5000', 'KH000068'),
('2021-01-15 22:07:01', '4', '2021-01-16', '2021-01-17', '0', '4000', 'KH000068'),
('2021-05-24 23:58:51', '3', '2021-05-25', '2021-05-26', '3', '3000', 'KH000068'),
('2020-07-23 12:12:40', '6', '2020-07-24', '2020-07-25', '3', '6000', 'KH000069'),
('2023-12-13 08:05:20', '5', '2023-12-14', '2023-12-15', '3', '5000', 'KH000069'),
('2021-02-09 06:40:56', '2', '2021-02-10', '2021-02-11', '2', '2000', 'KH000069'),
('2020-11-09 02:22:06', '6', '2020-11-10', '2020-11-11', '3', '6000', 'KH000069'),
('2023-06-20 04:46:33', '2', '2023-06-21', '2023-06-22', '3', '2000', 'KH000069'),
('2021-02-04 15:21:51', '6', '2021-02-05', '2021-02-06', '2', '6000', 'KH000070'),
('2023-01-11 02:51:49', '4', '2023-01-12', '2023-01-13', '3', '4000', 'KH000070'),
('2022-10-17 21:34:22', '3', '2022-10-18', '2022-10-19', '0', '3000', 'KH000070'),
('2021-03-04 21:19:34', '7', '2021-03-05', '2021-03-06', '2', '7000', 'KH000070'),
('2022-12-08 03:16:11', '3', '2022-12-09', '2022-12-10', '2', '3000', 'KH000070'),
('2020-08-15 15:00:25', '7', '2020-08-16', '2020-08-17', '3', '7000', 'KH000071'),
('2023-01-07 20:23:37', '7', '2023-01-08', '2023-01-09', '2', '7000', 'KH000071'),
('2023-09-14 19:25:25', '5', '2023-09-15', '2023-09-16', '3', '5000', 'KH000071'),
('2022-03-15 20:56:43', '8', '2022-03-16', '2022-03-17', '3', '8000', 'KH000071'),
('2021-03-17 09:04:12', '2', '2021-03-18', '2021-03-19', '0', '2000', 'KH000071'),
('2022-01-14 22:12:20', '7', '2022-01-15', '2022-01-16', '2', '7000', 'KH000072'),
('2021-09-10 21:16:52', '2', '2021-09-11', '2021-09-12', '2', '2000', 'KH000072'),
('2023-02-09 22:23:36', '8', '2023-02-10', '2023-02-11', '2', '8000', 'KH000072'),
('2021-07-01 05:41:02', '4', '2021-07-02', '2021-07-03', '3', '4000', 'KH000072'),
('2022-05-18 05:45:54', '4', '2022-05-19', '2022-05-20', '0', '4000', 'KH000072'),
('2020-02-21 12:19:35', '8', '2020-02-22', '2020-02-23', '3', '8000', 'KH000073'),
('2021-07-19 07:44:30', '3', '2021-07-20', '2021-07-21', '0', '3000', 'KH000073'),
('2020-07-12 15:44:42', '3', '2020-07-13', '2020-07-14', '2', '3000', 'KH000073'),
('2023-06-10 12:00:46', '5', '2023-06-11', '2023-06-12', '0', '5000', 'KH000073'),
('2020-04-24 06:39:19', '8', '2020-04-25', '2020-04-26', '0', '8000', 'KH000073'),
('2023-03-05 12:52:18', '5', '2023-03-06', '2023-03-07', '0', '5000', 'KH000074'),
('2021-03-04 08:26:09', '7', '2021-03-05', '2021-03-06', '2', '7000', 'KH000074'),
('2020-07-17 14:40:28', '4', '2020-07-18', '2020-07-19', '2', '4000', 'KH000074'),
('2021-05-05 03:46:34', '6', '2021-05-06', '2021-05-07', '3', '6000', 'KH000074'),
('2020-02-04 08:47:40', '5', '2020-02-05', '2020-02-06', '3', '5000', 'KH000074'),
('2020-01-13 09:29:45', '6', '2020-01-14', '2020-01-15', '3', '6000', 'KH000075'),
('2021-01-14 13:11:28', '7', '2021-01-15', '2021-01-16', '2', '7000', 'KH000075'),
('2022-06-14 11:26:47', '6', '2022-06-15', '2022-06-16', '3', '6000', 'KH000075'),
('2023-02-11 08:22:22', '4', '2023-02-12', '2023-02-13', '2', '4000', 'KH000075'),
('2023-03-14 13:37:00', '3', '2023-03-15', '2023-03-16', '2', '3000', 'KH000075'),
('2022-01-11 21:34:35', '5', '2022-01-12', '2022-01-13', '2', '5000', 'KH000076'),
('2021-08-03 23:25:39', '8', '2021-08-04', '2021-08-05', '2', '8000', 'KH000076'),
('2020-07-13 17:21:50', '7', '2020-07-14', '2020-07-15', '3', '7000', 'KH000076'),
('2020-10-02 12:04:20', '8', '2020-10-03', '2020-10-04', '3', '8000', 'KH000076'),
('2021-04-17 01:38:10', '5', '2021-04-18', '2021-04-19', '2', '5000', 'KH000076'),
('2023-10-01 10:48:22', '8', '2023-10-02', '2023-10-03', '3', '8000', 'KH000077'),
('2020-02-16 01:40:45', '8', '2020-02-17', '2020-02-18', '3', '8000', 'KH000077'),
('2020-01-24 01:31:39', '4', '2020-01-25', '2020-01-26', '2', '4000', 'KH000077'),
('2020-06-12 23:39:47', '7', '2020-06-13', '2020-06-14', '2', '7000', 'KH000077'),
('2021-10-14 19:31:30', '2', '2021-10-15', '2021-10-16', '2', '2000', 'KH000077'),
('2021-12-01 13:45:28', '4', '2021-12-02', '2021-12-03', '3', '4000', 'KH000078'),
('2022-01-13 12:45:02', '4', '2022-01-14', '2022-01-15', '3', '4000', 'KH000078'),
('2020-02-22 18:30:57', '7', '2020-02-23', '2020-02-24', '2', '7000', 'KH000078'),
('2023-12-16 12:24:44', '3', '2023-12-17', '2023-12-18', '3', '3000', 'KH000078'),
('2021-08-15 01:34:09', '7', '2021-08-16', '2021-08-17', '3', '7000', 'KH000078'),
('2023-11-26 02:13:44', '8', '2023-11-27', '2023-11-28', '3', '8000', 'KH000079'),
('2020-11-24 04:14:41', '3', '2020-11-25', '2020-11-26', '0', '3000', 'KH000079'),
('2023-02-11 01:58:42', '7', '2023-02-12', '2023-02-13', '0', '7000', 'KH000079'),
('2022-11-19 13:05:06', '3', '2022-11-20', '2022-11-21', '0', '3000', 'KH000079'),
('2023-04-07 22:46:44', '8', '2023-04-08', '2023-04-09', '3', '8000', 'KH000079'),
('2021-01-05 20:25:37', '5', '2021-01-06', '2021-01-07', '2', '5000', 'KH000080'),
('2022-04-03 22:53:44', '8', '2022-04-04', '2022-04-05', '3', '8000', 'KH000080'),
('2020-02-04 07:31:08', '4', '2020-02-05', '2020-02-06', '3', '4000', 'KH000080'),
('2020-11-05 12:57:08', '8', '2020-11-06', '2020-11-07', '0', '8000', 'KH000080'),
('2020-12-25 10:04:11', '7', '2020-12-26', '2020-12-27', '2', '7000', 'KH000080');